time_s,voltage_V,current_A,soc_thuc
0,3.5,-0.0002,0.0265
0,3.5,-0.0003,0.0265
0,3.5,0,0.0265
0,3.5,-0.0002,0.0265
0,3.5,-0.0002,0.0265
0,3.5,-0.0002,0.0265
0,3.5,0.0001,0.0265
0,3.5,-0.0001,0.0265
0,3.5,0.0001,0.0265
0,3.496,-0.0001,0.0265
0,3.496,0.0001,0.0265
0,3.496,-0.0001,0.0265
0.014,3.5,-0.0001,0.0265
0.014,3.496,-0.0001,0.0265
0.014,3.5,0.0001,0.0265
0.652,3.496,0,0.0265
1.658,3.496,-0.0001,0.0265
2.663,3.496,0,0.0265
3.665,3.5,0,0.0265
4.665,3.5,-0.0001,0.0265
5.664,3.5,0.0001,0.0265
6.652,3.5,-0.0002,0.0265
7.66,3.496,-0.0002,0.0265
8.666,3.5,-0.0001,0.0265
9.659,3.496,-0.0003,0.0265
10.666,3.58,0.9119,0.0267
11.658,3.584,0.9061,0.0269
12.666,3.584,0.9007,0.0271
13.66,3.588,0.8972,0.0274
14.666,3.588,0.8928,0.0276
15.658,3.592,0.8911,0.0278
16.661,3.596,0.8881,0.028
17.653,3.596,0.8834,0.0282
18.662,3.6,0.8829,0.0284
19.652,3.604,0.881,0.0286
20.662,3.608,0.8767,0.0288
21.65,3.604,0.8742,0.029
22.659,3.608,0.8754,0.0292
23.663,3.612,0.8713,0.0294
24.654,3.616,0.8698,0.0296
25.659,3.612,0.8686,0.0298
26.652,3.62,0.866,0.03
27.656,3.624,0.8672,0.0302
28.653,3.624,0.8632,0.0304
29.656,3.624,0.8635,0.0306
30.655,3.628,0.8645,0.0308
31.654,3.632,0.8591,0.031
32.656,3.628,0.8584,0.0312
33.666,3.632,0.8582,0.0314
34.66,3.636,0.8563,0.0316
35.65,3.636,0.853,0.0318
36.661,3.64,0.8529,0.032
37.666,3.64,0.853,0.0322
38.658,3.64,0.8513,0.0324
39.662,3.644,0.8502,0.0326
40.655,3.644,0.848,0.0328
41.658,3.648,0.8475,0.033
42.651,3.648,0.8457,0.0332
43.657,3.652,0.8458,0.0334
44.662,3.648,0.8433,0.0336
45.655,3.652,0.8405,0.0338
46.66,3.656,0.8428,0.034
47.653,3.66,0.8435,0.0341
48.656,3.66,0.84,0.0343
49.661,3.66,0.8391,0.0345
50.665,3.656,0.836,0.0347
51.65,3.664,0.8353,0.0349
52.654,3.66,0.8357,0.0351
53.657,3.664,0.8377,0.0353
54.65,3.664,0.8345,0.0355
55.656,3.672,0.8338,0.0357
56.665,3.668,0.8336,0.0359
57.649,3.672,0.8304,0.0361
58.649,3.672,0.831,0.0363
59.658,3.676,0.8317,0.0365
60.664,3.68,0.8285,0.0367
61.658,3.676,0.8272,0.0368
62.664,3.68,0.8302,0.037
63.657,3.68,0.8273,0.0372
64.649,3.684,0.8241,0.0374
65.653,3.68,0.8244,0.0376
66.658,3.684,0.824,0.0378
67.649,3.688,0.8239,0.038
68.658,3.688,0.8273,0.0382
69.65,3.688,0.8233,0.0384
70.658,3.692,0.8196,0.0386
71.663,3.692,0.8228,0.0388
72.655,3.692,0.8201,0.0389
73.649,3.696,0.8188,0.0391
74.659,3.692,0.8167,0.0393
75.649,3.696,0.8172,0.0395
76.656,3.696,0.8182,0.0397
77.649,3.696,0.8165,0.0399
78.655,3.696,0.8162,0.0401
79.664,3.7,0.8134,0.0403
80.648,3.704,0.8136,0.0405
81.649,3.7,0.8115,0.0406
82.656,3.704,0.812,0.0408
83.648,3.704,0.8128,0.041
84.657,3.708,0.8107,0.0412
85.664,3.708,0.8104,0.0414
86.656,3.708,0.8081,0.0416
87.663,3.708,0.809,0.0418
88.657,3.708,0.8101,0.042
89.664,3.712,0.8079,0.0421
90.657,3.712,0.8079,0.0423
91.661,3.716,0.8112,0.0425
92.656,3.716,0.8072,0.0427
93.661,3.716,0.8064,0.0429
94.649,3.72,0.8076,0.0431
95.649,3.72,0.8063,0.0433
96.661,3.72,0.8023,0.0435
97.663,3.72,0.8047,0.0436
98.65,3.72,0.8015,0.0438
99.654,3.728,0.7995,0.044
100.66,3.724,0.7997,0.0442
101.651,3.728,0.7995,0.0444
102.662,3.728,0.8004,0.0446
103.663,3.724,0.7989,0.0448
104.656,3.728,0.7979,0.0449
105.663,3.728,0.7994,0.0451
106.654,3.732,0.7967,0.0453
107.657,3.732,0.7982,0.0455
108.651,3.732,0.7987,0.0457
109.655,3.732,0.7944,0.0459
110.663,3.736,0.7961,0.046
111.657,3.736,0.7968,0.0462
112.648,3.736,0.7947,0.0464
113.658,3.736,0.7955,0.0466
114.662,3.74,0.7956,0.0468
115.651,3.74,0.7921,0.047
116.651,3.74,0.7947,0.0471
117.649,3.744,0.795,0.0473
118.648,3.74,0.7916,0.0475
119.657,3.744,0.792,0.0477
120.651,3.744,0.7936,0.0479
121.657,3.744,0.7887,0.0481
122.652,3.744,0.7897,0.0482
123.659,3.744,0.7903,0.0484
124.652,3.748,0.7889,0.0486
125.655,3.748,0.788,0.0488
126.649,3.748,0.7892,0.049
127.659,3.752,0.7851,0.0492
128.662,3.752,0.7877,0.0493
129.648,3.748,0.787,0.0495
130.654,3.752,0.7863,0.0497
131.662,3.756,0.787,0.0499
132.653,3.756,0.7852,0.0501
133.662,3.756,0.784,0.0503
134.652,3.756,0.7837,0.0504
135.662,3.76,0.7838,0.0506
136.657,3.756,0.7838,0.0508
137.658,3.756,0.7822,0.051
138.65,3.76,0.7845,0.0512
139.658,3.76,0.7828,0.0513
140.651,3.76,0.7814,0.0515
141.658,3.764,0.7839,0.0517
142.651,3.764,0.7835,0.0519
143.661,3.764,0.7803,0.0521
144.651,3.764,0.7844,0.0522
145.66,3.764,0.7806,0.0524
146.651,3.768,0.7812,0.0526
147.66,3.768,0.7814,0.0528
148.648,3.768,0.78,0.053
149.659,3.768,0.7804,0.0531
150.662,3.768,0.7761,0.0533
151.656,3.768,0.7767,0.0535
152.66,3.772,0.7763,0.0537
153.651,3.772,0.7784,0.0539
154.66,3.772,0.7741,0.054
155.648,3.772,0.7761,0.0542
156.656,3.772,0.7798,0.0544
157.648,3.776,0.7763,0.0546
158.658,3.776,0.775,0.0548
159.66,3.776,0.7748,0.0549
160.66,3.776,0.7755,0.0551
161.649,3.776,0.7747,0.0553
162.648,3.776,0.7727,0.0555
163.646,3.78,0.7727,0.0557
164.65,3.78,0.7707,0.0558
165.659,3.784,0.7728,0.056
166.65,3.784,0.7725,0.0562
167.647,3.784,0.775,0.0564
168.655,3.78,0.772,0.0566
169.651,3.784,0.7724,0.0567
170.658,3.784,0.772,0.0569
171.654,3.784,0.7687,0.0571
172.654,3.784,0.7698,0.0573
173.656,3.788,0.7679,0.0574
174.65,3.788,0.7715,0.0576
175.658,3.784,0.7689,0.0578
176.651,3.788,0.7724,0.058
177.65,3.792,0.7682,0.0582
178.648,3.792,0.7685,0.0583
179.652,3.792,0.7672,0.0585
180.651,3.792,0.7659,0.0587
181.655,3.792,0.7645,0.0589
182.651,3.796,0.7683,0.059
183.652,3.792,0.7684,0.0592
184.656,3.796,0.766,0.0594
185.646,3.796,0.7687,0.0596
186.656,3.796,0.7653,0.0598
187.66,3.796,0.7649,0.0599
188.649,3.796,0.7637,0.0601
189.653,3.796,0.7647,0.0603
190.647,3.8,0.7622,0.0605
191.65,3.8,0.7678,0.0606
192.658,3.8,0.7645,0.0608
193.651,3.8,0.7632,0.061
194.654,3.8,0.7618,0.0612
195.646,3.804,0.7617,0.0614
196.653,3.8,0.7618,0.0615
197.661,3.804,0.7665,0.0617
198.649,3.804,0.7623,0.0619
199.656,3.804,0.7613,0.0621
200.648,3.808,0.7591,0.0622
201.655,3.8,0.7595,0.0624
202.65,3.808,0.758,0.0626
203.654,3.804,0.7597,0.0628
204.647,3.808,0.7609,0.0629
205.651,3.808,0.7619,0.0631
206.66,3.812,0.7584,0.0633
207.646,3.808,0.7582,0.0635
208.654,3.812,0.7572,0.0636
209.646,3.808,0.7579,0.0638
210.65,3.812,0.7587,0.064
211.659,3.812,0.7608,0.0642
212.649,3.812,0.7567,0.0643
213.656,3.812,0.7561,0.0645
214.66,3.816,0.759,0.0647
215.651,3.812,0.7566,0.0649
216.658,3.816,0.7565,0.065
217.65,3.816,0.7577,0.0652
218.658,3.816,0.7551,0.0654
219.646,3.82,0.7537,0.0656
220.654,3.82,0.7586,0.0657
221.658,3.816,0.7566,0.0659
222.649,3.82,0.7549,0.0661
223.654,3.82,0.7546,0.0663
224.648,3.82,0.7534,0.0664
225.653,3.82,0.7517,0.0666
226.654,3.82,0.7567,0.0668
227.655,3.82,0.7543,0.067
228.656,3.824,0.7536,0.0671
229.66,3.824,0.7535,0.0673
230.647,3.82,0.7548,0.0675
231.657,3.824,0.7526,0.0677
232.647,3.828,0.7508,0.0678
233.657,3.824,0.7503,0.068
234.649,3.824,0.7493,0.0682
235.648,3.828,0.7552,0.0684
236.649,3.828,0.752,0.0685
237.647,3.828,0.7521,0.0687
238.652,3.828,0.7502,0.0689
239.659,3.828,0.7485,0.0691
240.654,3.828,0.7506,0.0692
241.647,3.828,0.7495,0.0694
242.656,3.832,0.7483,0.0696
243.65,3.832,0.7484,0.0697
244.653,3.832,0.7504,0.0699
245.646,3.832,0.7503,0.0701
246.655,3.836,0.751,0.0703
247.658,3.832,0.7493,0.0704
248.655,3.836,0.7467,0.0706
249.649,3.836,0.7473,0.0708
250.658,3.836,0.748,0.071
251.658,3.832,0.7479,0.0711
252.658,3.832,0.7459,0.0713
253.656,3.836,0.7486,0.0715
254.654,3.84,0.7476,0.0717
255.658,3.836,0.748,0.0718
256.655,3.836,0.7451,0.072
257.656,3.84,0.7452,0.0722
258.656,3.836,0.7498,0.0723
259.647,3.84,0.7449,0.0725
260.651,3.84,0.7448,0.0727
261.659,3.84,0.7448,0.0729
262.652,3.84,0.7459,0.073
263.644,3.84,0.7447,0.0732
264.649,3.84,0.7446,0.0734
265.653,3.84,0.7437,0.0736
266.646,3.844,0.7432,0.0737
267.652,3.84,0.747,0.0739
268.644,3.844,0.7438,0.0741
269.652,3.844,0.7425,0.0742
270.644,3.844,0.7463,0.0744
271.654,3.844,0.7434,0.0746
272.644,3.844,0.7442,0.0748
273.653,3.844,0.744,0.0749
274.655,3.848,0.7424,0.0751
275.658,3.844,0.7439,0.0753
276.65,3.848,0.7416,0.0754
277.644,3.848,0.7424,0.0756
278.652,3.848,0.7405,0.0758
279.657,3.848,0.7417,0.076
280.651,3.848,0.7411,0.0761
281.654,3.844,0.7396,0.0763
282.646,3.844,0.7413,0.0765
283.649,3.848,0.7416,0.0766
284.643,3.848,0.7418,0.0768
285.648,3.848,0.7428,0.077
286.656,3.848,0.7418,0.0772
287.65,3.848,0.7427,0.0773
288.656,3.848,0.7406,0.0775
289.646,3.848,0.7391,0.0777
290.653,3.848,0.7437,0.0778
291.645,3.852,0.7384,0.078
292.644,3.852,0.7399,0.0782
293.65,3.848,0.7381,0.0784
294.648,3.848,0.7402,0.0785
295.654,3.852,0.7403,0.0787
296.652,3.852,0.7382,0.0789
297.65,3.852,0.74,0.079
298.655,3.852,0.7394,0.0792
299.648,3.852,0.7395,0.0794
300.655,3.852,0.7389,0.0796
301.648,3.852,0.7403,0.0797
302.656,3.852,0.7414,0.0799
303.649,3.852,0.7368,0.0801
304.654,3.852,0.7376,0.0802
305.646,3.852,0.7425,0.0804
306.653,3.852,0.7395,0.0806
307.648,3.852,0.7381,0.0808
308.653,3.852,0.7402,0.0809
309.643,3.852,0.739,0.0811
310.651,3.856,0.7384,0.0813
311.645,3.852,0.7389,0.0814
312.655,3.856,0.7394,0.0816
313.656,3.852,0.7385,0.0818
314.642,3.852,0.7373,0.082
315.646,3.856,0.7384,0.0821
316.65,3.856,0.7377,0.0823
317.652,3.856,0.7374,0.0825
318.657,3.856,0.7366,0.0826
319.649,3.856,0.7366,0.0828
320.655,3.856,0.7387,0.083
321.646,3.856,0.7381,0.0832
322.653,3.856,0.7366,0.0833
323.647,3.856,0.7415,0.0835
324.653,3.852,0.7382,0.0837
325.646,3.856,0.7383,0.0838
326.654,3.856,0.7391,0.084
327.645,3.856,0.7385,0.0842
328.652,3.856,0.7395,0.0843
329.642,3.856,0.7373,0.0845
330.648,3.856,0.7363,0.0847
331.656,3.856,0.7413,0.0849
332.649,3.856,0.7365,0.085
333.656,3.856,0.737,0.0852
334.651,3.852,0.7362,0.0854
335.656,3.856,0.738,0.0855
336.649,3.856,0.7379,0.0857
337.642,3.856,0.735,0.0859
338.651,3.856,0.7375,0.0861
339.643,3.856,0.7373,0.0862
340.643,3.86,0.7363,0.0864
341.652,3.856,0.737,0.0866
342.655,3.86,0.7354,0.0867
343.646,3.86,0.7383,0.0869
344.652,3.856,0.7354,0.0871
345.645,3.856,0.7368,0.0872
346.653,3.856,0.74,0.0874
347.643,3.86,0.7361,0.0876
348.65,3.856,0.7351,0.0878
349.65,3.86,0.7402,0.0879
350.642,3.86,0.7371,0.0881
351.649,3.856,0.7357,0.0883
352.655,3.86,0.739,0.0884
353.645,3.86,0.736,0.0886
354.653,3.86,0.7366,0.0888
355.645,3.856,0.7372,0.089
356.651,3.86,0.7363,0.0891
357.652,3.86,0.7357,0.0893
358.649,3.86,0.7348,0.0895
359.648,3.86,0.7348,0.0896
360.647,3.86,0.7357,0.0898
361.646,3.86,0.7347,0.09
362.645,3.86,0.7333,0.0901
363.648,3.864,0.7352,0.0903
364.654,3.86,0.7347,0.0905
365.643,3.86,0.735,0.0907
366.653,3.856,0.7346,0.0908
367.645,3.86,0.7359,0.091
368.653,3.86,0.734,0.0912
369.645,3.86,0.7331,0.0913
370.653,3.86,0.7357,0.0915
371.644,3.856,0.735,0.0917
372.65,3.86,0.7336,0.0918
373.64,3.86,0.7359,0.092
374.643,3.86,0.7355,0.0922
375.65,3.86,0.734,0.0924
376.641,3.86,0.7362,0.0925
377.649,3.86,0.7358,0.0927
378.654,3.86,0.7343,0.0929
379.643,3.86,0.734,0.093
380.644,3.86,0.7359,0.0932
381.646,3.86,0.736,0.0934
382.65,3.86,0.7337,0.0935
383.649,3.86,0.7355,0.0937
384.641,3.86,0.7369,0.0939
385.646,3.864,0.7332,0.0941
386.655,3.86,0.7348,0.0942
387.644,3.86,0.7369,0.0944
388.651,3.864,0.7336,0.0946
389.646,3.864,0.7333,0.0947
390.647,3.864,0.7383,0.0949
391.642,3.86,0.7336,0.0951
392.648,3.864,0.7331,0.0952
393.654,3.86,0.7382,0.0954
394.644,3.86,0.7339,0.0956
395.654,3.864,0.7337,0.0958
396.647,3.86,0.737,0.0959
397.655,3.864,0.7352,0.0961
398.646,3.864,0.7342,0.0963
399.651,3.86,0.7364,0.0964
400.643,3.864,0.735,0.0966
401.65,3.864,0.7349,0.0968
402.645,3.86,0.7354,0.097
403.652,3.864,0.7342,0.0971
404.646,3.864,0.7356,0.0973
405.654,3.864,0.7345,0.0975
406.645,3.868,0.7341,0.0976
407.654,3.864,0.737,0.0978
408.645,3.864,0.7337,0.098
409.652,3.864,0.7323,0.0981
410.64,3.864,0.7373,0.0983
411.65,3.864,0.7325,0.0985
412.64,3.864,0.7319,0.0987
413.647,3.864,0.7375,0.0988
414.654,3.864,0.7322,0.099
415.644,3.864,0.7326,0.0992
416.654,3.864,0.7368,0.0993
417.655,3.864,0.7331,0.0995
418.639,3.864,0.7322,0.0997
419.642,3.864,0.7349,0.0998
420.65,3.864,0.7328,0.1
421.641,3.86,0.7331,0.1002
422.648,3.864,0.7349,0.1004
423.654,3.864,0.7337,0.1005
424.655,3.864,0.7339,0.1007
425.64,3.86,0.7347,0.1009
426.641,3.864,0.734,0.101
427.641,3.864,0.733,0.1012
428.643,3.864,0.7332,0.1014
429.65,3.864,0.7339,0.1015
430.641,3.864,0.7333,0.1017
431.647,3.864,0.7333,0.1019
432.639,3.868,0.7332,0.102
433.643,3.864,0.7333,0.1022
434.652,3.868,0.7323,0.1024
435.642,3.868,0.7332,0.1026
436.649,3.864,0.7335,0.1027
437.642,3.864,0.7328,0.1029
438.648,3.868,0.7319,0.1031
439.654,3.864,0.7324,0.1032
440.644,3.864,0.7318,0.1034
441.654,3.868,0.7315,0.1036
442.642,3.868,0.7332,0.1037
443.651,3.868,0.7316,0.1039
444.641,3.868,0.7308,0.1041
445.646,3.868,0.7331,0.1043
446.649,3.868,0.7302,0.1044
447.647,3.864,0.7303,0.1046
448.65,3.868,0.7318,0.1048
449.638,3.868,0.731,0.1049
450.645,3.868,0.7307,0.1051
451.652,3.868,0.7321,0.1053
452.643,3.868,0.7304,0.1054
453.645,3.864,0.7301,0.1056
454.646,3.864,0.7315,0.1058
455.649,3.868,0.7305,0.1059
456.639,3.868,0.73,0.1061
457.645,3.868,0.7353,0.1063
458.642,3.868,0.7302,0.1065
459.639,3.868,0.7302,0.1066
460.642,3.868,0.7342,0.1068
461.652,3.868,0.7313,0.107
462.645,3.868,0.7309,0.1071
463.65,3.864,0.7345,0.1073
464.644,3.868,0.7314,0.1075
465.651,3.868,0.7314,0.1076
466.644,3.868,0.7337,0.1078
467.652,3.864,0.7316,0.108
468.646,3.868,0.7318,0.1081
469.638,3.868,0.7323,0.1083
470.644,3.868,0.7321,0.1085
471.64,3.868,0.7317,0.1087
472.646,3.868,0.7325,0.1088
473.64,3.872,0.732,0.109
474.643,3.868,0.7319,0.1092
475.652,3.868,0.7309,0.1093
476.643,3.872,0.7314,0.1095
477.644,3.872,0.7313,0.1097
478.643,3.868,0.7304,0.1098
479.645,3.868,0.7296,0.11
480.652,3.868,0.7315,0.1102
481.643,3.872,0.7303,0.1103
482.651,3.872,0.73,0.1105
483.638,3.868,0.7308,0.1107
484.647,3.868,0.7299,0.1109
485.639,3.872,0.7292,0.111
486.648,3.872,0.7312,0.1112
487.641,3.872,0.7296,0.1114
488.645,3.872,0.7295,0.1115
489.638,3.868,0.7309,0.1117
490.651,3.872,0.7293,0.1119
491.648,3.868,0.7283,0.112
492.652,3.872,0.7309,0.1122
493.652,3.872,0.7291,0.1124
494.639,3.872,0.7282,0.1125
495.644,3.868,0.7335,0.1127
496.653,3.872,0.7287,0.1129
497.644,3.872,0.7288,0.1131
498.652,3.872,0.7334,0.1132
499.644,3.872,0.7287,0.1134
500.651,3.872,0.728,0.1136
501.643,3.872,0.7331,0.1137
502.651,3.872,0.7291,0.1139
503.645,3.872,0.7286,0.1141
504.652,3.868,0.7335,0.1142
505.647,3.868,0.7285,0.1144
506.637,3.872,0.7287,0.1146
507.644,3.868,0.7334,0.1147
508.651,3.872,0.73,0.1149
509.646,3.872,0.7285,0.1151
510.647,3.872,0.732,0.1152
511.65,3.872,0.7298,0.1154
512.639,3.872,0.7286,0.1156
513.642,3.872,0.7327,0.1158
514.645,3.868,0.7292,0.1159
515.643,3.876,0.7286,0.1161
516.652,3.872,0.7321,0.1163
517.638,3.876,0.7291,0.1164
518.64,3.876,0.7279,0.1166
519.643,3.872,0.7318,0.1168
520.645,3.872,0.7292,0.1169
521.647,3.872,0.7276,0.1171
522.648,3.872,0.732,0.1173
523.637,3.868,0.7297,0.1174
524.638,3.876,0.7279,0.1176
525.636,3.876,0.7318,0.1178
526.65,3.872,0.7282,0.118
527.637,3.876,0.7278,0.1181
528.637,3.876,0.7313,0.1183
529.651,3.872,0.7287,0.1185
530.65,3.876,0.7279,0.1186
531.649,3.876,0.7308,0.1188
532.648,3.872,0.7284,0.119
533.648,3.876,0.7278,0.1191
534.645,3.872,0.7285,0.1193
535.644,3.872,0.7287,0.1195
536.642,3.872,0.7275,0.1196
537.65,3.872,0.7278,0.1198
538.644,3.872,0.7285,0.12
539.644,3.876,0.7279,0.1201
540.646,3.872,0.7279,0.1203
541.644,3.872,0.7284,0.1205
542.645,3.872,0.7271,0.1207
543.645,3.872,0.7281,0.1208
544.643,3.872,0.7275,0.121
545.643,3.872,0.7268,0.1212
546.643,3.872,0.7281,0.1213
547.644,3.876,0.7277,0.1215
548.644,3.876,0.727,0.1217
549.646,3.876,0.7283,0.1218
550.643,3.876,0.7277,0.122
551.649,3.876,0.7263,0.1222
552.649,3.876,0.7272,0.1223
553.646,3.876,0.7276,0.1225
554.645,3.876,0.7261,0.1227
555.649,3.876,0.7281,0.1228
556.636,3.876,0.7277,0.123
557.636,3.876,0.726,0.1232
558.636,3.876,0.7279,0.1233
559.639,3.876,0.7273,0.1235
560.636,3.876,0.7266,0.1237
561.643,3.876,0.7281,0.1238
562.645,3.876,0.7276,0.124
563.638,3.876,0.7269,0.1242
564.641,3.876,0.7264,0.1244
565.651,3.876,0.7274,0.1245
566.643,3.876,0.7262,0.1247
567.65,3.876,0.7268,0.1249
568.638,3.876,0.7276,0.125
569.645,3.876,0.7274,0.1252
570.637,3.876,0.7272,0.1254
571.643,3.876,0.7283,0.1255
572.638,3.876,0.727,0.1257
573.644,3.876,0.7272,0.1259
574.635,3.876,0.7281,0.126
575.643,3.876,0.7272,0.1262
576.65,3.876,0.7275,0.1264
577.65,3.88,0.7278,0.1265
578.638,3.88,0.7279,0.1267
579.642,3.88,0.7268,0.1269
580.647,3.88,0.7265,0.127
581.64,3.88,0.7257,0.1272
582.646,3.88,0.7269,0.1274
583.639,3.88,0.727,0.1276
584.648,3.88,0.7254,0.1277
585.638,3.88,0.7272,0.1279
586.648,3.88,0.7263,0.1281
587.637,3.88,0.7263,0.1282
588.647,3.876,0.7256,0.1284
589.636,3.876,0.7267,0.1286
590.643,3.876,0.726,0.1287
591.634,3.88,0.7256,0.1289
592.643,3.88,0.7259,0.1291
593.636,3.88,0.7262,0.1292
594.641,3.88,0.7247,0.1294
595.635,3.876,0.7261,0.1296
596.641,3.88,0.7264,0.1297
597.642,3.876,0.7253,0.1299
598.645,3.88,0.7234,0.1301
599.649,3.88,0.7263,0.1302
600.64,3.88,0.7252,0.1304
601.649,3.88,0.7237,0.1306
602.642,3.876,0.7263,0.1307
603.635,3.88,0.7258,0.1309
604.645,3.884,0.7243,0.1311
605.634,3.88,0.7237,0.1312
606.645,3.884,0.726,0.1314
607.637,3.88,0.7249,0.1316
608.646,3.88,0.7244,0.1318
609.636,3.88,0.7253,0.1319
610.642,3.88,0.7248,0.1321
611.635,3.876,0.7245,0.1323
612.639,3.884,0.7254,0.1324
613.647,3.88,0.7243,0.1326
614.639,3.88,0.7249,0.1328
615.645,3.88,0.7274,0.1329
616.636,3.884,0.7243,0.1331
617.643,3.88,0.7248,0.1333
618.635,3.884,0.7268,0.1334
619.641,3.884,0.7247,0.1336
620.636,3.88,0.7246,0.1338
621.637,3.88,0.726,0.1339
622.642,3.884,0.725,0.1341
623.64,3.88,0.7238,0.1343
624.642,3.88,0.7262,0.1344
625.643,3.884,0.7227,0.1346
626.641,3.88,0.7248,0.1348
627.634,3.88,0.7261,0.1349
628.64,3.88,0.723,0.1351
629.633,3.88,0.7246,0.1353
630.639,3.884,0.7258,0.1354
631.645,3.884,0.7225,0.1356
632.635,3.884,0.7246,0.1358
633.645,3.884,0.7259,0.1359
634.636,3.88,0.7224,0.1361
635.639,3.88,0.7223,0.1363
636.633,3.884,0.7255,0.1364
637.639,3.884,0.7225,0.1366
638.648,3.88,0.7226,0.1368
639.639,3.884,0.7247,0.137
640.633,3.884,0.7227,0.1371
641.634,3.884,0.7217,0.1373
642.641,3.88,0.7254,0.1375
643.643,3.884,0.7225,0.1376
644.648,3.884,0.7215,0.1378
645.637,3.884,0.7233,0.138
646.639,3.884,0.7216,0.1381
647.646,3.884,0.7223,0.1383
648.635,3.88,0.7228,0.1385
649.644,3.884,0.7213,0.1386
650.646,3.884,0.7216,0.1388
651.646,3.884,0.7226,0.139
652.648,3.884,0.7211,0.1391
653.633,3.884,0.7213,0.1393
654.635,3.884,0.7228,0.1395
655.635,3.888,0.7214,0.1396
656.635,3.888,0.7212,0.1398
657.635,3.888,0.7218,0.14
658.635,3.884,0.7221,0.1401
659.636,3.884,0.7215,0.1403
660.644,3.884,0.7225,0.1405
661.637,3.884,0.7227,0.1406
662.642,3.888,0.7215,0.1408
663.636,3.888,0.7224,0.141
664.645,3.888,0.7212,0.1411
665.637,3.888,0.7201,0.1413
666.644,3.884,0.7219,0.1415
667.636,3.884,0.7221,0.1416
668.647,3.884,0.7245,0.1418
669.635,3.888,0.7218,0.142
670.644,3.888,0.7212,0.1421
671.635,3.888,0.7245,0.1423
672.643,3.888,0.7209,0.1425
673.637,3.884,0.7204,0.1426
674.645,3.888,0.725,0.1428
675.637,3.888,0.7213,0.143
676.644,3.888,0.7211,0.1431
677.636,3.888,0.7251,0.1433
678.642,3.888,0.7223,0.1435
679.635,3.888,0.721,0.1436
680.64,3.888,0.7237,0.1438
681.632,3.888,0.7222,0.144
682.641,3.888,0.7209,0.1441
683.646,3.888,0.7245,0.1443
684.64,3.888,0.7213,0.1445
685.644,3.888,0.7202,0.1446
686.639,3.892,0.7248,0.1448
687.642,3.888,0.7211,0.145
688.642,3.892,0.719,0.1451
689.646,3.892,0.7241,0.1453
690.646,3.888,0.7216,0.1455
691.647,3.888,0.7195,0.1456
692.647,3.888,0.7241,0.1458
693.64,3.892,0.7215,0.146
694.644,3.888,0.7194,0.1461
695.638,3.892,0.7213,0.1463
696.647,3.888,0.7205,0.1465
697.637,3.892,0.7192,0.1466
698.631,3.888,0.7211,0.1468
699.637,3.892,0.7208,0.147
700.646,3.892,0.7191,0.1471
701.637,3.888,0.7211,0.1473
702.645,3.892,0.7208,0.1475
703.632,3.892,0.7185,0.1476
704.642,3.888,0.7211,0.1478
705.632,3.892,0.7202,0.148
706.642,3.892,0.7191,0.1481
707.633,3.892,0.7211,0.1483
708.639,3.892,0.7209,0.1485
709.643,3.892,0.7186,0.1486
710.644,3.892,0.721,0.1488
711.632,3.888,0.72,0.149
712.632,3.892,0.7183,0.1491
713.637,3.892,0.72,0.1493
714.646,3.892,0.7203,0.1495
715.636,3.892,0.7192,0.1496
716.644,3.892,0.7208,0.1498
717.643,3.892,0.7195,0.15
718.632,3.892,0.7189,0.1501
719.637,3.896,0.7204,0.1503
720.645,3.892,0.7199,0.1505
721.639,3.892,0.7174,0.1506
722.644,3.892,0.719,0.1508
723.638,3.892,0.7189,0.151
724.643,3.892,0.7179,0.1511
725.637,3.892,0.7194,0.1513
726.641,3.892,0.7189,0.1515
727.632,3.892,0.7177,0.1516
728.637,3.892,0.7187,0.1518
729.641,3.892,0.7186,0.152
730.633,3.896,0.7177,0.1521
731.64,3.892,0.7189,0.1523
732.631,3.892,0.718,0.1525
733.633,3.896,0.7174,0.1526
734.645,3.892,0.7178,0.1528
735.634,3.896,0.7177,0.153
736.643,3.896,0.7174,0.1531
737.632,3.896,0.717,0.1533
738.64,3.892,0.7175,0.1535
739.633,3.896,0.7175,0.1536
740.637,3.896,0.7175,0.1538
741.645,3.896,0.7172,0.154
742.633,3.896,0.7179,0.1541
743.642,3.892,0.7179,0.1543
744.644,3.896,0.7163,0.1545
745.637,3.896,0.7182,0.1546
746.631,3.896,0.7178,0.1548
747.639,3.892,0.7164,0.155
748.63,3.896,0.7183,0.1551
749.636,3.892,0.7184,0.1553
750.645,3.892,0.7162,0.1555
751.631,3.896,0.7185,0.1556
752.636,3.896,0.718,0.1558
753.639,3.9,0.7151,0.156
754.636,3.896,0.7173,0.1561
755.631,3.896,0.7169,0.1563
756.638,3.896,0.7176,0.1565
757.635,3.896,0.7182,0.1566
758.637,3.896,0.7177,0.1568
759.645,3.896,0.7168,0.157
760.636,3.896,0.718,0.1571
761.63,3.896,0.7177,0.1573
762.637,3.896,0.7161,0.1575
763.639,3.896,0.7171,0.1576
764.633,3.896,0.7172,0.1578
765.639,3.896,0.716,0.158
766.63,3.9,0.7166,0.1581
767.633,3.9,0.7171,0.1583
768.638,3.896,0.7147,0.1585
769.639,3.896,0.7166,0.1586
770.643,3.896,0.7173,0.1588
771.635,3.9,0.7147,0.1589
772.637,3.9,0.7145,0.1591
773.644,3.896,0.7168,0.1593
774.633,3.896,0.7141,0.1594
775.638,3.9,0.7147,0.1596
776.643,3.9,0.7166,0.1598
777.643,3.9,0.7139,0.1599
778.642,3.9,0.7141,0.1601
779.633,3.9,0.7162,0.1603
780.638,3.896,0.7145,0.1604
781.645,3.9,0.7145,0.1606
782.638,3.9,0.7151,0.1608
783.629,3.9,0.7146,0.1609
784.637,3.9,0.7146,0.1611
785.642,3.9,0.7184,0.1613
786.633,3.896,0.7143,0.1614
787.639,3.9,0.7138,0.1616
788.63,3.9,0.7189,0.1618
789.638,3.9,0.7138,0.1619
790.644,3.9,0.7141,0.1621
791.638,3.9,0.7189,0.1623
792.641,3.9,0.7139,0.1624
793.634,3.9,0.7143,0.1626
794.644,3.9,0.7177,0.1628
795.634,3.9,0.7143,0.1629
796.643,3.9,0.7142,0.1631
797.633,3.9,0.7178,0.1633
798.642,3.904,0.7144,0.1634
799.632,3.9,0.7143,0.1636
800.643,3.9,0.7174,0.1637
801.634,3.904,0.7138,0.1639
802.643,3.9,0.7142,0.1641
803.636,3.904,0.7166,0.1642
804.642,3.904,0.7142,0.1644
805.634,3.904,0.7148,0.1646
806.641,3.9,0.7162,0.1647
807.634,3.9,0.7145,0.1649
808.637,3.904,0.7146,0.1651
809.632,3.904,0.7148,0.1652
810.639,3.9,0.7134,0.1654
811.629,3.9,0.7146,0.1656
812.635,3.9,0.7153,0.1657
813.639,3.904,0.7138,0.1659
814.631,3.9,0.7138,0.1661
815.638,3.904,0.7138,0.1662
816.629,3.904,0.7142,0.1664
817.636,3.904,0.7139,0.1666
818.632,3.904,0.714,0.1667
819.637,3.904,0.7129,0.1669
820.634,3.904,0.7149,0.1671
821.638,3.9,0.714,0.1672
822.639,3.904,0.7133,0.1674
823.637,3.904,0.7153,0.1676
824.641,3.904,0.7131,0.1677
825.635,3.904,0.7131,0.1679
826.641,3.904,0.7158,0.168
827.633,3.904,0.7129,0.1682
828.628,3.904,0.7123,0.1684
829.635,3.904,0.7165,0.1685
830.642,3.904,0.7122,0.1687
831.634,3.904,0.7118,0.1689
832.642,3.904,0.7164,0.169
833.63,3.904,0.7109,0.1692
834.635,3.904,0.7105,0.1694
835.642,3.908,0.7163,0.1695
836.632,3.904,0.7113,0.1697
837.63,3.904,0.7115,0.1699
838.629,3.904,0.7157,0.17
839.636,3.904,0.7128,0.1702
840.641,3.904,0.7113,0.1704
841.629,3.908,0.7161,0.1705
842.631,3.904,0.7123,0.1707
843.637,3.904,0.7098,0.1709
844.629,3.908,0.7158,0.171
845.634,3.904,0.713,0.1712
846.64,3.904,0.7112,0.1714
847.63,3.908,0.7149,0.1715
848.639,3.908,0.7125,0.1717
849.64,3.908,0.7104,0.1718
850.628,3.908,0.7144,0.172
851.635,3.904,0.7114,0.1722
852.634,3.908,0.7111,0.1723
853.636,3.904,0.7135,0.1725
854.642,3.908,0.7122,0.1727
855.634,3.904,0.7119,0.1728
856.642,3.908,0.7127,0.173
857.636,3.912,0.7117,0.1732
858.642,3.908,0.7112,0.1733
859.633,3.908,0.7116,0.1735
860.642,3.908,0.7118,0.1737
861.63,3.912,0.7123,0.1738
862.64,3.908,0.7115,0.174
863.638,3.908,0.7099,0.1742
864.627,3.908,0.7134,0.1743
865.628,3.908,0.7108,0.1745
866.639,3.904,0.7107,0.1746
867.628,3.908,0.7132,0.1748
868.632,3.912,0.7099,0.175
869.639,3.908,0.7093,0.1751
870.628,3.908,0.7139,0.1753
871.637,3.908,0.7092,0.1755
872.627,3.912,0.7085,0.1756
873.636,3.908,0.7139,0.1758
874.639,3.912,0.7089,0.176
875.633,3.908,0.7088,0.1761
876.64,3.912,0.7131,0.1763
877.629,3.912,0.7094,0.1765
878.638,3.912,0.7088,0.1766
879.627,3.912,0.713,0.1768
880.637,3.912,0.7089,0.1769
881.628,3.912,0.7094,0.1771
882.636,3.912,0.7125,0.1773
883.628,3.912,0.7088,0.1774
884.636,3.912,0.7101,0.1776
885.635,3.912,0.7108,0.1778
886.637,3.912,0.7096,0.1779
887.643,3.916,0.7099,0.1781
888.64,3.912,0.7092,0.1783
889.64,3.912,0.7101,0.1784
890.629,3.912,0.7094,0.1786
891.638,3.912,0.7089,0.1788
892.632,3.912,0.7092,0.1789
893.635,3.912,0.7093,0.1791
894.627,3.912,0.7081,0.1792
895.633,3.912,0.709,0.1794
896.627,3.912,0.7094,0.1796
897.641,3.912,0.7071,0.1797
898.629,3.916,0.7082,0.1799
899.635,3.912,0.707,0.1801
900.641,3.912,0.7071,0.1802
901.635,3.912,0.7073,0.1804
902.64,3.912,0.706,0.1806
903.633,3.912,0.7074,0.1807
904.64,3.916,0.7075,0.1809
905.633,3.912,0.706,0.1811
906.633,3.916,0.7074,0.1812
907.638,3.912,0.708,0.1814
908.626,3.916,0.7054,0.1815
909.627,3.912,0.7081,0.1817
910.634,3.912,0.7082,0.1819
911.639,3.916,0.7063,0.182
912.63,3.912,0.7081,0.1822
913.636,3.916,0.708,0.1824
914.63,3.916,0.7058,0.1825
915.634,3.912,0.7073,0.1827
916.63,3.916,0.7078,0.1829
917.64,3.916,0.7058,0.183
918.628,3.912,0.7075,0.1832
919.638,3.916,0.7073,0.1833
920.626,3.912,0.706,0.1835
921.634,3.916,0.7078,0.1837
922.626,3.916,0.7075,0.1838
923.634,3.916,0.7061,0.184
924.626,3.916,0.7063,0.1842
925.633,3.916,0.7068,0.1843
926.64,3.916,0.7068,0.1845
927.632,3.916,0.7068,0.1847
928.64,3.916,0.7065,0.1848
929.629,3.916,0.7073,0.185
930.635,3.916,0.7059,0.1851
931.64,3.916,0.7054,0.1853
932.633,3.916,0.7078,0.1855
933.627,3.916,0.7046,0.1856
934.631,3.916,0.7048,0.1858
935.64,3.916,0.7057,0.186
936.63,3.92,0.7048,0.1861
937.64,3.916,0.7049,0.1863
938.632,3.916,0.7061,0.1864
939.64,3.916,0.7048,0.1866
940.629,3.92,0.7042,0.1868
941.638,3.92,0.7066,0.1869
942.63,3.916,0.7046,0.1871
943.636,3.916,0.7043,0.1873
944.63,3.916,0.7057,0.1874
945.637,3.92,0.705,0.1876
946.631,3.92,0.7032,0.1878
947.637,3.92,0.7064,0.1879
948.632,3.92,0.7056,0.1881
949.639,3.92,0.7031,0.1882
950.632,3.92,0.7062,0.1884
951.635,3.92,0.7057,0.1886
952.637,3.92,0.7037,0.1887
953.636,3.92,0.706,0.1889
954.637,3.92,0.7057,0.1891
955.625,3.92,0.7035,0.1892
956.624,3.92,0.706,0.1894
957.625,3.916,0.7046,0.1895
958.631,3.916,0.7042,0.1897
959.638,3.92,0.7058,0.1899
960.63,3.924,0.7048,0.19
961.637,3.92,0.7053,0.1902
962.629,3.92,0.7048,0.1904
963.632,3.92,0.7043,0.1905
964.639,3.92,0.7054,0.1907
965.63,3.92,0.7032,0.1909
966.64,3.92,0.7034,0.191
967.633,3.92,0.7059,0.1912
968.638,3.92,0.7029,0.1913
969.629,3.92,0.7029,0.1915
970.635,3.92,0.7067,0.1917
971.629,3.924,0.7034,0.1918
972.632,3.924,0.7029,0.192
973.636,3.92,0.707,0.1922
974.626,3.92,0.7025,0.1923
975.625,3.92,0.7028,0.1925
976.627,3.92,0.7077,0.1926
977.632,3.92,0.7028,0.1928
978.639,3.924,0.7022,0.193
979.628,3.924,0.707,0.1931
980.639,3.92,0.704,0.1933
981.629,3.924,0.702,0.1935
982.638,3.924,0.7071,0.1936
983.63,3.92,0.7036,0.1938
984.635,3.92,0.7025,0.194
985.626,3.924,0.7067,0.1941
986.633,3.924,0.7036,0.1943
987.624,3.924,0.7027,0.1944
988.628,3.924,0.7057,0.1946
989.636,3.924,0.703,0.1948
990.627,3.924,0.7032,0.1949
991.634,3.92,0.7047,0.1951
992.627,3.924,0.7037,0.1953
993.635,3.924,0.7037,0.1954
994.627,3.924,0.7013,0.1956
995.632,3.924,0.7034,0.1957
996.625,3.924,0.7044,0.1959
997.628,3.924,0.7012,0.1961
998.637,3.924,0.7031,0.1962
999.627,3.928,0.7042,0.1964
1000.629,3.924,0.701,0.1966
1001.638,3.924,0.7024,0.1967
1002.63,3.924,0.7049,0.1969
1003.636,3.924,0.7008,0.197
1004.625,3.928,0.7023,0.1972
1005.634,3.928,0.7051,0.1974
1006.626,3.928,0.7003,0.1975
1007.635,3.928,0.7015,0.1977
1008.628,3.924,0.7048,0.1979
1009.637,3.924,0.7013,0.198
1010.629,3.928,0.7009,0.1982
1011.638,3.928,0.7055,0.1983
1012.632,3.924,0.7014,0.1985
1013.637,3.928,0.6997,0.1987
1014.628,3.928,0.7053,0.1988
1015.634,3.924,0.7003,0.199
1016.625,3.928,0.6997,0.1992
1017.624,3.924,0.7053,0.1993
1018.636,3.928,0.7012,0.1995
1019.634,3.928,0.6989,0.1996
1020.634,3.928,0.7048,0.1998
1021.637,3.924,0.7009,0.2
1022.623,3.928,0.6996,0.2001
1023.635,3.928,0.7048,0.2003
1024.631,3.928,0.7014,0.2005
1025.622,3.928,0.6997,0.2006
1026.632,3.928,0.7048,0.2008
1027.623,3.928,0.7018,0.2009
1028.633,3.928,0.7,0.2011
1029.638,3.928,0.7016,0.2013
1030.631,3.928,0.7017,0.2014
1031.638,3.928,0.6997,0.2016
1032.629,3.928,0.7014,0.2018
1033.638,3.924,0.7012,0.2019
1034.628,3.928,0.6999,0.2021
1035.635,3.928,0.7008,0.2022
1036.626,3.928,0.7009,0.2024
1037.635,3.932,0.7007,0.2026
1038.63,3.928,0.7002,0.2027
1039.637,3.928,0.7001,0.2029
1040.625,3.932,0.7007,0.2031
1041.626,3.932,0.6987,0.2032
1042.635,3.928,0.7005,0.2034
1043.624,3.932,0.7016,0.2035
1044.632,3.928,0.6987,0.2037
1045.625,3.932,0.7007,0.2039
1046.635,3.928,0.7019,0.204
1047.626,3.928,0.6981,0.2042
1048.635,3.928,0.7,0.2044
1049.63,3.928,0.7022,0.2045
1050.636,3.932,0.698,0.2047
1051.628,3.928,0.6977,0.2048
1052.633,3.928,0.7028,0.205
1053.627,3.928,0.6985,0.2052
1054.629,3.928,0.6973,0.2053
1055.631,3.932,0.7029,0.2055
1056.622,3.932,0.6977,0.2056
1057.631,3.932,0.6972,0.2058
1058.625,3.928,0.7025,0.206
1059.632,3.932,0.6985,0.2061
1060.623,3.932,0.6971,0.2063
1061.627,3.932,0.7028,0.2065
1062.636,3.932,0.6993,0.2066
1063.626,3.932,0.6973,0.2068
1064.637,3.936,0.7027,0.2069
1065.628,3.928,0.6989,0.2071
1066.634,3.932,0.6977,0.2073
1067.627,3.932,0.702,0.2074
1068.632,3.932,0.6993,0.2076
1069.627,3.936,0.6974,0.2078
1070.631,3.936,0.7015,0.2079
1071.623,3.932,0.6989,0.2081
1072.632,3.932,0.698,0.2082
1073.634,3.936,0.6982,0.2084
1074.636,3.932,0.6984,0.2086
1075.631,3.932,0.6978,0.2087
1076.633,3.936,0.6978,0.2089
1077.634,3.932,0.6977,0.209
1078.624,3.936,0.6978,0.2092
1079.627,3.932,0.6969,0.2094
1080.637,3.932,0.6986,0.2095
1081.627,3.932,0.6985,0.2097
1082.63,3.932,0.6966,0.2099
1083.632,3.932,0.6985,0.21
1084.632,3.936,0.6993,0.2102
1085.634,3.932,0.6966,0.2103
1086.633,3.936,0.6977,0.2105
1087.636,3.936,0.7001,0.2107
1088.625,3.932,0.6958,0.2108
1089.635,3.932,0.6975,0.211
1090.628,3.936,0.6998,0.2111
1091.633,3.936,0.6963,0.2113
1092.624,3.936,0.6965,0.2115
1093.631,3.932,0.7013,0.2116
1094.624,3.936,0.6968,0.2118
1095.631,3.932,0.6961,0.212
1096.624,3.932,0.7008,0.2121
1097.628,3.936,0.6965,0.2123
1098.623,3.932,0.6954,0.2124
1099.633,3.936,0.7008,0.2126
1100.624,3.932,0.6977,0.2128
1101.631,3.932,0.6957,0.2129
1102.623,3.936,0.7003,0.2131
1103.632,3.936,0.6974,0.2132
1104.63,3.936,0.6965,0.2134
1105.636,3.936,0.6997,0.2136
1106.622,3.94,0.6969,0.2137
1107.628,3.936,0.6957,0.2139
1108.623,3.936,0.6991,0.2141
1109.628,3.936,0.6972,0.2142
1110.634,3.936,0.697,0.2144
1111.625,3.94,0.6983,0.2145
1112.634,3.936,0.697,0.2147
1113.627,3.936,0.6976,0.2149
1114.62,3.936,0.6976,0.215
1115.631,3.936,0.6967,0.2152
1116.622,3.94,0.6977,0.2153
1117.631,3.936,0.6965,0.2155
1118.622,3.936,0.6958,0.2157
1119.633,3.94,0.6991,0.2158
1120.623,3.936,0.6955,0.216
1121.634,3.936,0.6953,0.2161
1122.623,3.94,0.6987,0.2163
1123.63,3.936,0.695,0.2165
1124.626,3.936,0.695,0.2166
1125.63,3.936,0.6996,0.2168
1126.625,3.936,0.6945,0.217
1127.629,3.936,0.6946,0.2171
1128.624,3.936,0.6991,0.2173
1129.631,3.936,0.6937,0.2174
1130.624,3.94,0.6949,0.2176
1131.633,3.94,0.6977,0.2178
1132.624,3.94,0.6955,0.2179
1133.632,3.94,0.6962,0.2181
1134.623,3.936,0.697,0.2182
1135.63,3.936,0.6961,0.2184
1136.635,3.94,0.6956,0.2186
1137.62,3.94,0.6949,0.2187
1138.624,3.936,0.6955,0.2189
1139.634,3.94,0.6959,0.2191
1140.625,3.94,0.6945,0.2192
1141.634,3.94,0.6955,0.2194
1142.625,3.936,0.6954,0.2195
1143.63,3.936,0.6932,0.2197
1144.624,3.94,0.6949,0.2199
1145.631,3.936,0.6942,0.22
1146.626,3.936,0.6931,0.2202
1147.619,3.94,0.6932,0.2203
1148.626,3.94,0.6932,0.2205
1149.627,3.94,0.6944,0.2207
1150.628,3.94,0.6925,0.2208
1151.629,3.94,0.6926,0.221
1152.628,3.94,0.6939,0.2211
1153.627,3.94,0.6938,0.2213
1154.62,3.94,0.6921,0.2215
1155.626,3.94,0.6948,0.2216
1156.621,3.94,0.6941,0.2218
1157.627,3.94,0.6934,0.2219
1158.619,3.94,0.6941,0.2221
1159.627,3.944,0.6948,0.2223
1160.622,3.94,0.6943,0.2224
1161.627,3.944,0.6936,0.2226
1162.619,3.944,0.6942,0.2227
1163.626,3.94,0.6944,0.2229
1164.62,3.94,0.6923,0.2231
1165.627,3.944,0.6934,0.2232
1166.634,3.944,0.6964,0.2234
1167.626,3.94,0.6923,0.2235
1168.632,3.94,0.6927,0.2237
1169.627,3.944,0.6971,0.2239
1170.627,3.94,0.6923,0.224
1171.631,3.944,0.6918,0.2242
1172.633,3.944,0.6958,0.2244
1173.633,3.94,0.6936,0.2245
1174.622,3.94,0.6924,0.2247
1175.625,3.944,0.6951,0.2248
1176.632,3.944,0.693,0.225
1177.621,3.944,0.6931,0.2252
1178.633,3.944,0.6938,0.2253
1179.624,3.94,0.6927,0.2255
1180.627,3.944,0.6933,0.2256
1181.621,3.94,0.6924,0.2258
1182.624,3.94,0.6934,0.226
1183.633,3.944,0.6932,0.2261
1184.621,3.944,0.6912,0.2263
1185.632,3.94,0.6928,0.2264
1186.622,3.944,0.6923,0.2266
1187.632,3.94,0.6913,0.2268
1188.623,3.944,0.6912,0.2269
1189.63,3.94,0.6904,0.2271
1190.623,3.944,0.6921,0.2272
1191.628,3.944,0.691,0.2274
1192.619,3.944,0.6909,0.2276
1193.624,3.94,0.6932,0.2277
1194.619,3.94,0.6915,0.2279
1195.622,3.944,0.6903,0.228
1196.629,3.94,0.6928,0.2282
1197.629,3.944,0.6916,0.2284
1198.629,3.944,0.6903,0.2285
1199.618,3.944,0.693,0.2287
1200.621,3.944,0.6928,0.2288
1201.631,3.944,0.6924,0.229
1202.621,3.944,0.6916,0.2292
1203.63,3.944,0.6931,0.2293
1204.623,3.944,0.6933,0.2295
1205.632,3.944,0.6903,0.2296
1206.626,3.944,0.6918,0.2298
1207.617,3.948,0.695,0.23
1208.626,3.944,0.6902,0.2301
1209.633,3.944,0.6906,0.2303
1210.626,3.944,0.695,0.2304
1211.619,3.944,0.69,0.2306
1212.628,3.944,0.6908,0.2308
1213.619,3.944,0.6936,0.2309
1214.626,3.948,0.6913,0.2311
1215.629,3.944,0.6918,0.2312
1216.627,3.944,0.693,0.2314
1217.629,3.948,0.691,0.2316
1218.628,3.952,0.6916,0.2317
1219.632,3.948,0.6904,0.2319
1220.631,3.948,0.6917,0.232
1221.632,3.944,0.6914,0.2322
1222.618,3.948,0.6888,0.2324
1223.619,3.944,0.6906,0.2325
1224.632,3.948,0.6906,0.2327
1225.63,3.948,0.6897,0.2328
1226.63,3.948,0.689,0.233
1227.631,3.948,0.6891,0.2332
1228.621,3.948,0.6911,0.2333
1229.628,3.948,0.6893,0.2335
1230.618,3.948,0.6889,0.2336
1231.626,3.948,0.6943,0.2338
1232.63,3.944,0.6905,0.234
1233.625,3.948,0.6892,0.2341
1234.632,3.944,0.6939,0.2343
1235.624,3.948,0.6909,0.2344
1236.628,3.948,0.6894,0.2346
1237.63,3.948,0.6921,0.2348
1238.621,3.948,0.6901,0.2349
1239.622,3.948,0.6917,0.2351
1240.63,3.952,0.6906,0.2352
1241.621,3.944,0.6899,0.2354
1242.631,3.948,0.6933,0.2356
1243.622,3.948,0.6884,0.2357
1244.631,3.948,0.6889,0.2359
1245.627,3.948,0.693,0.236
1246.617,3.952,0.6889,0.2362
1247.625,3.948,0.6893,0.2364
1248.632,3.948,0.6914,0.2365
1249.625,3.948,0.6897,0.2367
1250.629,3.948,0.6894,0.2368
1251.621,3.948,0.6878,0.237
1252.629,3.952,0.6898,0.2372
1253.619,3.948,0.6893,0.2373
1254.628,3.948,0.6886,0.2375
1255.62,3.948,0.6898,0.2376
1256.627,3.952,0.6887,0.2378
1257.625,3.948,0.6902,0.238
1258.629,3.948,0.6873,0.2381
1259.628,3.948,0.6868,0.2383
1260.622,3.952,0.692,0.2384
1261.617,3.952,0.6877,0.2386
1262.621,3.952,0.6871,0.2387
1263.63,3.948,0.6924,0.2389
1264.618,3.948,0.6898,0.2391
1265.626,3.952,0.6881,0.2392
1266.62,3.948,0.6914,0.2394
1267.63,3.948,0.6894,0.2395
1268.622,3.952,0.688,0.2397
1269.626,3.952,0.6895,0.2399
1270.621,3.952,0.689,0.24
1271.629,3.948,0.6888,0.2402
1272.62,3.952,0.688,0.2403
1273.623,3.952,0.6873,0.2405
1274.617,3.952,0.6887,0.2407
1275.623,3.956,0.6871,0.2408
1276.617,3.956,0.687,0.241
1277.625,3.952,0.6863,0.2411
1278.63,3.952,0.6881,0.2413
1279.625,3.952,0.6869,0.2415
1280.631,3.952,0.6857,0.2416
1281.627,3.952,0.6887,0.2418
1282.63,3.952,0.6881,0.2419
1283.617,3.952,0.6867,0.2421
1284.617,3.952,0.6878,0.2423
1285.62,3.952,0.6875,0.2424
1286.63,3.952,0.688,0.2426
1287.617,3.956,0.6873,0.2427
1288.627,3.956,0.6882,0.2429
1289.619,3.952,0.6897,0.2431
1290.629,3.952,0.6855,0.2432
1291.62,3.952,0.6869,0.2434
1292.631,3.956,0.6912,0.2435
1293.621,3.952,0.6854,0.2437
1294.629,3.952,0.6859,0.2438
1295.623,3.956,0.6903,0.244
1296.629,3.952,0.6869,0.2442
1297.62,3.952,0.6875,0.2443
1298.627,3.952,0.6885,0.2445
1299.622,3.956,0.6881,0.2446
1300.626,3.956,0.6874,0.2448
1301.616,3.956,0.6866,0.245
1302.62,3.956,0.6869,0.2451
1303.618,3.956,0.687,0.2453
1304.624,3.956,0.6845,0.2454
1305.628,3.956,0.6854,0.2456
1306.62,3.956,0.6858,0.2458
1307.627,3.952,0.6891,0.2459
1308.619,3.956,0.6856,0.2461
1309.627,3.956,0.6842,0.2462
1310.62,3.956,0.6904,0.2464
1311.615,3.956,0.6872,0.2465
1312.62,3.956,0.6855,0.2467
1313.628,3.956,0.689,0.2469
1314.616,3.956,0.6871,0.247
1315.625,3.952,0.6876,0.2472
1316.614,3.956,0.6869,0.2473
1317.627,3.952,0.6857,0.2475
1318.614,3.956,0.6866,0.2477
1319.618,3.956,0.6849,0.2478
1320.626,3.956,0.6847,0.248
1321.616,3.956,0.6852,0.2481
1322.627,3.956,0.6858,0.2483
1323.617,3.956,0.6868,0.2485
1324.628,3.956,0.6849,0.2486
1325.617,3.956,0.6864,0.2488
1326.63,3.956,0.686,0.2489
1327.621,3.956,0.6848,0.2491
1328.627,3.956,0.6866,0.2493
1329.62,3.956,0.6868,0.2494
1330.626,3.956,0.6863,0.2496
1331.621,3.956,0.684,0.2497
1332.627,3.956,0.6861,0.2499
1333.619,3.956,0.6887,0.25
1334.626,3.956,0.684,0.2502
1335.619,3.956,0.6842,0.2504
1336.629,3.956,0.6894,0.2505
1337.618,3.956,0.6846,0.2507
1338.627,3.96,0.6851,0.2508
1339.621,3.96,0.6874,0.251
1340.614,3.96,0.6866,0.2512
1341.616,3.96,0.6854,0.2513
1342.621,3.956,0.6844,0.2515
1343.629,3.96,0.685,0.2516
1344.618,3.956,0.6858,0.2518
1345.627,3.956,0.6838,0.2519
1346.625,3.96,0.6841,0.2521
1347.626,3.96,0.6831,0.2523
1348.624,3.956,0.687,0.2524
1349.624,3.96,0.6834,0.2526
1350.628,3.96,0.6826,0.2527
1351.629,3.956,0.6886,0.2529
1352.62,3.96,0.6853,0.2531
1353.626,3.96,0.6837,0.2532
1354.617,3.96,0.6874,0.2534
1355.62,3.96,0.6846,0.2535
1356.628,3.96,0.6853,0.2537
1357.618,3.96,0.6851,0.2539
1358.627,3.96,0.6846,0.254
1359.623,3.96,0.6849,0.2542
1360.623,3.96,0.6831,0.2543
1361.616,3.96,0.6832,0.2545
1362.619,3.96,0.684,0.2546
1363.627,3.96,0.6834,0.2548
1364.618,3.96,0.6839,0.255
1365.628,3.96,0.6829,0.2551
1366.616,3.96,0.6842,0.2553
1367.625,3.96,0.6844,0.2554
1368.614,3.956,0.6814,0.2556
1369.615,3.96,0.6842,0.2558
1370.619,3.96,0.685,0.2559
1371.622,3.96,0.6831,0.2561
1372.625,3.96,0.684,0.2562
1373.614,3.96,0.6846,0.2564
1374.623,3.96,0.6855,0.2565
1375.616,3.96,0.6822,0.2567
1376.621,3.96,0.6833,0.2569
1377.62,3.96,0.6863,0.257
1378.625,3.96,0.683,0.2572
1379.617,3.964,0.6824,0.2573
1380.622,3.964,0.6869,0.2575
1381.616,3.96,0.6829,0.2577
1382.62,3.96,0.6828,0.2578
1383.622,3.964,0.6845,0.258
1384.627,3.96,0.6843,0.2581
1385.617,3.96,0.684,0.2583
1386.624,3.96,0.683,0.2584
1387.614,3.964,0.684,0.2586
1388.624,3.96,0.683,0.2588
1389.615,3.96,0.6819,0.2589
1390.625,3.964,0.6821,0.2591
1391.618,3.96,0.6808,0.2592
1392.626,3.96,0.6853,0.2594
1393.62,3.96,0.6818,0.2595
1394.625,3.96,0.6812,0.2597
1395.617,3.964,0.6866,0.2599
1396.621,3.964,0.6834,0.26
1397.614,3.964,0.6821,0.2602
1398.619,3.964,0.6853,0.2603
1399.628,3.964,0.6831,0.2605
1400.621,3.964,0.6834,0.2607
1401.625,3.96,0.6824,0.2608
1402.618,3.96,0.6826,0.261
1403.623,3.964,0.6827,0.2611
1404.618,3.964,0.6817,0.2613
1405.622,3.964,0.6814,0.2614
1406.615,3.96,0.6816,0.2616
1407.618,3.964,0.6814,0.2618
1408.627,3.964,0.6827,0.2619
1409.62,3.96,0.681,0.2621
1410.625,3.964,0.6827,0.2622
1411.62,3.964,0.6827,0.2624
1412.624,3.964,0.6807,0.2626
1413.624,3.964,0.6821,0.2627
1414.627,3.964,0.6828,0.2629
1415.626,3.964,0.6828,0.263
1416.627,3.964,0.6806,0.2632
1417.614,3.964,0.683,0.2633
1418.621,3.964,0.6846,0.2635
1419.612,3.964,0.6808,0.2637
1420.621,3.964,0.6804,0.2638
1421.612,3.96,0.6852,0.264
1422.623,3.964,0.6819,0.2641
1423.612,3.968,0.6807,0.2643
1424.623,3.964,0.6837,0.2644
1425.614,3.964,0.6818,0.2646
1426.62,3.964,0.682,0.2648
1427.616,3.964,0.6814,0.2649
1428.62,3.964,0.6822,0.2651
1429.614,3.964,0.6821,0.2652
1430.619,3.968,0.6802,0.2654
1431.628,3.968,0.6812,0.2656
1432.618,3.964,0.6796,0.2657
1433.626,3.964,0.6839,0.2659
1434.617,3.964,0.6799,0.266
1435.616,3.968,0.6788,0.2662
1436.621,3.968,0.685,0.2663
1437.617,3.964,0.6811,0.2665
1438.618,3.964,0.6803,0.2667
1439.624,3.964,0.6835,0.2668
1440.616,3.964,0.6818,0.267
1441.625,3.964,0.6823,0.2671
1442.615,3.964,0.6814,0.2673
1443.625,3.964,0.68,0.2674
1444.616,3.968,0.6816,0.2676
1445.62,3.964,0.6793,0.2678
1446.619,3.968,0.6798,0.2679
1447.622,3.968,0.6791,0.2681
1448.621,3.968,0.6799,0.2682
1449.62,3.968,0.6811,0.2684
1450.617,3.964,0.6791,0.2685
1451.62,3.968,0.6811,0.2687
1452.621,3.964,0.6814,0.2689
1453.621,3.964,0.68,0.269
1454.612,3.968,0.6808,0.2692
1455.614,3.968,0.6805,0.2693
1456.622,3.968,0.682,0.2695
1457.616,3.964,0.6796,0.2696
1458.618,3.968,0.6797,0.2698
1459.613,3.972,0.6841,0.27
1460.617,3.964,0.6791,0.2701
1461.623,3.968,0.6795,0.2703
1462.61,3.968,0.6833,0.2704
1463.622,3.968,0.6804,0.2706
1464.613,3.968,0.6804,0.2708
1465.618,3.968,0.6804,0.2709
1466.612,3.968,0.6808,0.2711
1467.615,3.968,0.6807,0.2712
1468.623,3.968,0.6783,0.2714
1469.613,3.968,0.6799,0.2715
1470.622,3.964,0.6788,0.2717
1471.615,3.968,0.6823,0.2719
1472.62,3.968,0.6786,0.272
1473.611,3.968,0.6776,0.2722
1474.613,3.968,0.6828,0.2723
1475.616,3.964,0.6807,0.2725
1476.621,3.968,0.679,0.2726
1477.613,3.968,0.6822,0.2728
1478.619,3.968,0.6804,0.273
1479.616,3.968,0.6797,0.2731
1480.618,3.968,0.6795,0.2733
1481.621,3.968,0.6783,0.2734
1482.619,3.968,0.6788,0.2736
1483.621,3.968,0.6778,0.2737
1484.626,3.968,0.6787,0.2739
1485.615,3.968,0.6781,0.2741
1486.619,3.968,0.6803,0.2742
1487.61,3.964,0.6795,0.2744
1488.618,3.968,0.6783,0.2745
1489.611,3.968,0.6796,0.2747
1490.621,3.968,0.68,0.2748
1491.616,3.968,0.6805,0.275
1492.619,3.972,0.679,0.2752
1493.611,3.968,0.679,0.2753
1494.614,3.972,0.6831,0.2755
1495.622,3.972,0.6781,0.2756
1496.624,3.968,0.6778,0.2758
1497.616,3.968,0.6819,0.2759
1498.621,3.972,0.6788,0.2761
1499.612,3.968,0.6799,0.2763
1500.617,3.972,0.6773,0.2764
1501.62,3.968,0.6796,0.2766
1502.609,3.968,0.6789,0.2767
1503.613,3.968,0.6795,0.2769
1504.621,3.972,0.6778,0.277
1505.61,3.972,0.6783,0.2772
1506.621,3.972,0.6819,0.2774
1507.616,3.972,0.6787,0.2775
1508.616,3.968,0.6775,0.2777
1509.625,3.972,0.6819,0.2778
1510.611,3.972,0.6792,0.278
1511.614,3.972,0.6787,0.2781
1512.62,3.968,0.6788,0.2783
1513.612,3.972,0.6787,0.2785
1514.619,3.968,0.6789,0.2786
1515.624,3.972,0.6771,0.2788
1516.615,3.972,0.6787,0.2789
1517.621,3.972,0.6773,0.2791
1518.611,3.972,0.6788,0.2792
1519.616,3.972,0.6767,0.2794
1520.622,3.972,0.6766,0.2796
1521.618,3.968,0.6809,0.2797
1522.612,3.972,0.6792,0.2799
1523.622,3.972,0.6786,0.28
1524.611,3.972,0.6803,0.2802
1525.621,3.968,0.6792,0.2803
1526.61,3.968,0.6793,0.2805
1527.62,3.972,0.6773,0.2807
1528.61,3.972,0.677,0.2808
1529.619,3.972,0.6777,0.281
1530.612,3.972,0.6768,0.2811
1531.62,3.972,0.6787,0.2813
1532.613,3.972,0.677,0.2814
1533.616,3.968,0.6786,0.2816
1534.622,3.976,0.6791,0.2818
1535.613,3.972,0.6776,0.2819
1536.624,3.972,0.6782,0.2821
1537.616,3.972,0.6787,0.2822
1538.61,3.972,0.6798,0.2824
1539.619,3.972,0.6757,0.2825
1540.621,3.972,0.6768,0.2827
1541.61,3.972,0.6808,0.2829
1542.619,3.972,0.6765,0.283
1543.611,3.972,0.6772,0.2832
1544.619,3.972,0.6797,0.2833
1545.608,3.972,0.6777,0.2835
1546.614,3.976,0.6779,0.2836
1547.616,3.972,0.6776,0.2838
1548.615,3.972,0.6776,0.284
1549.612,3.972,0.6767,0.2841
1550.621,3.972,0.6787,0.2843
1551.608,3.972,0.6763,0.2844
1552.617,3.972,0.6755,0.2846
1553.622,3.972,0.6813,0.2847
1554.614,3.972,0.6773,0.2849
1555.608,3.972,0.6759,0.2851
1556.623,3.972,0.6799,0.2852
1557.611,3.976,0.6783,0.2854
1558.613,3.976,0.6775,0.2855
1559.621,3.972,0.678,0.2857
1560.612,3.972,0.6766,0.2858
1561.62,3.976,0.678,0.286
1562.613,3.972,0.6753,0.2861
1563.622,3.976,0.6767,0.2863
1564.616,3.972,0.6761,0.2865
1565.623,3.972,0.678,0.2866
1566.613,3.972,0.6767,0.2868
1567.614,3.972,0.675,0.2869
1568.62,3.976,0.6803,0.2871
1569.62,3.972,0.6769,0.2872
1570.61,3.976,0.6777,0.2874
1571.617,3.972,0.6774,0.2876
1572.61,3.976,0.6768,0.2877
1573.617,3.972,0.6803,0.2879
1574.622,3.976,0.6755,0.288
1575.615,3.976,0.6759,0.2882
1576.62,3.976,0.6757,0.2883
1577.616,3.976,0.6772,0.2885
1578.622,3.976,0.6774,0.2887
1579.613,3.972,0.6749,0.2888
1580.622,3.976,0.677,0.289
1581.612,3.972,0.6772,0.2891
1582.62,3.976,0.6766,0.2893
1583.61,3.976,0.6765,0.2894
1584.619,3.972,0.6775,0.2896
1585.611,3.972,0.6797,0.2898
1586.62,3.972,0.6759,0.2899
1587.61,3.976,0.6746,0.2901
1588.619,3.976,0.68,0.2902
1589.613,3.972,0.6758,0.2904
1590.619,3.976,0.6767,0.2905
1591.611,3.976,0.677,0.2907
1592.619,3.972,0.6771,0.2909
1593.609,3.976,0.6769,0.291
1594.614,3.976,0.675,0.2912
1595.622,3.976,0.676,0.2913
1596.614,3.976,0.6738,0.2915
1597.621,3.976,0.6789,0.2916
1598.614,3.976,0.6757,0.2918
1599.607,3.976,0.6746,0.2919
1600.616,3.976,0.6796,0.2921
1601.62,3.976,0.6769,0.2923
1602.612,3.972,0.6764,0.2924
1603.62,3.976,0.6763,0.2926
1604.614,3.976,0.676,0.2927
1605.608,3.976,0.6755,0.2929
1606.613,3.976,0.6748,0.293
1607.622,3.976,0.6746,0.2932
1608.612,3.98,0.6747,0.2934
1609.607,3.976,0.6759,0.2935
1610.614,3.976,0.6748,0.2937
1611.615,3.976,0.6741,0.2938
1612.619,3.976,0.676,0.294
1613.619,3.976,0.6763,0.2941
1614.621,3.976,0.676,0.2943
1615.617,3.976,0.6755,0.2944
1616.608,3.976,0.675,0.2946
1617.61,3.976,0.6785,0.2948
1618.613,3.972,0.6738,0.2949
1619.614,3.976,0.6754,0.2951
1620.608,3.976,0.6744,0.2952
1621.617,3.976,0.6759,0.2954
1622.606,3.976,0.676,0.2955
1623.617,3.976,0.6744,0.2957
1624.62,3.98,0.6755,0.2959
1625.612,3.98,0.6763,0.296
1626.617,3.976,0.6772,0.2962
1627.611,3.976,0.6743,0.2963
1628.613,3.976,0.674,0.2965
1629.621,3.976,0.6786,0.2966
1630.614,3.976,0.6751,0.2968
1631.622,3.972,0.6761,0.297
1632.614,3.976,0.6757,0.2971
1633.614,3.976,0.6762,0.2973
1634.616,3.976,0.6754,0.2974
1635.606,3.976,0.6757,0.2976
1636.61,3.976,0.6741,0.2977
1637.616,3.976,0.673,0.2979
1638.607,3.976,0.6786,0.298
1639.619,3.976,0.6757,0.2982
1640.61,3.976,0.6746,0.2984
1641.618,3.98,0.6772,0.2985
1642.607,3.976,0.676,0.2987
1643.618,3.976,0.676,0.2988
1644.608,3.98,0.6734,0.299
1645.618,3.976,0.6751,0.2991
1646.611,3.976,0.6733,0.2993
1647.616,3.976,0.6749,0.2995
1648.609,3.98,0.6744,0.2996
1649.614,3.98,0.6734,0.2998
1650.606,3.98,0.6776,0.2999
1651.614,3.98,0.6756,0.3001
1652.619,3.976,0.6759,0.3002
1653.61,3.976,0.6748,0.3004
1654.616,3.976,0.6732,0.3005
1655.619,3.976,0.6749,0.3007
1656.609,3.98,0.6736,0.3009
1657.618,3.976,0.6752,0.301
1658.62,3.98,0.6727,0.3012
1659.611,3.98,0.6753,0.3013
1660.617,3.976,0.6752,0.3015
1661.612,3.976,0.6751,0.3016
1662.619,3.98,0.6734,0.3018
1663.611,3.98,0.6749,0.302
1664.62,3.98,0.678,0.3021
1665.613,3.976,0.6732,0.3023
1666.619,3.98,0.6736,0.3024
1667.61,3.976,0.6767,0.3026
1668.621,3.98,0.6753,0.3027
1669.609,3.976,0.6752,0.3029
1670.618,3.98,0.6734,0.303
1671.61,3.98,0.6744,0.3032
1672.612,3.98,0.6739,0.3034
1673.607,3.98,0.6763,0.3035
1674.615,3.98,0.6733,0.3037
1675.62,3.98,0.6729,0.3038
1676.611,3.98,0.6779,0.304
1677.609,3.976,0.6749,0.3041
1678.608,3.98,0.6737,0.3043
1679.606,3.98,0.6749,0.3045
1680.605,3.976,0.6741,0.3046
1681.607,3.98,0.6747,0.3048
1682.608,3.976,0.6729,0.3049
1683.612,3.98,0.6729,0.3051
1684.604,3.98,0.6727,0.3052
1685.611,3.98,0.6774,0.3054
1686.605,3.98,0.6745,0.3055
1687.615,3.98,0.6732,0.3057
1688.617,3.98,0.6756,0.3059
1689.611,3.98,0.6742,0.306
1690.604,3.98,0.6747,0.3062
1691.612,3.98,0.6724,0.3063
1692.619,3.98,0.6726,0.3065
1693.611,3.976,0.672,0.3066
1694.62,3.98,0.6742,0.3068
1695.607,3.98,0.6735,0.3069
1696.617,3.98,0.6728,0.3071
1697.608,3.98,0.6728,0.3073
1698.613,3.98,0.674,0.3074
1699.605,3.98,0.6754,0.3076
1700.608,3.98,0.6726,0.3077
1701.613,3.98,0.6713,0.3079
1702.604,3.98,0.6715,0.308
1703.612,3.98,0.6739,0.3082
1704.618,3.98,0.6738,0.3083
1705.611,3.98,0.6712,0.3085
1706.604,3.98,0.6748,0.3087
1707.612,3.98,0.6743,0.3088
1708.619,3.98,0.675,0.309
1709.61,3.98,0.6719,0.3091
1710.613,3.98,0.6709,0.3093
1711.606,3.98,0.6771,0.3094
1712.616,3.98,0.6727,0.3096
1713.605,3.98,0.674,0.3098
1714.612,3.98,0.6738,0.3099
1715.604,3.98,0.6739,0.3101
1716.612,3.98,0.6735,0.3102
1717.604,3.984,0.6737,0.3104
1718.61,3.98,0.6714,0.3105
1719.619,3.98,0.6712,0.3107
1720.609,3.98,0.6769,0.3108
1721.605,3.98,0.6736,0.311
1722.611,3.984,0.6726,0.3112
1723.604,3.98,0.6746,0.3113
1724.611,3.98,0.6731,0.3115
1725.619,3.98,0.6729,0.3116
1726.612,3.98,0.6714,0.3118
1727.605,3.98,0.6726,0.3119
1728.615,3.98,0.6706,0.3121
1729.606,3.98,0.6735,0.3122
1730.615,3.984,0.6725,0.3124
1731.605,3.98,0.6718,0.3126
1732.611,3.984,0.6743,0.3127
1733.619,3.984,0.6732,0.3129
1734.613,3.98,0.6748,0.313
1735.604,3.98,0.6715,0.3132
1736.613,3.98,0.6714,0.3133
1737.614,3.98,0.6713,0.3135
1738.604,3.98,0.6717,0.3136
1739.611,3.98,0.6729,0.3138
1740.617,3.984,0.6708,0.314
1741.61,3.98,0.6732,0.3141
1742.612,3.98,0.6732,0.3143
1743.605,3.98,0.6731,0.3144
1744.609,3.98,0.6704,0.3146
1745.613,3.98,0.6714,0.3147
1746.614,3.984,0.6752,0.3149
1747.615,3.984,0.6709,0.315
1748.616,3.984,0.6714,0.3152
1749.607,3.984,0.6739,0.3154
1750.616,3.98,0.6734,0.3155
1751.606,3.984,0.6728,0.3157
1752.616,3.984,0.6721,0.3158
1753.606,3.98,0.6717,0.316
1754.616,3.984,0.6731,0.3161
1755.61,3.98,0.6757,0.3163
1756.617,3.98,0.6717,0.3164
1757.61,3.98,0.6704,0.3166
1758.616,3.98,0.6752,0.3168
1759.609,3.98,0.6727,0.3169
1760.617,3.984,0.6727,0.3171
1761.608,3.98,0.6721,0.3172
1762.618,3.98,0.673,0.3174
1763.608,3.984,0.6718,0.3175
1764.618,3.984,0.6707,0.3177
1765.608,3.984,0.6707,0.3178
1766.613,3.984,0.6704,0.318
1767.616,3.984,0.6748,0.3182
1768.604,3.984,0.6725,0.3183
1769.61,3.984,0.6712,0.3185
1770.615,3.984,0.674,0.3186
1771.609,3.98,0.6729,0.3188
1772.617,3.984,0.6729,0.3189
1773.609,3.984,0.671,0.3191
1774.615,3.988,0.6707,0.3192
1775.606,3.984,0.6712,0.3194
1776.613,3.984,0.6715,0.3196
1777.608,3.98,0.67,0.3197
1778.617,3.98,0.669,0.3199
1779.612,3.984,0.6722,0.32
1780.607,3.98,0.6726,0.3202
1781.616,3.984,0.6724,0.3203
1782.607,3.984,0.6732,0.3205
1783.613,3.984,0.6715,0.3206
1784.607,3.984,0.6753,0.3208
1785.611,3.984,0.6704,0.321
1786.605,3.984,0.6709,0.3211
1787.612,3.984,0.67,0.3213
1788.603,3.98,0.672,0.3214
1789.612,3.98,0.6723,0.3216
1790.603,3.984,0.6702,0.3217
1791.613,3.984,0.6721,0.3219
1792.616,3.984,0.6716,0.322
1793.608,3.984,0.6726,0.3222
1794.616,3.984,0.6698,0.3224
1795.608,3.984,0.6714,0.3225
1796.601,3.984,0.6753,0.3227
1797.616,3.984,0.672,0.3228
1798.606,3.984,0.6704,0.323
1799.612,3.984,0.6735,0.3231
1800.605,3.984,0.6724,0.3233
1801.608,3.984,0.672,0.3234
1802.616,3.984,0.671,0.3236
1803.608,3.98,0.6719,0.3238
1804.616,3.984,0.671,0.3239
1805.607,3.984,0.6728,0.3241
1806.609,3.984,0.6702,0.3242
1807.602,3.984,0.6696,0.3244
1808.607,3.984,0.6749,0.3245
1809.601,3.984,0.6718,0.3247
1810.603,3.984,0.6706,0.3248
1811.606,3.984,0.6721,0.325
1812.604,3.984,0.6718,0.3252
1813.605,3.984,0.6718,0.3253
1814.606,3.984,0.67,0.3255
1815.612,3.984,0.6692,0.3256
1816.606,3.984,0.6697,0.3258
1817.613,3.984,0.6713,0.3259
1818.605,3.984,0.6707,0.3261
1819.614,3.984,0.6686,0.3262
1820.607,3.984,0.6713,0.3264
1821.615,3.984,0.6715,0.3266
1822.605,3.984,0.6717,0.3267
1823.615,3.984,0.671,0.3269
1824.601,3.984,0.67,0.327
1825.61,3.984,0.6742,0.3272
1826.601,3.988,0.67,0.3273
1827.608,3.984,0.6709,0.3275
1828.602,3.984,0.6688,0.3276
1829.608,3.988,0.6709,0.3278
1830.601,3.984,0.6707,0.328
1831.605,3.988,0.6707,0.3281
1832.611,3.984,0.6701,0.3283
1833.6,3.984,0.6713,0.3284
1834.603,3.984,0.6737,0.3286
1835.609,3.988,0.6694,0.3287
1836.601,3.988,0.6688,0.3289
1837.612,3.988,0.6733,0.329
1838.6,3.984,0.6718,0.3292
1839.608,3.988,0.6709,0.3294
1840.616,3.988,0.6701,0.3295
1841.609,3.984,0.6714,0.3297
1842.6,3.988,0.6699,0.3298
1843.607,3.984,0.6723,0.33
1844.6,3.984,0.668,0.3301
1845.605,3.988,0.6684,0.3303
1846.613,3.984,0.6742,0.3304
1847.604,3.984,0.6712,0.3306
1848.614,3.988,0.6706,0.3307
1849.605,3.988,0.6707,0.3309
1850.615,3.984,0.67,0.3311
1851.604,3.984,0.6699,0.3312
1852.613,3.988,0.669,0.3314
1853.606,3.988,0.6689,0.3315
1854.611,3.984,0.6683,0.3317
1855.605,3.988,0.6706,0.3318
1856.6,3.984,0.6705,0.332
1857.602,3.984,0.6691,0.3321
1858.608,3.988,0.6721,0.3323
1859.601,3.988,0.6706,0.3325
1860.608,3.988,0.6717,0.3326
1861.599,3.988,0.669,0.3328
1862.609,3.984,0.6687,0.3329
1863.614,3.984,0.6686,0.3331
1864.608,3.984,0.6698,0.3332
1865.615,3.988,0.6698,0.3334
1866.61,3.988,0.668,0.3335
1867.603,3.984,0.6701,0.3337
1868.612,3.984,0.6704,0.3338
1869.606,3.988,0.6706,0.334
1870.615,3.988,0.6678,0.3342
1871.606,3.984,0.6689,0.3343
1872.611,3.984,0.6727,0.3345
1873.606,3.984,0.6687,0.3346
1874.611,3.984,0.6692,0.3348
1875.603,3.988,0.6706,0.3349
1876.601,3.988,0.6706,0.3351
1877.604,3.984,0.6698,0.3352
1878.61,3.988,0.6687,0.3354
1879.61,3.988,0.6683,0.3356
1880.599,3.988,0.6683,0.3357
1881.603,3.988,0.6729,0.3359
1882.612,3.988,0.6699,0.336
1883.6,3.988,0.6681,0.3362
1884.607,3.988,0.672,0.3363
1885.6,3.988,0.67,0.3365
1886.609,3.992,0.6701,0.3366
1887.599,3.988,0.6685,0.3368
1888.607,3.992,0.6699,0.3369
1889.6,3.988,0.6682,0.3371
1890.603,3.984,0.6726,0.3373
1891.612,3.988,0.6692,0.3374
1892.601,3.988,0.6682,0.3376
1893.611,3.984,0.6718,0.3377
1894.604,3.988,0.669,0.3379
1895.609,3.988,0.67,0.338
1896.602,3.988,0.6681,0.3382
1897.603,3.988,0.6693,0.3383
1898.61,3.988,0.6679,0.3385
1899.609,3.988,0.6696,0.3387
1900.609,3.988,0.6695,0.3388
1901.611,3.988,0.6681,0.339
1902.605,3.988,0.6714,0.3391
1903.613,3.988,0.6701,0.3393
1904.602,3.988,0.6723,0.3394
1905.613,3.988,0.668,0.3396
1906.599,3.992,0.6684,0.3397
1907.609,3.988,0.6678,0.3399
1908.615,3.988,0.6699,0.34
1909.607,3.988,0.6698,0.3402
1910.613,3.988,0.6682,0.3404
1911.607,3.988,0.6672,0.3405
1912.599,3.988,0.6686,0.3407
1913.606,3.988,0.6727,0.3408
1914.601,3.992,0.6678,0.341
1915.605,3.988,0.669,0.3411
1916.599,3.992,0.6674,0.3413
1917.6,3.992,0.6688,0.3414
1918.606,3.988,0.6685,0.3416
1919.611,3.992,0.6699,0.3418
1920.602,3.988,0.668,0.3419
1921.611,3.992,0.6681,0.3421
1922.601,3.988,0.6727,0.3422
1923.611,3.992,0.6695,0.3424
1924.602,3.992,0.6695,0.3425
1925.608,3.992,0.6694,0.3427
1926.602,3.988,0.6689,0.3428
1927.612,3.988,0.6683,0.343
1928.603,3.992,0.6702,0.3431
1929.603,3.992,0.6669,0.3433
1930.613,3.988,0.6671,0.3435
1931.602,3.988,0.6713,0.3436
1932.612,3.988,0.669,0.3438
1933.603,3.988,0.6694,0.3439
1934.61,3.988,0.6675,0.3441
1935.6,3.988,0.668,0.3442
1936.606,3.988,0.6674,0.3444
1937.599,3.988,0.6681,0.3445
1938.604,3.992,0.6679,0.3447
1939.598,3.992,0.6672,0.3448
1940.602,3.988,0.6709,0.345
1941.605,3.992,0.669,0.3452
1942.607,3.988,0.6695,0.3453
1943.608,3.988,0.6664,0.3455
1944.607,3.988,0.6666,0.3456
1945.608,3.988,0.6668,0.3458
1946.608,3.992,0.6687,0.3459
1947.599,3.992,0.6685,0.3461
1948.609,3.992,0.6674,0.3462
1949.599,3.992,0.6674,0.3464
1950.607,3.992,0.6683,0.3465
1951.602,3.992,0.6708,0.3467
1952.609,3.992,0.6664,0.3469
1953.598,3.988,0.6666,0.347
1954.604,3.992,0.6664,0.3472
1955.604,3.992,0.6682,0.3473
1956.605,3.992,0.6674,0.3475
1957.612,3.992,0.6681,0.3476
1958.602,3.992,0.6658,0.3478
1959.612,3.992,0.6674,0.3479
1960.603,3.992,0.6705,0.3481
1961.608,3.992,0.6668,0.3482
1962.601,3.992,0.6683,0.3484
1963.604,3.992,0.6687,0.3486
1964.608,3.992,0.6684,0.3487
1965.609,3.992,0.6671,0.3489
1966.597,3.992,0.6691,0.349
1967.603,3.992,0.6664,0.3492
1968.609,3.992,0.6667,0.3493
1969.602,3.992,0.6712,0.3495
1970.611,3.992,0.6683,0.3496
1971.605,3.992,0.6678,0.3498
1972.611,3.992,0.6671,0.35
1973.603,3.992,0.6681,0.3501
1974.612,3.988,0.6658,0.3503
1975.6,3.992,0.6705,0.3504
1976.608,3.988,0.6669,0.3506
1977.607,3.992,0.6663,0.3507
1978.606,3.992,0.6685,0.3509
1979.605,3.992,0.6665,0.351
1980.607,3.992,0.668,0.3512
1981.6,3.992,0.6654,0.3513
1982.604,3.992,0.6652,0.3515
1983.606,3.992,0.6655,0.3516
1984.597,3.992,0.6675,0.3518
1985.604,3.992,0.6681,0.352
1986.609,3.992,0.6683,0.3521
1987.603,3.992,0.667,0.3523
1988.61,3.992,0.6651,0.3524
1989.603,3.992,0.6658,0.3526
1990.597,3.992,0.6667,0.3527
1991.604,3.992,0.6671,0.3529
1992.597,3.992,0.6651,0.353
1993.604,3.996,0.6666,0.3532
1994.598,3.992,0.6674,0.3533
1995.604,3.992,0.6701,0.3535
1996.598,3.992,0.6658,0.3537
1997.605,3.992,0.6654,0.3538
1998.597,3.996,0.6657,0.354
1999.606,3.996,0.6666,0.3541
2000.596,3.992,0.6668,0.3543
2001.603,3.992,0.6681,0.3544
2002.609,3.996,0.6649,0.3546
2003.603,3.988,0.6653,0.3547
2004.609,3.992,0.6698,0.3549
2005.599,3.992,0.6668,0.355
2006.607,3.992,0.6658,0.3552
2007.611,3.992,0.6656,0.3554
2008.61,3.992,0.6666,0.3555
2009.598,3.992,0.6641,0.3557
2010.6,3.996,0.669,0.3558
2011.601,3.992,0.6664,0.356
2012.604,3.996,0.6656,0.3561
2013.607,3.992,0.6665,0.3563
2014.597,3.992,0.6669,0.3564
2015.605,3.996,0.6666,0.3566
2016.61,3.992,0.665,0.3567
2017.604,3.992,0.6649,0.3569
2018.595,3.996,0.6648,0.357
2019.6,3.992,0.6698,0.3572
2020.607,3.992,0.6666,0.3574
2021.6,3.992,0.6666,0.3575
2022.606,3.992,0.6649,0.3577
2023.597,3.996,0.6645,0.3578
2024.607,3.992,0.6646,0.358
2025.596,3.992,0.6669,0.3581
2026.603,3.996,0.6664,0.3583
2027.611,3.996,0.6658,0.3584
2028.606,3.996,0.6673,0.3586
2029.608,3.992,0.665,0.3587
2030.598,3.996,0.6689,0.3589
2031.601,3.992,0.6645,0.3591
2032.606,3.992,0.666,0.3592
2033.595,3.992,0.6636,0.3594
2034.602,3.996,0.6664,0.3595
2035.606,3.996,0.6655,0.3597
2036.609,3.996,0.6671,0.3598
2037.61,3.992,0.6644,0.36
2038.608,3.996,0.6639,0.3601
2039.604,3.996,0.668,0.3603
2040.597,3.996,0.6665,0.3604
2041.604,3.996,0.6666,0.3606
2042.594,3.996,0.6654,0.3607
2043.598,3.996,0.6651,0.3609
2044.606,3.992,0.6651,0.3611
2045.595,3.992,0.6692,0.3612
2046.602,3.996,0.6663,0.3614
2047.595,3.996,0.6658,0.3615
2048.602,3.996,0.666,0.3617
2049.6,3.996,0.6658,0.3618
2050.605,3.996,0.6642,0.362
2051.599,3.996,0.6673,0.3621
2052.608,3.992,0.665,0.3623
2053.602,3.996,0.6646,0.3624
2054.595,3.996,0.6668,0.3626
2055.605,3.996,0.6655,0.3628
2056.598,3.996,0.6661,0.3629
2057.604,3.992,0.6633,0.3631
2058.596,3.996,0.6642,0.3632
2059.6,3.996,0.6638,0.3634
2060.607,3.996,0.6693,0.3635
2061.598,3.996,0.6662,0.3637
2062.608,3.992,0.666,0.3638
2063.598,3.992,0.6648,0.364
2064.605,3.996,0.6638,0.3641
2065.597,3.996,0.6645,0.3643
2066.603,3.992,0.6659,0.3644
2067.595,3.996,0.6652,0.3646
2068.598,3.996,0.665,0.3648
2069.607,3.996,0.6666,0.3649
2070.597,3.996,0.6652,0.3651
2071.609,3.996,0.6657,0.3652
2072.604,3.996,0.6635,0.3654
2073.605,3.996,0.6651,0.3655
2074.597,3.996,0.6634,0.3657
2075.603,3.996,0.666,0.3658
2076.601,3.996,0.6646,0.366
2077.597,3.996,0.6665,0.3661
2078.598,3.996,0.6646,0.3663
2079.601,3.996,0.6631,0.3664
2080.602,3.996,0.6673,0.3666
2081.593,3.996,0.6655,0.3668
2082.597,3.996,0.6656,0.3669
2083.605,4,0.664,0.3671
2084.595,3.996,0.6644,0.3672
2085.605,3.996,0.6647,0.3674
2086.595,3.996,0.668,0.3675
2087.604,3.996,0.6651,0.3677
2088.598,3.996,0.6639,0.3678
2089.603,3.996,0.665,0.368
2090.595,3.996,0.6656,0.3681
2091.601,3.996,0.6644,0.3683
2092.594,3.996,0.6661,0.3685
2093.599,3.996,0.6634,0.3686
2094.606,4,0.663,0.3688
2095.596,3.996,0.6663,0.3689
2096.605,3.996,0.664,0.3691
2097.604,3.996,0.6645,0.3692
2098.604,4,0.6625,0.3694
2099.608,3.996,0.6635,0.3695
2100.596,3.996,0.6632,0.3697
2101.606,4,0.6678,0.3698
2102.597,3.996,0.6651,0.37
2103.604,3.996,0.6651,0.3701
2104.594,3.996,0.6641,0.3703
2105.602,3.996,0.6628,0.3704
2106.593,4,0.6637,0.3706
2107.598,3.996,0.6644,0.3708
2108.606,4,0.6634,0.3709
2109.608,3.996,0.6629,0.3711
2110.601,3.996,0.6664,0.3712
2111.606,3.996,0.6646,0.3714
2112.601,4,0.6671,0.3715
2113.594,3.996,0.6624,0.3717
2114.601,4,0.663,0.3718
2115.595,3.996,0.6623,0.372
2116.603,4,0.6647,0.3721
2117.595,3.996,0.6644,0.3723
2118.6,3.996,0.6652,0.3724
2119.595,4,0.6625,0.3726
2120.599,4,0.6618,0.3728
2121.593,4,0.6667,0.3729
2122.602,3.996,0.6643,0.3731
2123.608,4,0.6639,0.3732
2124.597,4,0.6619,0.3734
2125.604,3.996,0.6633,0.3735
2126.599,4,0.6641,0.3737
2127.608,4,0.6668,0.3738
2128.594,4,0.6631,0.374
2129.607,3.996,0.6622,0.3741
2130.599,4,0.6645,0.3743
2131.596,3.996,0.6645,0.3744
2132.604,4,0.6637,0.3746
2133.593,3.996,0.6637,0.3748
2134.597,4,0.6618,0.3749
2135.605,4,0.6619,0.3751
2136.607,4,0.6662,0.3752
2137.599,3.996,0.6638,0.3754
2138.606,4,0.6632,0.3755
2139.597,4,0.6623,0.3757
2140.604,4,0.6632,0.3758
2141.606,4,0.661,0.376
2142.592,4,0.6657,0.3761
2143.594,4,0.6637,0.3763
2144.595,4,0.6628,0.3764
2145.592,4,0.6634,0.3766
2146.607,4,0.6625,0.3767
2147.597,3.996,0.6633,0.3769
2148.604,4,0.6623,0.3771
2149.599,4,0.6616,0.3772
2150.604,4,0.6615,0.3774
2151.598,4,0.6659,0.3775
2152.604,4,0.6635,0.3777
2153.597,4,0.6645,0.3778
2154.603,4,0.6615,0.378
2155.594,4,0.6615,0.3781
2156.604,4,0.6613,0.3783
2157.605,4,0.6636,0.3784
2158.599,3.996,0.663,0.3786
2159.605,4,0.6628,0.3787
2160.599,4,0.6613,0.3789
2161.603,4,0.6616,0.379
2162.596,4,0.665,0.3792
2163.599,4,0.6614,0.3794
2164.603,4,0.663,0.3795
2165.592,4,0.6613,0.3797
2166.592,4,0.6632,0.3798
2167.601,4,0.6631,0.38
2168.591,4,0.6653,0.3801
2169.6,4,0.662,0.3803
2170.606,3.996,0.6608,0.3804
2171.599,4,0.6642,0.3806
2172.593,4,0.6631,0.3807
2173.601,4,0.6628,0.3809
2174.597,4,0.6628,0.381
2175.603,4,0.6611,0.3812
2176.598,4,0.6611,0.3814
2177.6,4,0.6658,0.3815
2178.593,4,0.6629,0.3817
2179.602,4,0.6618,0.3818
2180.593,4,0.6613,0.382
2181.601,4,0.6618,0.3821
2182.606,4,0.6611,0.3823
2183.599,4,0.6657,0.3824
2184.604,4,0.6627,0.3826
2185.597,4,0.6624,0.3827
2186.602,4,0.6616,0.3829
2187.606,4,0.6607,0.383
2188.597,4,0.6618,0.3832
2189.601,4,0.6618,0.3833
2190.594,4.004,0.6607,0.3835
2191.599,4.004,0.6606,0.3836
2192.593,4.004,0.6643,0.3838
2193.598,4,0.6626,0.384
2194.606,4.004,0.665,0.3841
2195.597,4,0.6601,0.3843
2196.591,4,0.661,0.3844
2197.599,4,0.6602,0.3846
2198.606,4,0.6625,0.3847
2199.599,4.004,0.6624,0.3849
2200.603,4,0.663,0.385
2201.597,4,0.6615,0.3852
2202.605,4.004,0.6601,0.3853
2203.597,4,0.664,0.3855
2204.604,4,0.6626,0.3856
2205.594,4,0.662,0.3858
2206.601,4,0.6612,0.3859
2207.604,4,0.6603,0.3861
2208.602,4,0.6601,0.3863
2209.592,4.004,0.6639,0.3864
2210.591,4,0.6599,0.3866
2211.596,4,0.6606,0.3867
2212.597,4.004,0.66,0.3869
2213.592,4.004,0.6612,0.387
2214.598,4.004,0.6589,0.3872
2215.592,4,0.6638,0.3873
2216.599,4,0.6617,0.3875
2217.602,4,0.6608,0.3876
2218.591,4.004,0.6613,0.3878
2219.601,4,0.6618,0.3879
2220.594,4.004,0.6597,0.3881
2221.6,4.004,0.6635,0.3882
2222.592,4.004,0.6606,0.3884
2223.596,4.004,0.6598,0.3885
2224.603,4.004,0.6624,0.3887
2225.594,4.004,0.6602,0.3889
2226.603,4.004,0.6607,0.389
2227.595,4.004,0.6596,0.3892
2228.602,4.008,0.6595,0.3893
2229.591,4.004,0.6591,0.3895
2230.596,4.004,0.6628,0.3896
2231.6,4,0.6614,0.3898
2232.603,4.004,0.661,0.3899
2233.598,4.004,0.659,0.3901
2234.601,4.004,0.6587,0.3902
2235.594,4.004,0.6584,0.3904
2236.599,4.004,0.6606,0.3905
2237.592,4,0.6609,0.3907
2238.6,4.004,0.6632,0.3908
2239.605,4.004,0.6586,0.391
2240.598,4.004,0.6598,0.3911
2241.602,4.004,0.6587,0.3913
2242.597,4.008,0.6606,0.3915
2243.6,4.004,0.6605,0.3916
2244.593,4.004,0.6626,0.3918
2245.602,4.004,0.6584,0.3919
2246.591,4.004,0.6593,0.3921
2247.595,4.004,0.6581,0.3922
2248.591,4.004,0.66,0.3924
2249.591,4.008,0.6602,0.3925
2250.59,4.004,0.662,0.3927
2251.592,4.008,0.6594,0.3928
2252.591,4.004,0.6585,0.393
2253.592,4.004,0.6603,0.3931
2254.593,4.004,0.6596,0.3933
2255.595,4.004,0.6581,0.3934
2256.601,4.008,0.6621,0.3936
2257.604,4.004,0.6597,0.3937
2258.597,4.004,0.6591,0.3939
2259.589,4.004,0.6596,0.3941
2260.594,4.008,0.6603,0.3942
2261.604,4.004,0.6584,0.3944
2262.594,4.008,0.6623,0.3945
2263.602,4.008,0.6597,0.3947
2264.591,4.008,0.6594,0.3948
2265.601,4.004,0.6596,0.395
2266.591,4.008,0.6601,0.3951
2267.601,4.008,0.6575,0.3953
2268.591,4.004,0.6619,0.3954
2269.597,4.004,0.6593,0.3956
2270.592,4.008,0.6591,0.3957
2271.598,4.004,0.6587,0.3959
2272.594,4.008,0.6578,0.396
2273.594,4.004,0.6565,0.3962
2274.599,4.008,0.6592,0.3963
2275.6,4.004,0.6585,0.3965
2276.588,4.008,0.6594,0.3966
2277.604,4.004,0.6587,0.3968
2278.602,4.008,0.6567,0.3969
2279.592,4.008,0.6572,0.3971
2280.6,4.008,0.6592,0.3973
2281.592,4.012,0.6593,0.3974
2282.598,4.008,0.6587,0.3976
2283.59,4.008,0.6582,0.3977
2284.598,4.008,0.6563,0.3979
2285.588,4.004,0.6573,0.398
2286.597,4.008,0.659,0.3982
2287.589,4.008,0.6593,0.3983
2288.596,4.004,0.6594,0.3985
2289.603,4.004,0.6566,0.3986
2290.597,4.008,0.6563,0.3988
2291.59,4.004,0.6596,0.3989
2292.598,4.008,0.6588,0.3991
2293.591,4.004,0.6585,0.3992
2294.592,4.008,0.6589,0.3994
2295.593,4.004,0.6561,0.3995
2296.596,4.008,0.6568,0.3997
2297.6,4.008,0.6604,0.3998
2298.601,4.008,0.6588,0.4
2299.594,4.008,0.6581,0.4001
2300.602,4.008,0.6583,0.4003
2301.593,4.008,0.6566,0.4005
2302.601,4.008,0.6567,0.4006
2303.59,4.008,0.6605,0.4008
2304.598,4.008,0.6583,0.4009
2305.59,4.008,0.6581,0.4011
2306.599,4.008,0.6568,0.4012
2307.589,4.008,0.6556,0.4014
2308.597,4.008,0.6561,0.4015
2309.592,4.008,0.6599,0.4017
2310.597,4.004,0.6581,0.4018
2311.589,4.008,0.6582,0.402
2312.595,4.008,0.6561,0.4021
2313.588,4.008,0.6555,0.4023
2314.592,4.008,0.6561,0.4024
2315.598,4.008,0.6597,0.4026
2316.59,4.008,0.6576,0.4027
2317.597,4.008,0.6579,0.4029
2318.59,4.008,0.6561,0.403
2319.599,4.012,0.6557,0.4032
2320.591,4.008,0.6559,0.4033
2321.598,4.008,0.6571,0.4035
2322.591,4.008,0.6577,0.4036
2323.599,4.008,0.6604,0.4038
2324.594,4.008,0.6561,0.404
2325.601,4.012,0.6568,0.4041
2326.591,4.008,0.6552,0.4043
2327.589,4.008,0.6567,0.4044
2328.589,4.008,0.6567,0.4046
2329.589,4.008,0.6596,0.4047
2330.591,4.012,0.656,0.4049
2331.59,4.008,0.6571,0.405
2332.601,4.012,0.6549,0.4052
2333.6,4.012,0.6557,0.4053
2334.6,4.012,0.6564,0.4055
2335.599,4.008,0.6598,0.4056
2336.599,4.008,0.6558,0.4058
2337.596,4.012,0.6562,0.4059
2338.597,4.012,0.6556,0.4061
2339.596,4.012,0.6549,0.4062
2340.589,4.008,0.6543,0.4064
2341.601,4.012,0.6593,0.4065
2342.598,4.012,0.6558,0.4067
2343.595,4.012,0.6559,0.4068
2344.595,4.012,0.6542,0.407
2345.596,4.012,0.6542,0.4071
2346.599,4.012,0.654,0.4073
2347.598,4.012,0.6585,0.4074
2348.598,4.012,0.6559,0.4076
2349.597,4.012,0.656,0.4078
2350.6,4.012,0.6545,0.4079
2351.601,4.008,0.654,0.4081
2352.599,4.012,0.6538,0.4082
2353.601,4.012,0.6582,0.4084
2354.6,4.012,0.656,0.4085
2355.599,4.012,0.6557,0.4087
2356.599,4.008,0.6534,0.4088
2357.592,4.012,0.6545,0.409
2358.597,4.012,0.6534,0.4091
2359.601,4.012,0.6577,0.4093
2360.587,4.012,0.6563,0.4094
2361.589,4.012,0.6587,0.4096
2362.596,4.012,0.6542,0.4097
2363.597,4.008,0.6546,0.4099
2364.589,4.012,0.6534,0.41
2365.595,4.012,0.6552,0.4102
2366.587,4.012,0.6558,0.4103
2367.594,4.012,0.6582,0.4105
2368.598,4.012,0.6546,0.4106
2369.592,4.012,0.6556,0.4108
2370.596,4.012,0.6537,0.4109
2371.588,4.016,0.6539,0.4111
2372.591,4.016,0.6544,0.4112
2373.601,4.012,0.6586,0.4114
2374.589,4.012,0.6545,0.4115
2375.594,4.012,0.6556,0.4117
2376.588,4.012,0.6545,0.4118
2377.597,4.012,0.6543,0.412
2378.592,4.012,0.6534,0.4121
2379.599,4.012,0.6582,0.4123
2380.589,4.012,0.655,0.4125
2381.594,4.012,0.6548,0.4126
2382.586,4.012,0.6541,0.4128
2383.593,4.016,0.6522,0.4129
2384.601,4.016,0.6526,0.4131
2385.595,4.012,0.6577,0.4132
2386.598,4.012,0.6546,0.4134
2387.591,4.016,0.6544,0.4135
2388.598,4.012,0.6529,0.4137
2389.591,4.012,0.6532,0.4138
2390.597,4.016,0.6521,0.414
2391.593,4.016,0.6568,0.4141
2392.587,4.016,0.6543,0.4143
2393.592,4.016,0.6547,0.4144
2394.585,4.012,0.6525,0.4146
2395.595,4.012,0.6528,0.4147
2396.587,4.016,0.6527,0.4149
2397.586,4.016,0.6557,0.415
2398.592,4.016,0.6535,0.4152
2399.596,4.012,0.6535,0.4153
2400.588,4.016,0.6528,0.4155
2401.599,4.012,0.6524,0.4156
2402.588,4.016,0.6519,0.4158
2403.598,4.016,0.6557,0.4159
2404.591,4.016,0.6535,0.4161
2405.6,4.016,0.6555,0.4162
2406.597,4.012,0.6528,0.4164
2407.598,4.016,0.653,0.4165
2408.584,4.012,0.6515,0.4167
2409.586,4.012,0.6516,0.4168
2410.594,4.016,0.6532,0.417
2411.599,4.016,0.6566,0.4171
2412.59,4.016,0.6531,0.4173
2413.6,4.016,0.6536,0.4174
2414.593,4.016,0.6529,0.4176
2415.6,4.016,0.6517,0.4177
2416.591,4.016,0.6525,0.4179
2417.6,4.016,0.6562,0.4181
2418.587,4.012,0.6523,0.4182
2419.594,4.016,0.6528,0.4184
2420.6,4.016,0.6528,0.4185
2421.591,4.016,0.6517,0.4187
2422.596,4.016,0.652,0.4188
2423.588,4.016,0.6557,0.419
2424.598,4.012,0.653,0.4191
2425.589,4.016,0.653,0.4193
2426.599,4.016,0.6513,0.4194
2427.585,4.016,0.6511,0.4196
2428.586,4.016,0.6504,0.4197
2429.589,4.016,0.6545,0.4199
2430.596,4.016,0.6519,0.42
2431.584,4.016,0.6522,0.4202
2432.594,4.016,0.6509,0.4203
2433.587,4.016,0.651,0.4205
2434.588,4.02,0.6508,0.4206
2435.597,4.016,0.6543,0.4208
2436.598,4.016,0.6527,0.4209
2437.591,4.016,0.6526,0.4211
2438.599,4.016,0.6514,0.4212
2439.593,4.016,0.651,0.4214
2440.599,4.016,0.65,0.4215
2441.591,4.016,0.6536,0.4217
2442.585,4.016,0.6515,0.4218
2443.591,4.016,0.6517,0.422
2444.585,4.016,0.6515,0.4221
2445.588,4.016,0.651,0.4223
2446.599,4.02,0.6497,0.4224
2447.587,4.02,0.6528,0.4226
2448.596,4.016,0.651,0.4227
2449.589,4.02,0.654,0.4229
2450.583,4.02,0.6507,0.423
2451.593,4.02,0.6514,0.4232
2452.599,4.016,0.6509,0.4233
2453.59,4.02,0.6502,0.4235
2454.596,4.02,0.6506,0.4236
2455.589,4.02,0.6545,0.4238
2456.593,4.016,0.6512,0.4239
2457.598,4.024,0.6514,0.4241
2458.588,4.02,0.6498,0.4242
2459.593,4.02,0.6495,0.4244
2460.587,4.02,0.6491,0.4245
2461.595,4.02,0.6537,0.4247
2462.587,4.02,0.6514,0.4248
2463.594,4.02,0.6506,0.425
2464.598,4.02,0.6512,0.4251
2465.598,4.02,0.648,0.4253
2466.586,4.02,0.6494,0.4254
2467.595,4.02,0.6531,0.4256
2468.584,4.02,0.6514,0.4257
2469.595,4.02,0.6511,0.4259
2470.586,4.02,0.6491,0.426
2471.59,4.02,0.6486,0.4262
2472.589,4.02,0.6478,0.4263
2473.591,4.02,0.6518,0.4265
2474.591,4.02,0.6497,0.4266
2475.592,4.024,0.6503,0.4268
2476.587,4.02,0.649,0.4269
2477.594,4.02,0.6487,0.4271
2478.585,4.02,0.6487,0.4272
2479.59,4.02,0.6516,0.4274
2480.584,4.024,0.65,0.4275
2481.591,4.02,0.6496,0.4277
2482.584,4.024,0.6496,0.4279
2483.593,4.02,0.6489,0.428
2484.597,4.02,0.6487,0.4282
2485.59,4.02,0.6512,0.4283
2486.596,4.024,0.6491,0.4285
2487.588,4.024,0.649,0.4286
2488.592,4.024,0.6486,0.4288
2489.585,4.02,0.6486,0.4289
2490.595,4.024,0.6486,0.4291
2491.587,4.02,0.6465,0.4292
2492.595,4.024,0.648,0.4294
2493.595,4.02,0.6523,0.4295
2494.583,4.024,0.6488,0.4297
2495.583,4.02,0.6489,0.4298
2496.586,4.02,0.6489,0.43
2497.589,4.024,0.6469,0.4301
2498.585,4.024,0.6471,0.4303
2499.594,4.024,0.6512,0.4304
2500.585,4.024,0.6494,0.4306
2501.595,4.02,0.6489,0.4307
2502.587,4.02,0.6491,0.4309
2503.596,4.024,0.6469,0.431
2504.588,4.024,0.6469,0.4312
2505.596,4.024,0.6509,0.4313
2506.588,4.024,0.6477,0.4315
2507.594,4.024,0.6489,0.4316
2508.588,4.02,0.6494,0.4318
2509.591,4.028,0.6462,0.4319
2510.585,4.024,0.6468,0.4321
2511.591,4.024,0.6496,0.4322
2512.584,4.02,0.6478,0.4324
2513.59,4.02,0.6482,0.4325
2514.582,4.024,0.6469,0.4327
2515.59,4.024,0.6466,0.4328
2516.598,4.024,0.6464,0.433
2517.583,4.024,0.649,0.4331
2518.584,4.024,0.6471,0.4333
2519.59,4.024,0.6476,0.4334
2520.597,4.02,0.6467,0.4336
2521.59,4.024,0.6458,0.4337
2522.583,4.028,0.6458,0.4339
2523.591,4.028,0.6483,0.434
2524.585,4.024,0.6465,0.4342
2525.586,4.024,0.6462,0.4343
2526.59,4.024,0.6472,0.4345
2527.596,4.024,0.6464,0.4346
2528.589,4.024,0.6465,0.4348
2529.596,4.028,0.647,0.4349
2530.59,4.028,0.6451,0.4351
2531.581,4.024,0.6447,0.4352
2532.589,4.024,0.6471,0.4353
2533.583,4.024,0.6466,0.4355
2534.593,4.024,0.6467,0.4356
2535.586,4.02,0.6467,0.4358
2536.593,4.024,0.6451,0.4359
2537.594,4.024,0.648,0.4361
2538.594,4.028,0.6468,0.4362
2539.584,4.028,0.6461,0.4364
2540.587,4.028,0.6465,0.4365
2541.59,4.028,0.6452,0.4367
2542.593,4.028,0.6448,0.4368
2543.585,4.024,0.6468,0.437
2544.594,4.024,0.6461,0.4371
2545.585,4.028,0.6452,0.4373
2546.593,4.028,0.6474,0.4374
2547.585,4.028,0.6449,0.4376
2548.593,4.024,0.6457,0.4377
2549.586,4.028,0.646,0.4379
2550.596,4.028,0.646,0.438
2551.588,4.028,0.6444,0.4382
2552.59,4.028,0.6477,0.4383
2553.584,4.028,0.6445,0.4385
2554.589,4.028,0.6452,0.4386
2555.581,4.028,0.6442,0.4388
2556.589,4.028,0.6441,0.4389
2557.581,4.028,0.6437,0.4391
2558.589,4.028,0.6481,0.4392
2559.589,4.028,0.6439,0.4394
2560.594,4.028,0.6441,0.4395
2561.593,4.028,0.6434,0.4397
2562.587,4.032,0.6435,0.4398
2563.594,4.032,0.6417,0.44
2564.585,4.028,0.6466,0.4401
2565.594,4.032,0.6447,0.4403
2566.583,4.028,0.6437,0.4404
2567.593,4.032,0.6439,0.4406
2568.585,4.028,0.6434,0.4407
2569.58,4.028,0.6434,0.4409
2570.585,4.028,0.645,0.441
2571.594,4.028,0.6436,0.4412
2572.585,4.028,0.6437,0.4413
2573.591,4.028,0.6431,0.4415
2574.584,4.032,0.6434,0.4416
2575.592,4.032,0.6437,0.4418
2576.585,4.032,0.6419,0.4419
2577.586,4.028,0.6422,0.4421
2578.596,4.028,0.6459,0.4422
2579.586,4.028,0.6446,0.4424
2580.594,4.028,0.6434,0.4425
2581.588,4.028,0.6435,0.4427
2582.594,4.028,0.6413,0.4428
2583.586,4.028,0.6421,0.443
2584.592,4.032,0.6455,0.4431
2585.582,4.032,0.6433,0.4433
2586.588,4.032,0.6436,0.4434
2587.594,4.032,0.6452,0.4436
2588.584,4.032,0.6419,0.4437
2589.591,4.032,0.6414,0.4439
2590.584,4.032,0.6437,0.444
2591.59,4.032,0.6427,0.4442
2592.583,4.028,0.6415,0.4443
2593.59,4.032,0.6455,0.4445
2594.584,4.032,0.6425,0.4446
2595.591,4.028,0.6427,0.4447
2596.586,4.028,0.6419,0.4449
2597.595,4.032,0.642,0.445
2598.589,4.032,0.6411,0.4452
2599.583,4.032,0.6438,0.4453
2600.589,4.032,0.6417,0.4455
2601.595,4.032,0.6431,0.4456
2602.586,4.032,0.6412,0.4458
2603.585,4.032,0.6404,0.4459
2604.583,4.032,0.6406,0.4461
2605.587,4.032,0.6434,0.4462
2606.591,4.032,0.642,0.4464
2607.589,4.036,0.6417,0.4465
2608.582,4.032,0.6411,0.4467
2609.588,4.032,0.6406,0.4468
2610.581,4.032,0.6404,0.447
2611.588,4.032,0.642,0.4471
2612.582,4.032,0.6411,0.4473
2613.586,4.032,0.6406,0.4474
2614.594,4.036,0.6415,0.4476
2615.587,4.032,0.6409,0.4477
2616.594,4.032,0.6408,0.4479
2617.584,4.036,0.6401,0.448
2618.587,4.032,0.6396,0.4482
2619.581,4.032,0.6399,0.4483
2620.586,4.036,0.6412,0.4485
2621.58,4.032,0.6411,0.4486
2622.592,4.032,0.6416,0.4488
2623.581,4.032,0.6401,0.4489
2624.586,4.032,0.6395,0.4491
2625.589,4.032,0.6383,0.4492
2626.579,4.032,0.6401,0.4493
2627.594,4.036,0.6386,0.4495
2628.586,4.036,0.64,0.4496
2629.593,4.032,0.6396,0.4498
2630.583,4.032,0.638,0.4499
2631.592,4.032,0.6382,0.4501
2632.585,4.036,0.6393,0.4502
2633.589,4.036,0.6379,0.4504
2634.58,4.036,0.6412,0.4505
2635.59,4.036,0.6393,0.4507
2636.594,4.036,0.6389,0.4508
2637.578,4.032,0.635,0.451
2638.585,4.032,0.6369,0.4511
2639.587,4.036,0.6363,0.4513
2640.582,4.036,0.6387,0.4514
2641.588,4.036,0.6381,0.4516
2642.594,4.032,0.6368,0.4517
2643.582,4.036,0.6385,0.4519
2644.591,4.036,0.6362,0.452
2645.578,4.036,0.638,0.4522
2646.588,4.036,0.6374,0.4523
2647.581,4.036,0.6352,0.4524
2648.585,4.036,0.6368,0.4526
2649.594,4.04,0.6388,0.4527
2650.585,4.036,0.6387,0.4529
2651.579,4.036,0.6344,0.453
2652.583,4.036,0.6354,0.4532
2653.593,4.036,0.6367,0.4533
2654.583,4.04,0.6366,0.4535
2655.578,4.036,0.637,0.4536
2656.587,4.036,0.6351,0.4538
2657.592,4.036,0.6369,0.4539
2658.583,4.036,0.6359,0.4541
2659.588,4.036,0.6355,0.4542
2660.583,4.036,0.6346,0.4544
2661.584,4.036,0.6342,0.4545
2662.593,4.036,0.6302,0.4547
2663.584,4.036,0.6341,0.4548
2664.59,4.04,0.6349,0.455
2665.581,4.036,0.6326,0.4551
2666.589,4.036,0.6351,0.4552
2667.581,4.04,0.6335,0.4554
2668.588,4.04,0.6314,0.4555
2669.59,4.036,0.6344,0.4557
2670.588,4.036,0.6353,0.4558
2671.591,4.036,0.6316,0.456
2672.579,4.036,0.6332,0.4561
2673.592,4.036,0.6322,0.4563
2674.579,4.04,0.6344,0.4564
2675.588,4.036,0.6295,0.4566
2676.581,4.04,0.6297,0.4567
2677.583,4.04,0.6285,0.4569
2678.592,4.04,0.6346,0.457
2679.583,4.036,0.6317,0.4571
2680.589,4.04,0.6315,0.4573
2681.583,4.036,0.6316,0.4574
2682.589,4.04,0.6316,0.4576
2683.582,4.04,0.6329,0.4577
2684.589,4.04,0.6307,0.4579
2685.584,4.036,0.6331,0.458
2686.59,4.04,0.6296,0.4582
2687.585,4.04,0.6251,0.4583
2688.577,4.036,0.6249,0.4585
2689.583,4.04,0.6291,0.4586
2690.59,4.04,0.6302,0.4588
2691.578,4.04,0.6247,0.4589
2692.585,4.036,0.6324,0.459
2693.585,4.036,0.6256,0.4592
2694.588,4.04,0.629,0.4593
2695.579,4.04,0.6287,0.4595
2696.587,4.04,0.6291,0.4596
2697.587,4.04,0.6226,0.4598
2698.59,4.04,0.6279,0.4599
2699.578,4.04,0.6202,0.4601
2700.583,4.04,0.6294,0.4602
2701.576,4.044,0.6252,0.4603
2702.582,4.04,0.6292,0.4605
2703.577,4.04,0.6272,0.4606
2704.581,4.04,0.6259,0.4608
2705.588,4.036,0.6251,0.4609
2706.582,4.04,0.6247,0.4611
2707.589,4.04,0.6251,0.4612
2708.581,4.044,0.6276,0.4614
2709.585,4.04,0.6294,0.4615
2710.578,4.044,0.6216,0.4617
2711.585,4.04,0.6249,0.4618
2712.577,4.04,0.6257,0.4619
2713.583,4.044,0.6222,0.4621
2714.576,4.04,0.6212,0.4622
2715.582,4.04,0.6236,0.4624
2716.59,4.04,0.6212,0.4625
2717.581,4.044,0.621,0.4627
2718.585,4.04,0.6176,0.4628
2719.581,4.044,0.6246,0.4629
2720.588,4.044,0.6238,0.4631
2721.582,4.04,0.6209,0.4632
2722.591,4.044,0.6208,0.4634
2723.582,4.04,0.6247,0.4635
2724.589,4.044,0.6199,0.4637
2725.579,4.044,0.6186,0.4638
2726.589,4.044,0.6156,0.464
2727.581,4.044,0.6216,0.4641
2728.59,4.04,0.6245,0.4642
2729.579,4.044,0.6239,0.4644
2730.583,4.04,0.6164,0.4645
2731.579,4.044,0.6172,0.4647
2732.587,4.044,0.6152,0.4648
2733.582,4.04,0.6174,0.465
2734.586,4.044,0.6126,0.4651
2735.588,4.044,0.6204,0.4652
2736.588,4.044,0.6129,0.4654
2737.585,4.04,0.6197,0.4655
2738.587,4.04,0.618,0.4657
2739.591,4.044,0.6145,0.4658
2740.58,4.044,0.6209,0.466
2741.587,4.044,0.6211,0.4661
2742.582,4.044,0.6161,0.4662
2743.589,4.044,0.6168,0.4664
2744.581,4.044,0.6147,0.4665
2745.588,4.044,0.6128,0.4667
2746.581,4.044,0.6157,0.4668
2747.591,4.04,0.6141,0.467
2748.584,4.044,0.6086,0.4671
2749.577,4.044,0.6082,0.4672
2750.58,4.044,0.6134,0.4674
2751.589,4.044,0.6102,0.4675
2752.577,4.044,0.6144,0.4677
2753.586,4.044,0.6096,0.4678
2754.58,4.044,0.6091,0.4679
2755.59,4.044,0.6113,0.4681
2756.578,4.044,0.6105,0.4682
2757.582,4.044,0.6123,0.4684
2758.585,4.044,0.6126,0.4685
2759.58,4.044,0.6132,0.4687
2760.583,4.044,0.6111,0.4688
2761.587,4.044,0.6041,0.4689
2762.58,4.044,0.6115,0.4691
2763.587,4.044,0.6122,0.4692
2764.578,4.044,0.6116,0.4694
2765.588,4.044,0.6117,0.4695
2766.578,4.044,0.6113,0.4696
2767.587,4.048,0.6064,0.4698
2768.591,4.044,0.6122,0.4699
2769.582,4.044,0.6083,0.4701
2770.587,4.044,0.6083,0.4702
2771.578,4.044,0.6076,0.4703
2772.588,4.044,0.6129,0.4705
2773.579,4.044,0.6042,0.4706
2774.589,4.044,0.6035,0.4708
2775.579,4.044,0.6081,0.4709
2776.589,4.044,0.6035,0.471
2777.579,4.044,0.6057,0.4712
2778.586,4.048,0.6083,0.4713
2779.579,4.044,0.6075,0.4715
2780.588,4.044,0.6064,0.4716
2781.58,4.048,0.6097,0.4718
2782.587,4.044,0.6094,0.4719
2783.578,4.044,0.6048,0.472
2784.583,4.044,0.6043,0.4722
2785.576,4.048,0.6059,0.4723
2786.582,4.044,0.6051,0.4725
2787.574,4.044,0.6038,0.4726
2788.585,4.048,0.6027,0.4727
2789.577,4.044,0.6047,0.4729
2790.584,4.048,0.6037,0.473
2791.575,4.044,0.6066,0.4732
2792.584,4.048,0.6015,0.4733
2793.589,4.048,0.6048,0.4734
2794.582,4.044,0.6047,0.4736
2795.587,4.048,0.6034,0.4737
2796.578,4.048,0.6051,0.4739
2797.588,4.048,0.6029,0.474
2798.579,4.044,0.597,0.4741
2799.574,4.048,0.6036,0.4743
2800.579,4.048,0.601,0.4744
2801.583,4.048,0.6018,0.4745
2802.585,4.048,0.5988,0.4747
2803.588,4.048,0.6037,0.4748
2804.587,4.048,0.6043,0.475
2805.586,4.048,0.598,0.4751
2806.59,4.048,0.6057,0.4752
2807.579,4.048,0.5981,0.4754
2808.589,4.048,0.595,0.4755
2809.58,4.048,0.6013,0.4757
2810.59,4.048,0.5956,0.4758
2811.583,4.048,0.603,0.4759
2812.578,4.048,0.5941,0.4761
2813.586,4.048,0.6016,0.4762
2814.578,4.052,0.5984,0.4764
2815.587,4.048,0.5976,0.4765
2816.578,4.048,0.5947,0.4766
2817.58,4.048,0.5978,0.4768
2818.589,4.048,0.5965,0.4769
2819.58,4.048,0.5932,0.477
2820.586,4.052,0.5934,0.4772
2821.579,4.048,0.5955,0.4773
2822.583,4.048,0.5954,0.4775
2823.582,4.048,0.5902,0.4776
2824.581,4.048,0.5941,0.4777
2825.586,4.048,0.592,0.4779
2826.575,4.048,0.594,0.478
2827.584,4.048,0.5951,0.4781
2828.577,4.048,0.5952,0.4783
2829.582,4.052,0.5901,0.4784
2830.588,4.048,0.588,0.4786
2831.579,4.044,0.5983,0.4787
2832.585,4.052,0.5947,0.4788
2833.579,4.048,0.592,0.479
2834.584,4.048,0.5859,0.4791
2835.576,4.052,0.5903,0.4792
2836.584,4.048,0.5943,0.4794
2837.577,4.048,0.5921,0.4795
2838.585,4.052,0.5922,0.4796
2839.578,4.048,0.5944,0.4798
2840.588,4.048,0.5937,0.4799
2841.577,4.048,0.5917,0.4801
2842.587,4.052,0.5925,0.4802
2843.578,4.052,0.5908,0.4803
2844.584,4.052,0.5893,0.4805
2845.577,4.052,0.5873,0.4806
2846.586,4.052,0.5888,0.4807
2847.579,4.052,0.5951,0.4809
2848.585,4.052,0.5901,0.481
2849.578,4.052,0.5879,0.4812
2850.583,4.048,0.5885,0.4813
2851.574,4.048,0.5841,0.4814
2852.581,4.052,0.5898,0.4816
2853.576,4.048,0.5863,0.4817
2854.584,4.048,0.5921,0.4818
2855.588,4.052,0.5848,0.482
2856.582,4.052,0.5885,0.4821
2857.587,4.048,0.5853,0.4822
2858.579,4.052,0.5867,0.4824
2859.587,4.048,0.581,0.4825
2860.577,4.052,0.5877,0.4826
2861.587,4.052,0.579,0.4828
2862.582,4.052,0.5858,0.4829
2863.575,4.052,0.5865,0.4831
2864.581,4.052,0.587,0.4832
2865.573,4.052,0.585,0.4833
2866.576,4.052,0.5802,0.4835
2867.578,4.052,0.5796,0.4836
2868.576,4.052,0.5801,0.4837
2869.576,4.052,0.587,0.4839
2870.578,4.048,0.5827,0.484
2871.578,4.052,0.5819,0.4841
2872.586,4.052,0.5833,0.4843
2873.576,4.052,0.5849,0.4844
2874.586,4.052,0.5819,0.4845
2875.577,4.052,0.5847,0.4847
2876.582,4.052,0.5815,0.4848
2877.584,4.052,0.5847,0.4849
2878.575,4.052,0.581,0.4851
2879.581,4.052,0.58,0.4852
2880.586,4.052,0.5808,0.4853
2881.583,4.052,0.5823,0.4855
2882.582,4.052,0.5821,0.4856
2883.581,4.052,0.5848,0.4858
2884.584,4.052,0.5757,0.4859
2885.575,4.056,0.5839,0.486
2886.581,4.052,0.5802,0.4862
2887.572,4.052,0.5818,0.4863
2888.576,4.052,0.5782,0.4864
2889.582,4.052,0.5751,0.4866
2890.583,4.056,0.5816,0.4867
2891.574,4.052,0.5727,0.4868
2892.583,4.052,0.5779,0.487
2893.571,4.052,0.5773,0.4871
2894.581,4.052,0.572,0.4872
2895.573,4.056,0.5769,0.4874
2896.582,4.052,0.577,0.4875
2897.576,4.056,0.5694,0.4876
2898.582,4.052,0.5766,0.4878
2899.574,4.052,0.5795,0.4879
2900.581,4.056,0.5712,0.488
2901.573,4.056,0.5738,0.4882
2902.58,4.052,0.5762,0.4883
2903.573,4.056,0.577,0.4884
2904.582,4.052,0.5754,0.4886
2905.573,4.052,0.5718,0.4887
2906.582,4.056,0.579,0.4888
2907.573,4.052,0.5743,0.489
2908.582,4.056,0.5773,0.4891
2909.586,4.056,0.5749,0.4892
2910.578,4.056,0.5709,0.4894
2911.571,4.056,0.5698,0.4895
2912.579,4.056,0.5688,0.4896
2913.571,4.056,0.5696,0.4897
2914.575,4.056,0.575,0.4899
2915.586,4.056,0.5706,0.49
2916.574,4.052,0.5761,0.4901
2917.585,4.056,0.5717,0.4903
2918.578,4.056,0.5722,0.4904
2919.574,4.052,0.5674,0.4905
2920.581,4.056,0.5734,0.4907
2921.571,4.056,0.5689,0.4908
2922.581,4.056,0.5739,0.4909
2923.586,4.056,0.5648,0.4911
2924.579,4.056,0.5736,0.4912
2925.586,4.056,0.5688,0.4913
2926.578,4.056,0.5733,0.4915
2927.585,4.052,0.5703,0.4916
2928.578,4.056,0.5724,0.4917
2929.572,4.056,0.5728,0.4919
2930.577,4.056,0.5682,0.492
2931.586,4.056,0.5721,0.4921
2932.576,4.056,0.5727,0.4923
2933.58,4.052,0.5703,0.4924
2934.58,4.056,0.5683,0.4925
2935.579,4.056,0.5679,0.4927
2936.579,4.056,0.5662,0.4928
2937.576,4.056,0.5701,0.4929
2938.582,4.056,0.5686,0.4931
2939.58,4.056,0.5678,0.4932
2940.58,4.056,0.5646,0.4933
2941.581,4.056,0.5705,0.4934
2942.582,4.056,0.568,0.4936
2943.584,4.056,0.5681,0.4937
2944.583,4.056,0.5668,0.4938
2945.583,4.056,0.5669,0.494
2946.582,4.056,0.5592,0.4941
2947.579,4.056,0.5665,0.4942
2948.584,4.056,0.5652,0.4944
2949.577,4.056,0.5616,0.4945
2950.585,4.056,0.5617,0.4946
2951.574,4.056,0.5697,0.4948
2952.582,4.056,0.5658,0.4949
2953.571,4.056,0.5638,0.495
2954.576,4.056,0.5646,0.4951
2955.577,4.056,0.5601,0.4953
2956.58,4.056,0.5659,0.4954
2957.57,4.056,0.5665,0.4955
2958.575,4.056,0.5648,0.4957
2959.584,4.056,0.5685,0.4958
2960.576,4.056,0.5645,0.4959
2961.57,4.056,0.5654,0.4961
2962.574,4.056,0.5639,0.4962
2963.583,4.056,0.5644,0.4963
2964.575,4.056,0.5658,0.4965
2965.582,4.056,0.5637,0.4966
2966.574,4.056,0.5559,0.4967
2967.58,4.056,0.5656,0.4968
2968.575,4.056,0.5611,0.497
2969.585,4.056,0.5604,0.4971
2970.578,4.06,0.5585,0.4972
2971.584,4.06,0.5629,0.4974
2972.578,4.06,0.5624,0.4975
2973.583,4.056,0.5616,0.4976
2974.576,4.056,0.5614,0.4978
2975.581,4.06,0.5591,0.4979
2976.571,4.06,0.5635,0.498
2977.58,4.056,0.5624,0.4981
2978.584,4.06,0.5653,0.4983
2979.578,4.06,0.5633,0.4984
2980.569,4.06,0.5623,0.4985
2981.575,4.06,0.5647,0.4987
2982.581,4.06,0.5634,0.4988
2983.573,4.064,0.5623,0.4989
2984.581,4.056,0.56,0.4991
2985.571,4.056,0.5534,0.4992
2986.581,4.056,0.5576,0.4993
2987.584,4.06,0.562,0.4994
2988.579,4.06,0.5641,0.4996
2989.584,4.06,0.5604,0.4997
2990.577,4.06,0.5585,0.4998
2991.569,4.056,0.56,0.5
2992.575,4.06,0.5561,0.5001
2993.585,4.06,0.5581,0.5002
2994.575,4.06,0.5577,0.5004
2995.585,4.06,0.5573,0.5005
2996.572,4.06,0.5526,0.5006
2997.568,4.06,0.5563,0.5007
2998.574,4.06,0.5606,0.5009
2999.569,4.06,0.5579,0.501
3000.569,4.06,0.5582,0.5011
3001.574,4.06,0.5542,0.5013
3002.576,4.06,0.5576,0.5014
3003.58,4.06,0.5562,0.5015
3004.569,4.064,0.5541,0.5016
3005.573,4.06,0.5532,0.5018
3006.583,4.064,0.5563,0.5019
3007.575,4.06,0.5499,0.502
3008.569,4.06,0.5509,0.5022
3009.579,4.06,0.5549,0.5023
3010.569,4.06,0.5561,0.5024
3011.573,4.06,0.5552,0.5025
3012.579,4.06,0.5582,0.5027
3013.573,4.06,0.553,0.5028
3014.581,4.06,0.551,0.5029
3015.573,4.06,0.5515,0.503
3016.581,4.06,0.5564,0.5032
3017.572,4.06,0.551,0.5033
3018.58,4.06,0.5483,0.5034
3019.571,4.064,0.5521,0.5036
3020.574,4.06,0.5509,0.5037
3021.58,4.064,0.5552,0.5038
3022.569,4.064,0.5567,0.5039
3023.573,4.06,0.5511,0.5041
3024.58,4.064,0.5544,0.5042
3025.573,4.06,0.5483,0.5043
3026.579,4.06,0.5502,0.5045
3027.571,4.06,0.5524,0.5046
3028.575,4.06,0.5536,0.5047
3029.583,4.06,0.5513,0.5048
3030.583,4.06,0.5526,0.505
3031.576,4.06,0.5462,0.5051
3032.568,4.06,0.5478,0.5052
3033.577,4.06,0.5559,0.5053
3034.572,4.06,0.5477,0.5055
3035.576,4.064,0.5533,0.5056
3036.568,4.06,0.5456,0.5057
3037.573,4.06,0.5512,0.5059
3038.568,4.064,0.5536,0.506
3039.573,4.06,0.5436,0.5061
3040.582,4.06,0.5445,0.5062
3041.575,4.06,0.5519,0.5064
3042.57,4.064,0.5485,0.5065
3043.577,4.06,0.5489,0.5066
3044.57,4.064,0.5467,0.5067
3045.58,4.064,0.5515,0.5069
3046.571,4.06,0.5477,0.507
3047.581,4.06,0.5486,0.5071
3048.571,4.06,0.545,0.5073
3049.579,4.06,0.5472,0.5074
3050.573,4.06,0.5437,0.5075
3051.579,4.064,0.5481,0.5076
3052.573,4.064,0.5498,0.5078
3053.582,4.064,0.5432,0.5079
3054.575,4.064,0.5461,0.508
3055.579,4.064,0.5513,0.5081
3056.571,4.06,0.5422,0.5083
3057.571,4.064,0.5502,0.5084
3058.58,4.064,0.5465,0.5085
3059.582,4.064,0.5445,0.5086
3060.571,4.06,0.542,0.5088
3061.581,4.06,0.5463,0.5089
3062.571,4.064,0.5497,0.509
3063.58,4.06,0.5471,0.5092
3064.569,4.06,0.5474,0.5093
3065.569,4.064,0.5397,0.5094
3066.57,4.064,0.5449,0.5095
3067.57,4.064,0.5445,0.5097
3068.572,4.064,0.5446,0.5098
3069.57,4.06,0.5434,0.5099
3070.566,4.064,0.537,0.51
3071.571,4.06,0.5431,0.5102
3072.579,4.06,0.5432,0.5103
3073.569,4.064,0.5381,0.5104
3074.579,4.06,0.5441,0.5105
3075.57,4.06,0.5399,0.5107
3076.574,4.064,0.5437,0.5108
3077.566,4.064,0.5443,0.5109
3078.573,4.064,0.5403,0.511
3079.567,4.064,0.5454,0.5112
3080.57,4.064,0.5443,0.5113
3081.579,4.064,0.5401,0.5114
3082.571,4.068,0.5378,0.5115
3083.576,4.064,0.5386,0.5117
3084.569,4.064,0.542,0.5118
3085.575,4.064,0.5411,0.5119
3086.58,4.064,0.5407,0.512
3087.58,4.064,0.5417,0.5122
3088.566,4.064,0.5376,0.5123
3089.57,4.064,0.5429,0.5124
3090.576,4.064,0.5448,0.5125
3091.57,4.064,0.5402,0.5127
3092.575,4.064,0.5349,0.5128
3093.569,4.064,0.5407,0.5129
3094.577,4.068,0.5415,0.513
3095.57,4.068,0.5391,0.5132
3096.575,4.064,0.5419,0.5133
3097.568,4.064,0.5415,0.5134
3098.572,4.068,0.5376,0.5135
3099.581,4.068,0.5402,0.5137
3100.572,4.064,0.5407,0.5138
3101.581,4.064,0.5376,0.5139
3102.572,4.064,0.5381,0.514
3103.58,4.064,0.5405,0.5142
3104.574,4.064,0.5376,0.5143
3105.566,4.068,0.5383,0.5144
3106.574,4.068,0.5399,0.5145
3107.579,4.068,0.539,0.5147
3108.572,4.064,0.5355,0.5148
3109.566,4.068,0.5373,0.5149
3110.571,4.064,0.532,0.515
3111.565,4.064,0.5392,0.5152
3112.571,4.064,0.537,0.5153
3113.579,4.064,0.5342,0.5154
3114.569,4.068,0.5289,0.5155
3115.577,4.064,0.5362,0.5157
3116.57,4.068,0.5327,0.5158
3117.572,4.064,0.5358,0.5159
3118.58,4.064,0.5377,0.516
3119.569,4.068,0.5349,0.5161
3120.577,4.064,0.5347,0.5163
3121.567,4.064,0.5362,0.5164
3122.576,4.064,0.538,0.5165
3123.568,4.068,0.5383,0.5166
3124.576,4.064,0.5304,0.5168
3125.57,4.068,0.5318,0.5169
3126.579,4.068,0.5358,0.517
3127.573,4.068,0.5347,0.5171
3128.575,4.068,0.5341,0.5173
3129.569,4.068,0.5301,0.5174
3130.576,4.068,0.5337,0.5175
3131.579,4.064,0.5336,0.5176
3132.567,4.068,0.5306,0.5178
3133.58,4.068,0.537,0.5179
3134.566,4.068,0.5356,0.518
3135.565,4.064,0.5312,0.5181
3136.573,4.068,0.5347,0.5182
3137.578,4.064,0.5336,0.5184
3138.571,4.068,0.5323,0.5185
3139.576,4.068,0.5337,0.5186
3140.57,4.068,0.5334,0.5187
3141.577,4.064,0.5357,0.5189
3142.569,4.064,0.5275,0.519
3143.578,4.068,0.53,0.5191
3144.566,4.064,0.5321,0.5192
3145.576,4.068,0.5317,0.5194
3146.57,4.068,0.5319,0.5195
3147.577,4.068,0.5278,0.5196
3148.57,4.068,0.5334,0.5197
3149.564,4.068,0.5307,0.5199
3150.572,4.064,0.5328,0.52
3151.578,4.068,0.5326,0.5201
3152.566,4.068,0.5298,0.5202
3153.57,4.068,0.5351,0.5203
3154.572,4.068,0.5335,0.5205
3155.573,4.064,0.5322,0.5206
3156.566,4.068,0.5302,0.5207
3157.572,4.068,0.5334,0.5208
3158.579,4.064,0.5319,0.521
3159.573,4.068,0.5338,0.5211
3160.564,4.068,0.5251,0.5212
3161.575,4.068,0.5342,0.5213
3162.565,4.068,0.5275,0.5215
3163.572,4.068,0.5321,0.5216
3164.565,4.068,0.5261,0.5217
3165.576,4.068,0.5238,0.5218
3166.565,4.068,0.5256,0.5219
3167.571,4.068,0.5249,0.5221
3168.566,4.068,0.5317,0.5222
3169.571,4.068,0.5306,0.5223
3170.564,4.068,0.5347,0.5224
3171.57,4.068,0.5326,0.5226
3172.564,4.068,0.5321,0.5227
3173.57,4.068,0.5307,0.5228
3174.565,4.068,0.5267,0.5229
3175.574,4.068,0.5289,0.523
3176.566,4.068,0.5339,0.5232
3177.566,4.068,0.5276,0.5233
3178.572,4.072,0.5274,0.5234
3179.577,4.068,0.526,0.5235
3180.565,4.068,0.5284,0.5237
3181.577,4.068,0.5301,0.5238
3182.568,4.068,0.5303,0.5239
3183.575,4.068,0.5332,0.524
3184.569,4.068,0.5341,0.5241
3185.574,4.068,0.531,0.5243
3186.565,4.068,0.5314,0.5244
3187.569,4.068,0.5283,0.5245
3188.578,4.068,0.5287,0.5246
3189.571,4.068,0.5254,0.5248
3190.564,4.072,0.5267,0.5249
3191.575,4.068,0.5261,0.525
3192.568,4.068,0.5283,0.5251
3193.574,4.068,0.5204,0.5252
3194.565,4.068,0.5268,0.5254
3195.576,4.072,0.5259,0.5255
3196.566,4.068,0.5262,0.5256
3197.57,4.068,0.5272,0.5257
3198.573,4.064,0.5195,0.5259
3199.577,4.068,0.5214,0.526
3200.563,4.072,0.5215,0.5261
3201.565,4.068,0.5254,0.5262
3202.574,4.068,0.5278,0.5263
3203.566,4.068,0.5264,0.5265
3204.574,4.068,0.5244,0.5266
3205.566,4.068,0.529,0.5267
3206.574,4.072,0.5273,0.5268
3207.568,4.068,0.5237,0.5269
3208.571,4.068,0.5287,0.5271
3209.567,4.072,0.5248,0.5272
3210.571,4.068,0.521,0.5273
3211.564,4.068,0.5237,0.5274
3212.571,4.068,0.5232,0.5276
3213.562,4.068,0.525,0.5277
3214.569,4.068,0.5176,0.5278
3215.562,4.068,0.5214,0.5279
3216.571,4.068,0.5195,0.528
3217.577,4.072,0.524,0.5282
3218.578,4.072,0.5222,0.5283
3219.573,4.068,0.5239,0.5284
3220.576,4.068,0.5238,0.5285
3221.576,4.072,0.5234,0.5286
3222.571,4.068,0.5225,0.5288
3223.578,4.072,0.5254,0.5289
3224.569,4.072,0.5241,0.529
3225.563,4.068,0.5227,0.5291
3226.57,4.072,0.5212,0.5292
3227.564,4.068,0.5229,0.5294
3228.572,4.072,0.5173,0.5295
3229.567,4.068,0.5159,0.5296
3230.572,4.072,0.5239,0.5297
3231.565,4.072,0.5192,0.5299
3232.574,4.068,0.5217,0.53
3233.565,4.072,0.5189,0.5301
3234.574,4.072,0.5266,0.5302
3235.563,4.068,0.522,0.5303
3236.573,4.072,0.5223,0.5305
3237.574,4.072,0.5187,0.5306
3238.565,4.072,0.5207,0.5307
3239.569,4.072,0.5247,0.5308
3240.576,4.072,0.5249,0.5309
3241.568,4.072,0.5174,0.5311
3242.575,4.068,0.514,0.5312
3243.568,4.068,0.5161,0.5313
3244.576,4.072,0.52,0.5314
3245.566,4.072,0.5228,0.5315
3246.571,4.068,0.5235,0.5317
3247.566,4.072,0.5225,0.5318
3248.575,4.072,0.5229,0.5319
3249.569,4.072,0.5219,0.532
3250.564,4.072,0.5177,0.5321
3251.57,4.068,0.524,0.5323
3252.566,4.072,0.5222,0.5324
3253.568,4.072,0.5157,0.5325
3254.561,4.072,0.5215,0.5326
3255.568,4.068,0.5179,0.5327
3256.561,4.076,0.5197,0.5329
3257.568,4.072,0.5222,0.533
3258.574,4.072,0.5188,0.5331
3259.569,4.068,0.515,0.5332
3260.575,4.072,0.5201,0.5333
3261.571,4.072,0.5185,0.5335
3262.576,4.072,0.5161,0.5336
3263.563,4.072,0.5158,0.5337
3264.567,4.072,0.5166,0.5338
3265.57,4.068,0.516,0.5339
3266.573,4.072,0.52,0.5341
3267.574,4.072,0.5192,0.5342
3268.567,4.072,0.5224,0.5343
3269.574,4.072,0.5124,0.5344
3270.567,4.072,0.5136,0.5345
3271.574,4.072,0.5202,0.5347
3272.567,4.072,0.5202,0.5348
3273.573,4.072,0.5213,0.5349
3274.563,4.072,0.5151,0.535
3275.573,4.072,0.5125,0.5351
3276.562,4.068,0.5127,0.5353
3277.573,4.072,0.5114,0.5354
3278.577,4.072,0.5165,0.5355
3279.57,4.072,0.5215,0.5356
3280.561,4.072,0.5223,0.5357
3281.572,4.072,0.5224,0.5359
3282.565,4.072,0.5229,0.536
3283.57,4.072,0.5218,0.5361
3284.57,4.072,0.5171,0.5362
3285.562,4.072,0.5197,0.5363
3286.566,4.072,0.5176,0.5365
3287.567,4.072,0.5199,0.5366
3288.56,4.072,0.5159,0.5367
3289.569,4.072,0.5134,0.5368
3290.563,4.072,0.522,0.5369
3291.573,4.072,0.5128,0.5371
3292.563,4.072,0.5147,0.5372
3293.573,4.072,0.5137,0.5373
3294.563,4.072,0.5154,0.5374
3295.57,4.072,0.5159,0.5375
3296.563,4.068,0.5204,0.5377
3297.562,4.072,0.5111,0.5378
3298.567,4.068,0.5116,0.5379
3299.561,4.072,0.5195,0.538
3300.571,4.076,0.5196,0.5381
3301.56,4.072,0.5154,0.5383
3302.569,4.072,0.5142,0.5384
3303.575,4.072,0.521,0.5385
3304.569,4.076,0.5193,0.5386
3305.576,4.076,0.5171,0.5387
3306.569,4.072,0.512,0.5389
3307.561,4.072,0.5071,0.539
3308.57,4.076,0.5143,0.5391
3309.566,4.072,0.51,0.5392
3310.568,4.072,0.5094,0.5393
3311.56,4.076,0.5154,0.5394
3312.567,4.072,0.508,0.5396
3313.561,4.068,0.5087,0.5397
3314.562,4.072,0.5081,0.5398
3315.57,4.072,0.512,0.5399
3316.564,4.072,0.5162,0.54
3317.569,4.076,0.5178,0.5402
3318.564,4.072,0.5082,0.5403
3319.57,4.072,0.5074,0.5404
3320.564,4.072,0.509,0.5405
3321.57,4.072,0.5144,0.5406
3322.563,4.072,0.5084,0.5407
3323.569,4.072,0.5088,0.5409
3324.559,4.072,0.5151,0.541
3325.566,4.072,0.5159,0.5411
3326.56,4.072,0.5067,0.5412
3327.567,4.072,0.5055,0.5413
3328.573,4.072,0.5072,0.5415
3329.562,4.072,0.5135,0.5416
3330.564,4.072,0.5116,0.5417
3331.564,4.072,0.513,0.5418
3332.565,4.072,0.5128,0.5419
3333.566,4.072,0.5103,0.542
3334.559,4.072,0.5142,0.5422
3335.564,4.072,0.5134,0.5423
3336.573,4.072,0.51,0.5424
3337.562,4.072,0.5136,0.5425
3338.571,4.072,0.5168,0.5426
3339.562,4.076,0.5123,0.5428
3340.572,4.072,0.5061,0.5429
3341.567,4.076,0.5109,0.543
3342.571,4.072,0.5057,0.5431
3343.565,4.072,0.513,0.5432
3344.57,4.072,0.5033,0.5433
3345.563,4.076,0.5063,0.5435
3346.569,4.072,0.5061,0.5436
3347.562,4.072,0.5025,0.5437
3348.572,4.076,0.5124,0.5438
3349.561,4.076,0.5114,0.5439
3350.562,4.076,0.5108,0.5441
3351.565,4.076,0.5074,0.5442
3352.568,4.076,0.5103,0.5443
3353.572,4.072,0.5065,0.5444
3354.563,4.072,0.5084,0.5445
3355.565,4.076,0.5127,0.5446
3356.574,4.072,0.506,0.5448
3357.573,4.076,0.5088,0.5449
3358.561,4.072,0.5077,0.545
3359.568,4.072,0.5075,0.5451
3360.574,4.076,0.5047,0.5452
3361.567,4.072,0.5052,0.5453
3362.573,4.072,0.5058,0.5455
3363.567,4.072,0.5108,0.5456
3364.56,4.076,0.5093,0.5457
3365.566,4.076,0.5109,0.5458
3366.56,4.072,0.5067,0.5459
3367.567,4.072,0.515,0.5461
3368.57,4.076,0.5064,0.5462
3369.561,4.076,0.5055,0.5463
3370.572,4.072,0.5028,0.5464
3371.563,4.076,0.5086,0.5465
3372.573,4.076,0.506,0.5466
3373.568,4.076,0.5076,0.5468
3374.573,4.076,0.5033,0.5469
3375.567,4.076,0.5077,0.547
3376.571,4.072,0.502,0.5471
3377.563,4.076,0.5017,0.5472
3378.571,4.076,0.5085,0.5473
3379.565,4.076,0.507,0.5475
3380.571,4.072,0.5019,0.5476
3381.564,4.076,0.5136,0.5477
3382.572,4.076,0.5093,0.5478
3383.561,4.072,0.5076,0.5479
3384.57,4.072,0.5049,0.548
3385.561,4.072,0.509,0.5482
3386.568,4.076,0.5075,0.5483
3387.573,4.072,0.5035,0.5484
3388.564,4.076,0.5038,0.5485
3389.568,4.076,0.5131,0.5486
3390.557,4.08,0.5125,0.5488
3391.568,4.072,0.5082,0.5489
3392.557,4.076,0.5073,0.549
3393.565,4.076,0.5114,0.5491
3394.57,4.076,0.5083,0.5492
3395.572,4.076,0.5087,0.5493
3396.572,4.072,0.5052,0.5495
3397.559,4.076,0.5065,0.5496
3398.557,4.076,0.5132,0.5497
3399.557,4.076,0.5066,0.5498
3400.568,4.076,0.51,0.5499
3401.558,4.076,0.5056,0.55
3402.568,4.076,0.5031,0.5502
3403.559,4.072,0.5034,0.5503
3404.569,4.076,0.5094,0.5504
3405.573,4.076,0.5099,0.5505
3406.567,4.076,0.5086,0.5506
3407.56,4.08,0.5105,0.5507
3408.567,4.076,0.5076,0.5509
3409.559,4.076,0.5034,0.551
3410.566,4.076,0.5086,0.5511
3411.558,4.076,0.5064,0.5512
3412.563,4.076,0.5015,0.5513
3413.572,4.076,0.5057,0.5515
3414.562,4.076,0.5072,0.5516
3415.571,4.08,0.5013,0.5517
3416.558,4.076,0.5052,0.5518
3417.572,4.076,0.5097,0.5519
3418.557,4.076,0.4999,0.552
3419.558,4.072,0.5029,0.5522
3420.566,4.076,0.5082,0.5523
3421.572,4.076,0.5022,0.5524
3422.568,4.076,0.5038,0.5525
3423.559,4.076,0.5054,0.5526
3424.567,4.076,0.4999,0.5527
3425.559,4.076,0.4997,0.5529
3426.568,4.076,0.4999,0.553
3427.559,4.076,0.5047,0.5531
3428.568,4.076,0.5039,0.5532
3429.559,4.076,0.4998,0.5533
3430.567,4.076,0.5028,0.5534
3431.561,4.08,0.5053,0.5535
3432.569,4.076,0.5087,0.5537
3433.562,4.076,0.4998,0.5538
3434.573,4.08,0.5,0.5539
3435.564,4.076,0.4991,0.554
3436.557,4.076,0.4964,0.5541
3437.558,4.076,0.4955,0.5542
3438.566,4.076,0.4995,0.5544
3439.56,4.076,0.507,0.5545
3440.566,4.076,0.5043,0.5546
3441.56,4.076,0.4994,0.5547
3442.566,4.076,0.4984,0.5548
3443.559,4.076,0.5022,0.5549
3444.566,4.08,0.4957,0.5551
3445.558,4.076,0.4985,0.5552
3446.563,4.076,0.5041,0.5553
3447.557,4.076,0.4993,0.5554
3448.566,4.076,0.4982,0.5555
3449.559,4.076,0.5052,0.5556
3450.569,4.076,0.5051,0.5558
3451.56,4.076,0.5003,0.5559
3452.567,4.08,0.4957,0.556
3453.557,4.076,0.5052,0.5561
3454.565,4.076,0.5021,0.5562
3455.566,4.076,0.4945,0.5563
3456.558,4.08,0.4985,0.5564
3457.565,4.076,0.4993,0.5566
3458.567,4.08,0.5017,0.5567
3459.561,4.076,0.5001,0.5568
3460.559,4.076,0.502,0.5569
3461.561,4.076,0.4978,0.557
3462.559,4.076,0.4975,0.5571
3463.562,4.076,0.4974,0.5573
3464.565,4.076,0.4972,0.5574
3465.567,4.076,0.4985,0.5575
3466.56,4.076,0.4986,0.5576
3467.567,4.076,0.4915,0.5577
3468.561,4.076,0.4994,0.5578
3469.567,4.076,0.496,0.5579
3470.56,4.076,0.4996,0.5581
3471.566,4.076,0.4986,0.5582
3472.558,4.08,0.4951,0.5583
3473.569,4.076,0.4995,0.5584
3474.557,4.08,0.4982,0.5585
3475.567,4.076,0.495,0.5586
3476.559,4.076,0.4981,0.5588
3477.561,4.076,0.5009,0.5589
3478.562,4.076,0.5022,0.559
3479.555,4.076,0.4993,0.5591
3480.562,4.076,0.4955,0.5592
3481.566,4.08,0.4919,0.5593
3482.568,4.076,0.4968,0.5594
3483.568,4.08,0.4952,0.5596
3484.57,4.076,0.4945,0.5597
3485.556,4.08,0.491,0.5598
3486.565,4.076,0.4924,0.5599
3487.57,4.076,0.4991,0.56
3488.564,4.08,0.4997,0.5601
3489.558,4.076,0.4991,0.5602
3490.562,4.076,0.496,0.5604
3491.568,4.076,0.4971,0.5605
3492.559,4.076,0.4925,0.5606
3493.57,4.076,0.4932,0.5607
3494.561,4.076,0.4987,0.5608
3495.568,4.08,0.4934,0.5609
3496.558,4.076,0.4924,0.561
3497.565,4.076,0.4976,0.5612
3498.557,4.076,0.4981,0.5613
3499.563,4.08,0.4986,0.5614
3500.57,4.076,0.4896,0.5615
3501.561,4.072,0.4913,0.5616
3502.569,4.08,0.4966,0.5617
3503.56,4.076,0.4941,0.5618
3504.569,4.076,0.495,0.562
3505.559,4.076,0.493,0.5621
3506.565,4.076,0.4973,0.5622
3507.558,4.08,0.4912,0.5623
3508.562,4.08,0.4936,0.5624
3509.554,4.076,0.5001,0.5625
3510.558,4.08,0.4928,0.5627
3511.568,4.08,0.4974,0.5628
3512.557,4.076,0.4985,0.5629
3513.565,4.076,0.4935,0.563
3514.557,4.08,0.489,0.5631
3515.566,4.08,0.4947,0.5632
3516.559,4.076,0.4892,0.5633
3517.563,4.08,0.4946,0.5635
3518.557,4.08,0.4881,0.5636
3519.561,4.08,0.489,0.5637
3520.555,4.076,0.4979,0.5638
3521.561,4.08,0.4935,0.5639
3522.555,4.076,0.4954,0.564
3523.563,4.08,0.4901,0.5641
3524.566,4.08,0.495,0.5642
3525.557,4.076,0.4888,0.5644
3526.554,4.08,0.4942,0.5645
3527.56,4.08,0.4932,0.5646
3528.557,4.076,0.4865,0.5647
3529.561,4.076,0.4866,0.5648
3530.559,4.076,0.4879,0.5649
3531.568,4.08,0.495,0.565
3532.563,4.08,0.4884,0.5652
3533.568,4.08,0.4912,0.5653
3534.562,4.08,0.492,0.5654
3535.568,4.08,0.4939,0.5655
3536.562,4.076,0.4911,0.5656
3537.562,4.076,0.4878,0.5657
3538.555,4.076,0.4908,0.5658
3539.56,4.076,0.4936,0.566
3540.567,4.08,0.4915,0.5661
3541.56,4.08,0.495,0.5662
3542.553,4.076,0.492,0.5663
3543.564,4.08,0.4933,0.5664
3544.569,4.076,0.4928,0.5665
3545.562,4.076,0.4846,0.5666
3546.569,4.08,0.4913,0.5668
3547.557,4.08,0.4826,0.5669
3548.563,4.08,0.4922,0.567
3549.566,4.08,0.4923,0.5671
3550.569,4.08,0.491,0.5672
3551.558,4.08,0.4933,0.5673
3552.567,4.076,0.4867,0.5674
3553.559,4.076,0.4885,0.5675
3554.567,4.08,0.4873,0.5677
3555.561,4.08,0.4921,0.5678
3556.568,4.08,0.4934,0.5679
3557.559,4.08,0.4939,0.568
3558.564,4.08,0.4928,0.5681
3559.558,4.08,0.4904,0.5682
3560.561,4.08,0.4882,0.5683
3561.554,4.076,0.4943,0.5685
3562.56,4.076,0.4863,0.5686
3563.554,4.08,0.4859,0.5687
3564.564,4.08,0.4877,0.5688
3565.554,4.08,0.4897,0.5689
3566.561,4.08,0.4859,0.569
3567.568,4.08,0.4866,0.5691
3568.562,4.08,0.4929,0.5692
3569.567,4.08,0.4915,0.5694
3570.562,4.076,0.4928,0.5695
3571.556,4.08,0.4917,0.5696
3572.564,4.08,0.4864,0.5697
3573.558,4.076,0.4861,0.5698
3574.564,4.08,0.4869,0.5699
3575.556,4.08,0.49,0.57
3576.562,4.08,0.4823,0.5701
3577.555,4.08,0.4882,0.5703
3578.56,4.08,0.4902,0.5704
3579.568,4.08,0.487,0.5705
3580.562,4.08,0.4863,0.5706
3581.567,4.08,0.4835,0.5707
3582.557,4.076,0.4897,0.5708
3583.565,4.08,0.494,0.5709
3584.56,4.08,0.4862,0.5711
3585.565,4.08,0.4847,0.5712
3586.557,4.08,0.4849,0.5713
3587.564,4.08,0.493,0.5714
3588.557,4.08,0.4864,0.5715
3589.567,4.08,0.489,0.5716
3590.561,4.08,0.4848,0.5717
3591.568,4.076,0.489,0.5718
3592.567,4.08,0.4892,0.572
3593.557,4.08,0.4885,0.5721
3594.554,4.08,0.4915,0.5722
3595.556,4.08,0.4827,0.5723
3596.559,4.08,0.4871,0.5724
3597.561,4.08,0.49,0.5725
3598.552,4.08,0.4897,0.5726
3599.554,4.08,0.483,0.5727
3600.565,4.08,0.4917,0.5729
3601.554,4.08,0.4911,0.573
3602.563,4.08,0.4837,0.5731
3603.556,4.08,0.4833,0.5732
3604.563,4.08,0.482,0.5733
3605.555,4.076,0.4834,0.5734
3606.557,4.08,0.4914,0.5735
3607.566,4.08,0.4875,0.5736
3608.556,4.08,0.4825,0.5738
3609.565,4.08,0.4883,0.5739
3610.557,4.084,0.4842,0.574
3611.567,4.08,0.4872,0.5741
3612.561,4.08,0.4888,0.5742
3613.563,4.08,0.4798,0.5743
3614.567,4.08,0.4827,0.5744
3615.555,4.08,0.4892,0.5745
3616.559,4.08,0.4873,0.5747
3617.565,4.08,0.482,0.5748
3618.559,4.08,0.4807,0.5749
3619.566,4.08,0.4854,0.575
3620.559,4.08,0.4868,0.5751
3621.554,4.08,0.4877,0.5752
3622.56,4.08,0.486,0.5753
3623.552,4.08,0.4875,0.5754
3624.559,4.08,0.4836,0.5756
3625.553,4.08,0.4854,0.5757
3626.554,4.08,0.4916,0.5758
3627.565,4.08,0.4883,0.5759
3628.557,4.08,0.4901,0.576
3629.562,4.08,0.4794,0.5761
3630.563,4.08,0.4862,0.5762
3631.556,4.08,0.4861,0.5763
3632.563,4.08,0.4905,0.5765
3633.554,4.084,0.4881,0.5766
3634.564,4.08,0.4875,0.5767
3635.557,4.08,0.4782,0.5768
3636.566,4.08,0.4847,0.5769
3637.56,4.08,0.4799,0.577
3638.566,4.08,0.4826,0.5771
3639.559,4.084,0.4821,0.5772
3640.564,4.076,0.4773,0.5774
3641.558,4.084,0.4805,0.5775
3642.56,4.08,0.4808,0.5776
3643.553,4.08,0.4832,0.5777
3644.562,4.084,0.4792,0.5778
3645.554,4.084,0.4825,0.5779
3646.562,4.08,0.486,0.578
3647.553,4.08,0.4791,0.5781
3648.557,4.08,0.4842,0.5782
3649.565,4.08,0.4812,0.5784
3650.559,4.08,0.4792,0.5785
3651.565,4.08,0.4797,0.5786
3652.557,4.08,0.4858,0.5787
3653.564,4.08,0.4831,0.5788
3654.556,4.08,0.4831,0.5789
3655.566,4.08,0.4826,0.579
3656.557,4.08,0.4808,0.5791
3657.56,4.08,0.4817,0.5792
3658.556,4.084,0.4817,0.5794
3659.555,4.08,0.4818,0.5795
3660.56,4.08,0.4858,0.5796
3661.562,4.08,0.4843,0.5797
3662.551,4.08,0.4824,0.5798
3663.556,4.08,0.4843,0.5799
3664.562,4.08,0.4838,0.58
3665.554,4.08,0.4792,0.5801
3666.564,4.08,0.4753,0.5803
3667.555,4.08,0.4755,0.5804
3668.564,4.08,0.477,0.5805
3669.557,4.084,0.4786,0.5806
3670.561,4.08,0.4743,0.5807
3671.552,4.084,0.4828,0.5808
3672.562,4.084,0.4821,0.5809
3673.554,4.08,0.4812,0.581
3674.559,4.084,0.4834,0.5811
3675.553,4.08,0.4765,0.5813
3676.558,4.08,0.4821,0.5814
3677.566,4.08,0.4808,0.5815
3678.559,4.08,0.478,0.5816
3679.562,4.084,0.4823,0.5817
3680.552,4.08,0.482,0.5818
3681.556,4.084,0.4817,0.5819
3682.562,4.084,0.4804,0.582
3683.553,4.08,0.4808,0.5821
3684.563,4.08,0.4795,0.5823
3685.552,4.08,0.4824,0.5824
3686.562,4.08,0.4772,0.5825
3687.554,4.08,0.4757,0.5826
3688.558,4.084,0.4816,0.5827
3689.565,4.084,0.4769,0.5828
3690.555,4.084,0.4842,0.5829
3691.565,4.08,0.4743,0.583
3692.554,4.084,0.4717,0.5831
3693.55,4.084,0.4708,0.5832
3694.558,4.08,0.4743,0.5834
3695.563,4.084,0.4757,0.5835
3696.557,4.08,0.4745,0.5836
3697.56,4.08,0.472,0.5837
3698.55,4.084,0.4805,0.5838
3699.556,4.084,0.4774,0.5839
3700.563,4.084,0.4797,0.584
3701.555,4.08,0.4747,0.5841
3702.563,4.08,0.475,0.5842
3703.556,4.08,0.4724,0.5843
3704.561,4.084,0.4778,0.5845
3705.555,4.084,0.4782,0.5846
3706.562,4.084,0.4803,0.5847
3707.555,4.08,0.4807,0.5848
3708.561,4.084,0.4816,0.5849
3709.555,4.08,0.4727,0.585
3710.562,4.08,0.4764,0.5851
3711.556,4.084,0.4793,0.5852
3712.551,4.084,0.4775,0.5853
3713.554,4.084,0.4779,0.5855
3714.561,4.08,0.4667,0.5856
3715.554,4.084,0.4763,0.5857
3716.55,4.084,0.4756,0.5858
3717.549,4.08,0.4782,0.5859
3718.557,4.08,0.4752,0.586
3719.548,4.08,0.4779,0.5861
3720.555,4.08,0.4771,0.5862
3721.564,4.08,0.4794,0.5863
3722.554,4.084,0.4772,0.5864
3723.563,4.084,0.476,0.5866
3724.549,4.08,0.4704,0.5867
3725.551,4.08,0.4745,0.5868
3726.553,4.084,0.4771,0.5869
3727.556,4.08,0.4764,0.587
3728.557,4.084,0.4702,0.5871
3729.563,4.08,0.4795,0.5872
3730.555,4.084,0.4766,0.5873
3731.559,4.084,0.4765,0.5874
3732.551,4.084,0.4761,0.5875
3733.558,4.08,0.4698,0.5877
3734.55,4.084,0.4783,0.5878
3735.557,4.084,0.4746,0.5879
3736.561,4.084,0.4701,0.588
3737.554,4.084,0.474,0.5881
3738.559,4.084,0.4729,0.5882
3739.552,4.084,0.4757,0.5883
3740.557,4.084,0.4776,0.5884
3741.553,4.084,0.4734,0.5885
3742.559,4.084,0.4761,0.5886
3743.55,4.08,0.4786,0.5888
3744.558,4.084,0.4688,0.5889
3745.561,4.084,0.4708,0.589
3746.547,4.084,0.4682,0.5891
3747.551,4.084,0.4717,0.5892
3748.557,4.084,0.4743,0.5893
3749.56,4.08,0.4681,0.5894
3750.554,4.084,0.4749,0.5895
3751.561,4.084,0.4769,0.5896
3752.549,4.08,0.4735,0.5897
3753.558,4.084,0.4781,0.5898
3754.548,4.08,0.4716,0.59
3755.555,4.084,0.4671,0.5901
3756.56,4.084,0.4732,0.5902
3757.555,4.08,0.473,0.5903
3758.563,4.084,0.4781,0.5904
3759.558,4.084,0.4738,0.5905
3760.551,4.084,0.4758,0.5906
3761.556,4.084,0.4758,0.5907
3762.549,4.084,0.4789,0.5908
3763.553,4.084,0.4792,0.5909
3764.559,4.084,0.4766,0.5911
3765.549,4.08,0.4695,0.5912
3766.559,4.084,0.4714,0.5913
3767.549,4.08,0.4735,0.5914
3768.554,4.084,0.4657,0.5915
3769.549,4.084,0.473,0.5916
3770.555,4.088,0.4772,0.5917
3771.548,4.084,0.4758,0.5918
3772.553,4.084,0.4742,0.5919
3773.56,4.084,0.4752,0.592
3774.563,4.084,0.4658,0.5922
3775.557,4.084,0.4697,0.5923
3776.547,4.084,0.4694,0.5924
3777.548,4.084,0.4747,0.5925
3778.557,4.084,0.4742,0.5926
3779.56,4.084,0.4731,0.5927
3780.552,4.084,0.4681,0.5928
3781.556,4.084,0.4658,0.5929
3782.548,4.084,0.4702,0.593
3783.553,4.084,0.4708,0.5931
3784.554,4.088,0.4667,0.5932
3785.556,4.084,0.4677,0.5933
3786.554,4.088,0.4688,0.5935
3787.557,4.08,0.4666,0.5936
3788.562,4.084,0.4694,0.5937
3789.555,4.084,0.4692,0.5938
3790.554,4.084,0.4711,0.5939
3791.559,4.084,0.4671,0.594
3792.555,4.084,0.4732,0.5941
3793.557,4.084,0.4712,0.5942
3794.561,4.084,0.4681,0.5943
3795.55,4.084,0.466,0.5944
3796.557,4.084,0.4698,0.5945
3797.548,4.084,0.4722,0.5947
3798.554,4.088,0.4716,0.5948
3799.558,4.084,0.4722,0.5949
3800.549,4.088,0.4723,0.595
3801.557,4.084,0.4701,0.5951
3802.547,4.088,0.4694,0.5952
3803.554,4.084,0.4645,0.5953
3804.562,4.084,0.4614,0.5954
3805.555,4.088,0.4657,0.5955
3806.558,4.088,0.4697,0.5956
3807.551,4.084,0.4614,0.5957
3808.555,4.084,0.4692,0.5958
3809.547,4.084,0.4695,0.596
3810.555,4.084,0.4709,0.5961
3811.561,4.084,0.4699,0.5962
3812.548,4.084,0.4692,0.5963
3813.55,4.084,0.466,0.5964
3814.549,4.084,0.4699,0.5965
3815.551,4.088,0.4621,0.5966
3816.559,4.084,0.4697,0.5967
3817.549,4.084,0.4687,0.5968
3818.557,4.084,0.4681,0.5969
3819.548,4.084,0.4623,0.597
3820.555,4.084,0.469,0.5971
3821.548,4.084,0.4651,0.5973
3822.553,4.084,0.4623,0.5974
3823.548,4.084,0.4674,0.5975
3824.555,4.084,0.4669,0.5976
3825.548,4.084,0.4736,0.5977
3826.557,4.084,0.4709,0.5978
3827.55,4.084,0.4645,0.5979
3828.557,4.088,0.4636,0.598
3829.548,4.088,0.461,0.5981
3830.557,4.084,0.465,0.5982
3831.548,4.088,0.4691,0.5983
3832.556,4.084,0.4672,0.5984
3833.56,4.084,0.4685,0.5985
3834.553,4.088,0.4659,0.5987
3835.557,4.084,0.4633,0.5988
3836.554,4.088,0.4691,0.5989
3837.55,4.088,0.4698,0.599
3838.553,4.088,0.4648,0.5991
3839.556,4.088,0.4693,0.5992
3840.547,4.084,0.4675,0.5993
3841.556,4.088,0.4643,0.5994
3842.545,4.084,0.4672,0.5995
3843.554,4.084,0.4657,0.5996
3844.546,4.084,0.4653,0.5997
3845.554,4.084,0.4647,0.5998
3846.548,4.088,0.4689,0.6
3847.555,4.084,0.4678,0.6001
3848.545,4.088,0.4649,0.6002
3849.559,4.08,0.4608,0.6003
3850.55,4.084,0.4664,0.6004
3851.555,4.088,0.4613,0.6005
3852.547,4.088,0.4681,0.6006
3853.555,4.084,0.4651,0.6007
3854.56,4.084,0.4609,0.6008
3855.552,4.084,0.4599,0.6009
3856.549,4.088,0.4669,0.601
3857.552,4.088,0.4659,0.6011
3858.555,4.084,0.4622,0.6012
3859.559,4.084,0.4677,0.6013
3860.557,4.088,0.4653,0.6015
3861.548,4.088,0.4566,0.6016
3862.557,4.084,0.4571,0.6017
3863.558,4.084,0.4663,0.6018
3864.551,4.084,0.4661,0.6019
3865.559,4.088,0.4636,0.602
3866.549,4.084,0.4581,0.6021
3867.555,4.088,0.4688,0.6022
3868.546,4.088,0.4633,0.6023
3869.555,4.088,0.4644,0.6024
3870.546,4.084,0.4662,0.6025
3871.556,4.084,0.4659,0.6026
3872.546,4.084,0.4569,0.6027
3873.557,4.088,0.4615,0.6028
3874.548,4.084,0.4628,0.603
3875.556,4.084,0.4592,0.6031
3876.55,4.088,0.4645,0.6032
3877.553,4.084,0.464,0.6033
3878.554,4.084,0.4582,0.6034
3879.556,4.088,0.4598,0.6035
3880.544,4.084,0.4653,0.6036
3881.547,4.088,0.4647,0.6037
3882.554,4.088,0.4614,0.6038
3883.547,4.088,0.4593,0.6039
3884.554,4.084,0.4615,0.604
3885.546,4.084,0.4641,0.6041
3886.551,4.084,0.4585,0.6042
3887.546,4.088,0.4612,0.6043
3888.549,4.088,0.4557,0.6045
3889.555,4.088,0.4641,0.6046
3890.547,4.084,0.4634,0.6047
3891.553,4.088,0.4604,0.6048
3892.546,4.088,0.462,0.6049
3893.553,4.084,0.4627,0.605
3894.546,4.092,0.4583,0.6051
3895.551,4.088,0.4621,0.6052
3896.546,4.088,0.4624,0.6053
3897.548,4.088,0.463,0.6054
3898.547,4.088,0.4598,0.6055
3899.558,4.088,0.4565,0.6056
3900.551,4.084,0.4635,0.6057
3901.559,4.088,0.4581,0.6058
3902.548,4.088,0.4571,0.6059
3903.557,4.088,0.4545,0.6061
3904.55,4.088,0.4624,0.6062
3905.558,4.088,0.4562,0.6063
3906.55,4.088,0.46,0.6064
3907.557,4.088,0.4611,0.6065
3908.549,4.088,0.4527,0.6066
3909.558,4.088,0.4515,0.6067
3910.551,4.088,0.4611,0.6068
3911.556,4.088,0.4572,0.6069
3912.55,4.088,0.4563,0.607
3913.554,4.084,0.4616,0.6071
3914.549,4.088,0.4512,0.6072
3915.553,4.088,0.4576,0.6073
3916.544,4.088,0.4644,0.6074
3917.552,4.084,0.4582,0.6075
3918.555,4.088,0.4596,0.6076
3919.545,4.084,0.4541,0.6077
3920.553,4.088,0.4552,0.6079
3921.558,4.088,0.4614,0.608
3922.558,4.088,0.4606,0.6081
3923.545,4.088,0.4623,0.6082
3924.543,4.088,0.4566,0.6083
3925.558,4.088,0.4616,0.6084
3926.547,4.088,0.4564,0.6085
3927.555,4.088,0.4619,0.6086
3928.547,4.088,0.4627,0.6087
3929.552,4.092,0.4618,0.6088
3930.545,4.088,0.4606,0.6089
3931.551,4.088,0.4618,0.609
3932.558,4.088,0.4607,0.6091
3933.551,4.084,0.4607,0.6092
3934.543,4.088,0.4619,0.6093
3935.55,4.088,0.4589,0.6095
3936.556,4.088,0.4568,0.6096
3937.549,4.088,0.4594,0.6097
3938.552,4.088,0.4589,0.6098
3939.545,4.088,0.4539,0.6099
3940.549,4.088,0.4516,0.61
3941.543,4.088,0.4575,0.6101
3942.553,4.088,0.4584,0.6102
3943.551,4.088,0.4597,0.6103
3944.544,4.088,0.4514,0.6104
3945.546,4.088,0.4568,0.6105
3946.552,4.088,0.452,0.6106
3947.544,4.088,0.4511,0.6107
3948.553,4.088,0.4529,0.6108
3949.546,4.088,0.455,0.6109
3950.553,4.092,0.4504,0.611
3951.544,4.088,0.4612,0.6111
3952.552,4.092,0.4596,0.6112
3953.542,4.088,0.4582,0.6113
3954.548,4.088,0.4553,0.6115
3955.556,4.084,0.4542,0.6116
3956.546,4.092,0.453,0.6117
3957.548,4.088,0.455,0.6118
3958.557,4.088,0.4522,0.6119
3959.542,4.088,0.4535,0.612
3960.551,4.088,0.4541,0.6121
3961.542,4.088,0.4529,0.6122
3962.551,4.088,0.4567,0.6123
3963.543,4.092,0.4564,0.6124
3964.551,4.088,0.4545,0.6125
3965.542,4.092,0.4538,0.6126
3966.551,4.088,0.4551,0.6127
3967.544,4.088,0.4558,0.6128
3968.547,4.092,0.4485,0.6129
3969.557,4.088,0.4468,0.613
3970.544,4.088,0.4471,0.6131
3971.552,4.092,0.453,0.6132
3972.544,4.088,0.4565,0.6133
3973.553,4.088,0.4517,0.6134
3974.545,4.088,0.4544,0.6136
3975.552,4.092,0.4545,0.6137
3976.547,4.084,0.4458,0.6138
3977.552,4.088,0.451,0.6139
3978.547,4.088,0.4543,0.614
3979.55,4.092,0.454,0.6141
3980.543,4.092,0.4594,0.6142
3981.548,4.088,0.4563,0.6143
3982.542,4.088,0.4555,0.6144
3983.546,4.088,0.4544,0.6145
3984.55,4.088,0.4552,0.6146
3985.544,4.088,0.4562,0.6147
3986.549,4.088,0.4479,0.6148
3987.557,4.088,0.4553,0.6149
3988.553,4.088,0.4466,0.615
3989.557,4.088,0.4518,0.6151
3990.543,4.088,0.4479,0.6152
3991.546,4.092,0.4545,0.6153
3992.548,4.092,0.4466,0.6154
3993.554,4.088,0.4569,0.6155
3994.548,4.088,0.4484,0.6156
3995.554,4.092,0.4537,0.6158
3996.549,4.088,0.4507,0.6159
3997.556,4.088,0.4521,0.616
3998.551,4.088,0.4489,0.6161
3999.545,4.092,0.4526,0.6162
4000.549,4.088,0.4488,0.6163
4001.542,4.088,0.4466,0.6164
4002.546,4.088,0.4497,0.6165
4003.557,4.092,0.4514,0.6166
4004.548,4.088,0.4495,0.6167
4005.557,4.088,0.4485,0.6168
4006.551,4.088,0.4504,0.6169
4007.545,4.092,0.4459,0.617
4008.553,4.092,0.4462,0.6171
4009.551,4.092,0.4486,0.6172
4010.554,4.088,0.4534,0.6173
4011.541,4.088,0.4455,0.6174
4012.545,4.088,0.453,0.6175
4013.552,4.092,0.4453,0.6176
4014.544,4.092,0.445,0.6177
4015.554,4.092,0.4457,0.6178
4016.545,4.092,0.4463,0.6179
4017.548,4.088,0.4462,0.618
4018.555,4.088,0.4497,0.6181
4019.54,4.092,0.4516,0.6182
4020.548,4.088,0.4492,0.6184
4021.541,4.088,0.452,0.6185
4022.548,4.092,0.4515,0.6186
4023.541,4.088,0.4459,0.6187
4024.551,4.092,0.4519,0.6188
4025.542,4.088,0.4507,0.6189
4026.553,4.092,0.4539,0.619
4027.555,4.092,0.4522,0.6191
4028.549,4.088,0.4456,0.6192
4029.54,4.088,0.4459,0.6193
4030.55,4.092,0.4493,0.6194
4031.541,4.088,0.4492,0.6195
4032.549,4.092,0.4486,0.6196
4033.543,4.092,0.4426,0.6197
4034.55,4.088,0.4512,0.6198
4035.543,4.088,0.4533,0.6199
4036.547,4.092,0.4505,0.62
4037.541,4.088,0.4443,0.6201
4038.55,4.092,0.4423,0.6202
4039.541,4.092,0.4376,0.6203
4040.547,4.088,0.4421,0.6204
4041.554,4.092,0.4416,0.6205
4042.547,4.092,0.4471,0.6206
4043.55,4.092,0.4388,0.6207
4044.546,4.092,0.4421,0.6208
4045.552,4.088,0.4446,0.6209
4046.543,4.088,0.4467,0.621
4047.551,4.092,0.4462,0.6211
4048.543,4.092,0.4383,0.6212
4049.549,4.092,0.4398,0.6213
4050.555,4.092,0.4459,0.6215
4051.548,4.088,0.4422,0.6216
4052.552,4.092,0.4423,0.6217
4053.541,4.092,0.4412,0.6218
4054.54,4.092,0.443,0.6219
4055.555,4.088,0.4395,0.622
4056.539,4.092,0.4449,0.6221
4057.544,4.092,0.4483,0.6222
4058.545,4.092,0.4406,0.6223
4059.552,4.092,0.4461,0.6224
4060.544,4.088,0.4458,0.6225
4061.551,4.092,0.4446,0.6226
4062.543,4.092,0.4439,0.6227
4063.549,4.092,0.446,0.6228
4064.544,4.088,0.4416,0.6229
4065.552,4.092,0.4467,0.623
4066.54,4.092,0.4405,0.6231
4067.549,4.092,0.4396,0.6232
4068.541,4.092,0.4469,0.6233
4069.548,4.088,0.4427,0.6234
4070.539,4.092,0.4412,0.6235
4071.549,4.088,0.4395,0.6236
4072.553,4.092,0.4473,0.6237
4073.547,4.092,0.4453,0.6238
4074.552,4.092,0.4415,0.6239
4075.54,4.092,0.4472,0.624
4076.544,4.092,0.443,0.6241
4077.54,4.088,0.4403,0.6242
4078.543,4.092,0.4421,0.6243
4079.545,4.092,0.4404,0.6244
4080.552,4.092,0.4431,0.6245
4081.545,4.092,0.441,0.6246
4082.552,4.092,0.4429,0.6247
4083.543,4.092,0.4441,0.6248
4084.55,4.092,0.4388,0.6249
4085.543,4.092,0.4413,0.625
4086.55,4.092,0.4411,0.6251
4087.542,4.096,0.4355,0.6252
4088.55,4.092,0.4361,0.6253
4089.543,4.092,0.4449,0.6254
4090.551,4.092,0.4383,0.6255
4091.541,4.092,0.4399,0.6257
4092.551,4.092,0.4432,0.6258
4093.542,4.092,0.4398,0.6259
4094.551,4.092,0.4366,0.626
4095.541,4.096,0.4443,0.6261
4096.549,4.092,0.4439,0.6262
4097.543,4.092,0.4433,0.6263
4098.551,4.092,0.4454,0.6264
4099.543,4.092,0.4417,0.6265
4100.548,4.092,0.4359,0.6266
4101.541,4.092,0.4361,0.6267
4102.549,4.092,0.4381,0.6268
4103.542,4.092,0.4405,0.6269
4104.55,4.092,0.4413,0.627
4105.543,4.092,0.4432,0.6271
4106.552,4.096,0.4407,0.6272
4107.542,4.092,0.4369,0.6273
4108.553,4.092,0.4421,0.6274
4109.54,4.096,0.4441,0.6275
4110.548,4.096,0.4427,0.6276
4111.539,4.092,0.4439,0.6277
4112.546,4.092,0.4369,0.6278
4113.553,4.092,0.4428,0.6279
4114.543,4.092,0.4456,0.628
4115.549,4.092,0.4391,0.6281
4116.54,4.092,0.4408,0.6282
4117.549,4.092,0.4417,0.6283
4118.539,4.092,0.441,0.6284
4119.549,4.092,0.4435,0.6285
4120.547,4.092,0.4433,0.6286
4121.549,4.092,0.4421,0.6287
4122.548,4.092,0.4396,0.6288
4123.538,4.092,0.4361,0.6289
4124.541,4.092,0.4368,0.629
4125.546,4.092,0.4414,0.6291
4126.541,4.092,0.4391,0.6292
4127.547,4.088,0.4417,0.6293
4128.541,4.092,0.4411,0.6294
4129.55,4.092,0.4404,0.6295
4130.542,4.096,0.4379,0.6296
4131.549,4.092,0.4371,0.6297
4132.542,4.092,0.446,0.6298
4133.551,4.096,0.4435,0.6299
4134.541,4.092,0.4439,0.63
4135.55,4.096,0.4376,0.6301
4136.541,4.092,0.4356,0.6302
4137.541,4.092,0.4383,0.6303
4138.548,4.088,0.4366,0.6304
4139.549,4.092,0.4344,0.6305
4140.54,4.096,0.4359,0.6306
4141.543,4.092,0.4309,0.6307
4142.546,4.096,0.432,0.6308
4143.55,4.092,0.4415,0.6309
4144.538,4.092,0.4348,0.631
4145.543,4.096,0.4322,0.6311
4146.551,4.092,0.4355,0.6313
4147.545,4.092,0.4389,0.6314
4148.551,4.092,0.4356,0.6315
4149.546,4.092,0.4388,0.6316
4150.55,4.092,0.431,0.6317
4151.543,4.096,0.4379,0.6318
4152.544,4.096,0.4401,0.6319
4153.551,4.092,0.4341,0.632
4154.542,4.092,0.4408,0.6321
4155.537,4.096,0.4381,0.6322
4156.545,4.096,0.4374,0.6323
4157.552,4.092,0.4297,0.6324
4158.544,4.092,0.4385,0.6325
4159.548,4.092,0.4377,0.6326
4160.542,4.096,0.4389,0.6327
4161.549,4.096,0.4418,0.6328
4162.543,4.096,0.4393,0.6329
4163.551,4.092,0.4379,0.633
4164.54,4.096,0.4406,0.6331
4165.551,4.092,0.439,0.6332
4166.537,4.092,0.4387,0.6333
4167.544,4.092,0.432,0.6334
4168.538,4.092,0.4339,0.6335
4169.544,4.096,0.4382,0.6336
4170.55,4.096,0.441,0.6337
4171.542,4.096,0.4352,0.6338
4172.551,4.096,0.4414,0.6339
4173.541,4.092,0.4342,0.634
4174.551,4.092,0.4337,0.6341
4175.541,4.096,0.4388,0.6342
4176.551,4.096,0.4353,0.6343
4177.539,4.092,0.4328,0.6344
4178.546,4.092,0.432,0.6345
4179.54,4.096,0.4286,0.6346
4180.548,4.092,0.4335,0.6347
4181.543,4.096,0.4282,0.6348
4182.549,4.096,0.433,0.6349
4183.541,4.096,0.4323,0.635
4184.548,4.092,0.4288,0.6351
4185.541,4.096,0.4359,0.6352
4186.541,4.096,0.4347,0.6353
4187.544,4.096,0.4358,0.6354
4188.542,4.092,0.4364,0.6355
4189.544,4.096,0.4349,0.6356
4190.546,4.092,0.4294,0.6357
4191.551,4.096,0.4306,0.6358
4192.543,4.096,0.4339,0.6359
4193.551,4.096,0.4291,0.636
4194.542,4.096,0.43,0.6361
4195.537,4.092,0.4399,0.6362
4196.546,4.092,0.4387,0.6363
4197.547,4.096,0.4377,0.6364
4198.537,4.092,0.4374,0.6365
4199.542,4.096,0.4304,0.6366
4200.547,4.096,0.4337,0.6367
4201.539,4.092,0.4275,0.6368
4202.546,4.096,0.4334,0.6369
4203.539,4.096,0.4323,0.637
4204.546,4.096,0.4345,0.6371
4205.536,4.092,0.4266,0.6372
4206.545,4.096,0.4319,0.6373
4207.547,4.1,0.435,0.6374
4208.535,4.096,0.4336,0.6375
4209.536,4.096,0.434,0.6376
4210.54,4.092,0.4271,0.6377
4211.546,4.096,0.4298,0.6378
4212.54,4.092,0.4302,0.6379
4213.546,4.096,0.4278,0.638
4214.536,4.096,0.4343,0.6381
4215.549,4.096,0.437,0.6382
4216.536,4.096,0.4344,0.6383
4217.546,4.096,0.4358,0.6384
4218.55,4.096,0.4345,0.6385
4219.544,4.096,0.4355,0.6386
4220.536,4.096,0.4309,0.6387
4221.54,4.096,0.4299,0.6388
4222.535,4.096,0.4278,0.6389
4223.54,4.096,0.4217,0.639
4224.55,4.096,0.4313,0.6391
4225.541,4.096,0.4337,0.6392
4226.535,4.096,0.4318,0.6393
4227.539,4.096,0.4297,0.6394
4228.549,4.096,0.4256,0.6395
4229.542,4.096,0.4253,0.6396
4230.534,4.096,0.4264,0.6397
4231.546,4.096,0.4309,0.6398
4232.536,4.096,0.4276,0.6399
4233.546,4.096,0.4231,0.64
4234.535,4.096,0.4251,0.6401
4235.542,4.096,0.4267,0.6402
4236.549,4.096,0.429,0.6403
4237.542,4.096,0.4288,0.6404
4238.534,4.096,0.4273,0.6405
4239.543,4.1,0.4265,0.6406
4240.535,4.096,0.4292,0.6407
4241.539,4.096,0.4187,0.6408
4242.547,4.092,0.4276,0.6409
4243.539,4.096,0.4274,0.641
4244.549,4.096,0.422,0.6411
4245.543,4.096,0.4287,0.6412
4246.543,4.096,0.4308,0.6413
4247.538,4.096,0.4219,0.6414
4248.543,4.096,0.4224,0.6415
4249.537,4.096,0.4267,0.6416
4250.545,4.092,0.4244,0.6417
4251.538,4.092,0.4259,0.6418
4252.534,4.096,0.4279,0.6419
4253.54,4.096,0.4303,0.642
4254.541,4.096,0.4234,0.6421
4255.542,4.096,0.4291,0.6422
4256.548,4.096,0.4242,0.6423
4257.549,4.092,0.4274,0.6424
4258.543,4.096,0.4281,0.6425
4259.545,4.096,0.4219,0.6425
4260.539,4.096,0.4192,0.6426
4261.546,4.096,0.4259,0.6427
4262.534,4.096,0.4243,0.6428
4263.543,4.096,0.4188,0.6429
4264.544,4.1,0.4245,0.643
4265.54,4.1,0.4277,0.6431
4266.544,4.096,0.4277,0.6432
4267.537,4.096,0.4258,0.6433
4268.543,4.096,0.4222,0.6434
4269.536,4.096,0.4216,0.6435
4270.544,4.096,0.4263,0.6436
4271.537,4.096,0.4252,0.6437
4272.547,4.096,0.4238,0.6438
4273.547,4.096,0.4244,0.6439
4274.549,4.096,0.4183,0.644
4275.535,4.096,0.4201,0.6441
4276.537,4.096,0.4194,0.6442
4277.545,4.096,0.4215,0.6443
4278.537,4.096,0.4183,0.6444
4279.545,4.096,0.4253,0.6445
4280.535,4.096,0.4239,0.6446
4281.542,4.096,0.4242,0.6447
4282.545,4.096,0.4246,0.6448
4283.54,4.096,0.4231,0.6449
4284.547,4.1,0.4254,0.645
4285.54,4.096,0.4212,0.6451
4286.533,4.096,0.4243,0.6452
4287.539,4.096,0.4233,0.6453
4288.547,4.1,0.4188,0.6454
4289.535,4.096,0.4293,0.6455
4290.546,4.096,0.4274,0.6456
4291.537,4.096,0.4256,0.6457
4292.547,4.1,0.4264,0.6458
4293.537,4.096,0.4197,0.6459
4294.548,4.096,0.4182,0.646
4295.541,4.1,0.4201,0.6461
4296.534,4.096,0.4177,0.6462
4297.544,4.096,0.4252,0.6463
4298.534,4.096,0.4288,0.6464
4299.544,4.096,0.4263,0.6465
4300.545,4.096,0.4269,0.6466
4301.538,4.096,0.4249,0.6467
4302.544,4.096,0.4273,0.6468
4303.538,4.096,0.4177,0.6469
4304.547,4.096,0.4263,0.647
4305.538,4.096,0.4222,0.6471
4306.547,4.096,0.4265,0.6472
4307.538,4.096,0.4183,0.6473
4308.547,4.096,0.4215,0.6474
4309.538,4.1,0.4196,0.6474
4310.532,4.096,0.4248,0.6475
4311.539,4.1,0.4288,0.6476
4312.541,4.1,0.4225,0.6477
4313.533,4.096,0.4242,0.6478
4314.538,4.096,0.4198,0.6479
4315.533,4.1,0.4277,0.648
4316.54,4.096,0.4192,0.6481
4317.542,4.1,0.4305,0.6482
4318.544,4.1,0.4181,0.6483
4319.542,4.096,0.4249,0.6484
4320.545,4.096,0.4235,0.6485
4321.546,4.096,0.4206,0.6486
4322.546,4.1,0.4221,0.6487
4323.538,4.096,0.4226,0.6488
4324.544,4.096,0.4255,0.6489
4325.534,4.096,0.4182,0.649
4326.545,4.1,0.423,0.6491
4327.536,4.1,0.4236,0.6492
4328.543,4.1,0.424,0.6493
4329.537,4.096,0.4255,0.6494
4330.543,4.096,0.419,0.6495
4331.537,4.096,0.4157,0.6496
4332.539,4.1,0.4169,0.6497
4333.547,4.096,0.4212,0.6498
4334.536,4.1,0.4235,0.6499
4335.544,4.096,0.4248,0.65
4336.536,4.1,0.4191,0.6501
4337.539,4.096,0.4157,0.6502
4338.533,4.096,0.415,0.6503
4339.532,4.1,0.4138,0.6504
4340.538,4.1,0.4165,0.6505
4341.541,4.096,0.4206,0.6506
4342.545,4.096,0.4195,0.6507
4343.534,4.1,0.414,0.6508
4344.541,4.096,0.4147,0.6509
4345.535,4.1,0.4153,0.651
4346.539,4.096,0.4205,0.6511
4347.532,4.096,0.4229,0.6512
4348.537,4.1,0.4201,0.6512
4349.542,4.1,0.4192,0.6513
4350.547,4.1,0.4194,0.6514
4351.54,4.096,0.4174,0.6515
4352.544,4.1,0.4224,0.6516
4353.534,4.1,0.423,0.6517
4354.543,4.096,0.4216,0.6518
4355.545,4.096,0.4174,0.6519
4356.538,4.1,0.4176,0.652
4357.531,4.096,0.4242,0.6521
4358.54,4.1,0.4204,0.6522
4359.531,4.096,0.4149,0.6523
4360.539,4.096,0.4208,0.6524
4361.532,4.1,0.4149,0.6525
4362.535,4.1,0.4198,0.6526
4363.544,4.1,0.4215,0.6527
4364.534,4.096,0.4163,0.6528
4365.545,4.096,0.4172,0.6529
4366.534,4.096,0.4238,0.653
4367.544,4.1,0.4228,0.6531
4368.531,4.1,0.4248,0.6532
4369.538,4.1,0.4212,0.6533
4370.546,4.1,0.4176,0.6534
4371.532,4.1,0.4197,0.6535
4372.542,4.1,0.4176,0.6536
4373.532,4.1,0.419,0.6537
4374.539,4.096,0.4189,0.6538
4375.546,4.096,0.4133,0.6539
4376.541,4.1,0.4209,0.654
4377.542,4.096,0.4168,0.6541
4378.533,4.096,0.4213,0.6542
4379.535,4.096,0.4173,0.6543
4380.539,4.1,0.4179,0.6544
4381.533,4.1,0.4213,0.6545
4382.54,4.1,0.4169,0.6545
4383.545,4.1,0.4155,0.6546
4384.545,4.1,0.4198,0.6547
4385.532,4.1,0.414,0.6548
4386.545,4.1,0.4121,0.6549
4387.531,4.1,0.415,0.655
4388.534,4.1,0.4144,0.6551
4389.54,4.1,0.4156,0.6552
4390.532,4.096,0.4142,0.6553
4391.539,4.1,0.4182,0.6554
4392.533,4.096,0.4219,0.6555
4393.543,4.1,0.4115,0.6556
4394.537,4.1,0.4225,0.6557
4395.545,4.1,0.4175,0.6558
4396.532,4.1,0.4132,0.6559
4397.541,4.096,0.4135,0.656
4398.533,4.104,0.4192,0.6561
4399.542,4.1,0.4198,0.6562
4400.531,4.096,0.4199,0.6563
4401.54,4.1,0.4206,0.6564
4402.533,4.1,0.4213,0.6565
4403.539,4.096,0.4218,0.6566
4404.531,4.1,0.4174,0.6567
4405.533,4.1,0.4126,0.6568
4406.537,4.1,0.4166,0.6569
4407.542,4.104,0.4231,0.657
4408.53,4.1,0.4141,0.6571
4409.537,4.1,0.4131,0.6572
4410.545,4.1,0.4179,0.6573
4411.539,4.1,0.4191,0.6573
4412.543,4.096,0.4166,0.6574
4413.539,4.1,0.4153,0.6575
4414.541,4.1,0.4214,0.6576
4415.535,4.096,0.421,0.6577
4416.543,4.1,0.421,0.6578
4417.538,4.1,0.4222,0.6579
4418.543,4.1,0.4182,0.658
4419.535,4.1,0.415,0.6581
4420.543,4.096,0.4138,0.6582
4421.534,4.1,0.4177,0.6583
4422.544,4.1,0.4238,0.6584
4423.534,4.1,0.4124,0.6585
4424.542,4.096,0.4155,0.6586
4425.544,4.096,0.413,0.6587
4426.538,4.1,0.4175,0.6588
4427.531,4.104,0.4146,0.6589
4428.538,4.1,0.414,0.659
4429.531,4.1,0.4188,0.6591
4430.538,4.1,0.4194,0.6592
4431.53,4.1,0.4216,0.6593
4432.535,4.1,0.4186,0.6594
4433.542,4.1,0.4206,0.6595
4434.531,4.1,0.4161,0.6596
4435.542,4.104,0.4113,0.6597
4436.537,4.1,0.4214,0.6598
4437.531,4.1,0.4146,0.6599
4438.539,4.1,0.4185,0.66
4439.544,4.1,0.4179,0.6601
4440.536,4.1,0.4077,0.6601
4441.544,4.1,0.4111,0.6602
4442.537,4.1,0.4194,0.6603
4443.537,4.1,0.4177,0.6604
4444.54,4.1,0.4225,0.6605
4445.531,4.1,0.418,0.6606
4446.538,4.1,0.4192,0.6607
4447.53,4.1,0.4183,0.6608
4448.538,4.1,0.4151,0.6609
4449.542,4.104,0.4116,0.661
4450.541,4.1,0.4106,0.6611
4451.531,4.1,0.4184,0.6612
4452.536,4.1,0.418,0.6613
4453.536,4.1,0.4174,0.6614
4454.537,4.1,0.4139,0.6615
4455.528,4.1,0.4134,0.6616
4456.536,4.1,0.4077,0.6617
4457.528,4.1,0.4053,0.6618
4458.538,4.1,0.4077,0.6619
4459.53,4.1,0.4083,0.662
4460.537,4.1,0.4075,0.6621
4461.531,4.1,0.4155,0.6622
4462.535,4.1,0.4111,0.6623
4463.543,4.1,0.4143,0.6624
4464.532,4.1,0.4178,0.6625
4465.538,4.1,0.4124,0.6625
4466.542,4.1,0.4119,0.6626
4467.533,4.1,0.4082,0.6627
4468.542,4.1,0.4114,0.6628
4469.535,4.1,0.4138,0.6629
4470.529,4.1,0.4126,0.663
4471.53,4.1,0.4127,0.6631
4472.535,4.1,0.4103,0.6632
4473.538,4.1,0.4093,0.6633
4474.529,4.1,0.4083,0.6634
4475.531,4.1,0.414,0.6635
4476.539,4.1,0.4131,0.6636
4477.533,4.096,0.4086,0.6637
4478.537,4.1,0.4081,0.6638
4479.542,4.1,0.4124,0.6639
4480.532,4.1,0.4059,0.664
4481.537,4.1,0.4088,0.6641
4482.54,4.104,0.414,0.6642
4483.534,4.104,0.4085,0.6643
4484.539,4.1,0.4062,0.6644
4485.532,4.104,0.412,0.6644
4486.541,4.1,0.4132,0.6645
4487.543,4.1,0.414,0.6646
4488.534,4.1,0.4073,0.6647
4489.539,4.1,0.4115,0.6648
4490.528,4.1,0.4124,0.6649
4491.533,4.1,0.4103,0.665
4492.537,4.1,0.4101,0.6651
4493.529,4.104,0.4089,0.6652
4494.533,4.1,0.4046,0.6653
4495.543,4.1,0.4067,0.6654
4496.533,4.104,0.4121,0.6655
4497.538,4.1,0.412,0.6656
4498.527,4.1,0.407,0.6657
4499.532,4.104,0.405,0.6658
4500.54,4.1,0.4117,0.6659
4501.535,4.1,0.4109,0.666
4502.527,4.1,0.404,0.6661
4503.53,4.1,0.4112,0.6662
4504.539,4.1,0.4106,0.6662
4505.528,4.1,0.4098,0.6663
4506.536,4.1,0.4126,0.6664
4507.542,4.104,0.4109,0.6665
4508.535,4.104,0.412,0.6666
4509.54,4.1,0.4082,0.6667
4510.531,4.1,0.4042,0.6668
4511.539,4.1,0.4042,0.6669
4512.528,4.1,0.4043,0.667
4513.535,4.1,0.4044,0.6671
4514.539,4.1,0.405,0.6672
4515.542,4.1,0.4087,0.6673
4516.54,4.1,0.4121,0.6674
4517.542,4.1,0.4097,0.6675
4518.529,4.1,0.4113,0.6676
4519.529,4.1,0.4079,0.6677
4520.534,4.104,0.406,0.6678
4521.54,4.1,0.412,0.6679
4522.533,4.1,0.4062,0.6679
4523.536,4.104,0.4078,0.668
4524.529,4.1,0.41,0.6681
4525.535,4.104,0.4054,0.6682
4526.529,4.1,0.4107,0.6683
4527.54,4.104,0.4039,0.6684
4528.526,4.1,0.4067,0.6685
4529.532,4.1,0.408,0.6686
4530.538,4.104,0.4108,0.6687
4531.531,4.104,0.4116,0.6688
4532.54,4.104,0.4092,0.6689
4533.535,4.1,0.4096,0.669
4534.526,4.1,0.41,0.6691
4535.531,4.096,0.4057,0.6692
4536.534,4.104,0.4086,0.6693
4537.533,4.104,0.4132,0.6694
4538.537,4.1,0.4043,0.6695
4539.538,4.104,0.4105,0.6696
4540.529,4.1,0.4017,0.6697
4541.532,4.1,0.4014,0.6697
4542.54,4.1,0.4092,0.6698
4543.533,4.1,0.4083,0.6699
4544.54,4.1,0.4075,0.67
4545.531,4.1,0.4029,0.6701
4546.533,4.104,0.4015,0.6702
4547.539,4.1,0.4096,0.6703
4548.526,4.1,0.408,0.6704
4549.537,4.1,0.4065,0.6705
4550.532,4.104,0.3987,0.6706
4551.54,4.104,0.4058,0.6707
4552.535,4.1,0.4076,0.6708
4553.54,4.108,0.4101,0.6709
4554.529,4.104,0.4091,0.671
4555.535,4.1,0.4024,0.6711
4556.529,4.1,0.4077,0.6712
4557.531,4.1,0.4085,0.6712
4558.534,4.1,0.4037,0.6713
4559.54,4.1,0.4077,0.6714
4560.53,4.1,0.4064,0.6715
4561.54,4.1,0.4081,0.6716
4562.531,4.104,0.4056,0.6717
4563.539,4.1,0.4068,0.6718
4564.527,4.104,0.4079,0.6719
4565.533,4.104,0.4078,0.672
4566.526,4.1,0.4044,0.6721
4567.535,4.1,0.4038,0.6722
4568.53,4.1,0.4018,0.6723
4569.535,4.1,0.4085,0.6724
4570.528,4.1,0.4029,0.6725
4571.534,4.104,0.401,0.6726
4572.526,4.1,0.4016,0.6727
4573.531,4.1,0.4019,0.6727
4574.541,4.104,0.4004,0.6728
4575.533,4.1,0.3981,0.6729
4576.538,4.104,0.4016,0.673
4577.539,4.104,0.402,0.6731
4578.53,4.104,0.4024,0.6732
4579.54,4.104,0.4051,0.6733
4580.532,4.1,0.4018,0.6734
4581.536,4.1,0.406,0.6735
4582.525,4.1,0.4082,0.6736
4583.539,4.104,0.402,0.6737
4584.525,4.1,0.398,0.6738
4585.527,4.104,0.3958,0.6739
4586.535,4.1,0.4005,0.674
4587.539,4.104,0.407,0.6741
4588.531,4.104,0.4071,0.6741
4589.538,4.104,0.4066,0.6742
4590.532,4.1,0.4011,0.6743
4591.539,4.104,0.4,0.6744
4592.531,4.1,0.4069,0.6745
4593.525,4.1,0.4073,0.6746
4594.527,4.1,0.408,0.6747
4595.535,4.1,0.4045,0.6748
4596.54,4.1,0.4043,0.6749
4597.532,4.104,0.4017,0.675
4598.54,4.104,0.4047,0.6751
4599.532,4.1,0.4061,0.6752
4600.525,4.104,0.4016,0.6753
4601.533,4.1,0.4019,0.6754
4602.538,4.104,0.4045,0.6755
4603.537,4.104,0.4076,0.6756
4604.525,4.1,0.409,0.6756
4605.525,4.1,0.4051,0.6757
4606.533,4.1,0.403,0.6758
4607.536,4.1,0.3986,0.6759
4608.526,4.104,0.4053,0.676
4609.536,4.104,0.4063,0.6761
4610.525,4.104,0.3973,0.6762
4611.533,4.104,0.4071,0.6763
4612.538,4.104,0.4067,0.6764
4613.531,4.104,0.4065,0.6765
4614.535,4.104,0.4038,0.6766
4615.526,4.1,0.3997,0.6767
4616.53,4.104,0.4014,0.6768
4617.533,4.1,0.4003,0.6769
4618.524,4.1,0.4052,0.677
4619.529,4.104,0.4062,0.677
4620.538,4.104,0.3964,0.6771
4621.528,4.104,0.4043,0.6772
4622.539,4.1,0.3986,0.6773
4623.529,4.1,0.4034,0.6774
4624.537,4.104,0.3993,0.6775
4625.525,4.104,0.4014,0.6776
4626.53,4.1,0.4043,0.6777
4627.536,4.1,0.403,0.6778
4628.528,4.104,0.397,0.6779
4629.538,4.104,0.3976,0.678
4630.525,4.104,0.4069,0.6781
4631.534,4.104,0.4092,0.6782
4632.527,4.1,0.401,0.6783
4633.535,4.104,0.3997,0.6783
4634.529,4.1,0.4027,0.6784
4635.536,4.104,0.4044,0.6785
4636.53,4.104,0.398,0.6786
4637.534,4.104,0.4038,0.6787
4638.529,4.104,0.407,0.6788
4639.536,4.1,0.4047,0.6789
4640.529,4.1,0.4049,0.679
4641.536,4.1,0.4014,0.6791
4642.53,4.104,0.4103,0.6792
4643.523,4.104,0.4056,0.6793
4644.529,4.1,0.4038,0.6794
4645.536,4.104,0.4022,0.6795
4646.526,4.104,0.4024,0.6796
4647.529,4.104,0.3983,0.6797
4648.525,4.104,0.4044,0.6797
4649.527,4.1,0.3988,0.6798
4650.53,4.104,0.4029,0.6799
4651.532,4.1,0.4035,0.68
4652.524,4.1,0.4012,0.6801
4653.527,4.1,0.402,0.6802
4654.535,4.1,0.4013,0.6803
4655.538,4.104,0.4059,0.6804
4656.531,4.104,0.4038,0.6805
4657.522,4.1,0.3981,0.6806
4658.532,4.1,0.3982,0.6807
4659.523,4.104,0.3972,0.6808
4660.529,4.104,0.4006,0.6809
4661.523,4.104,0.4038,0.681
4662.528,4.1,0.4043,0.6811
4663.538,4.104,0.4063,0.6811
4664.531,4.104,0.4042,0.6812
4665.537,4.104,0.4053,0.6813
4666.53,4.1,0.4058,0.6814
4667.524,4.104,0.4038,0.6815
4668.529,4.1,0.4014,0.6816
4669.532,4.104,0.4029,0.6817
4670.537,4.104,0.3966,0.6818
4671.524,4.104,0.4024,0.6819
4672.531,4.104,0.406,0.682
4673.524,4.104,0.4025,0.6821
4674.53,4.1,0.397,0.6822
4675.536,4.1,0.4046,0.6823
4676.528,4.104,0.4031,0.6824
4677.528,4.104,0.3952,0.6824
4678.533,4.1,0.4023,0.6825
4679.538,4.104,0.399,0.6826
4680.526,4.104,0.3931,0.6827
4681.535,4.1,0.4005,0.6828
4682.527,4.1,0.4031,0.6829
4683.534,4.1,0.3971,0.683
4684.527,4.104,0.3961,0.6831
4685.533,4.104,0.401,0.6832
4686.528,4.104,0.4021,0.6833
4687.533,4.104,0.4039,0.6834
4688.533,4.1,0.3977,0.6835
4689.532,4.104,0.4004,0.6836
4690.53,4.104,0.4027,0.6837
4691.537,4.104,0.3962,0.6837
4692.527,4.104,0.4054,0.6838
4693.537,4.104,0.4042,0.6839
4694.527,4.104,0.4029,0.684
4695.522,4.104,0.4062,0.6841
4696.533,4.108,0.4034,0.6842
4697.526,4.104,0.3991,0.6843
4698.534,4.104,0.3947,0.6844
4699.529,4.104,0.3951,0.6845
4700.536,4.104,0.3928,0.6846
4701.527,4.1,0.3946,0.6847
4702.536,4.104,0.399,0.6848
4703.526,4.1,0.4035,0.6849
4704.522,4.104,0.403,0.6849
4705.531,4.104,0.4002,0.685
4706.523,4.104,0.3987,0.6851
4707.532,4.1,0.3973,0.6852
4708.537,4.1,0.4,0.6853
4709.528,4.104,0.399,0.6854
4710.533,4.104,0.3968,0.6855
4711.526,4.104,0.3974,0.6856
4712.531,4.104,0.4019,0.6857
4713.531,4.104,0.4036,0.6858
4714.536,4.104,0.4002,0.6859
4715.522,4.104,0.3977,0.686
4716.534,4.104,0.3968,0.6861
4717.533,4.104,0.3975,0.6861
4718.525,4.104,0.4042,0.6862
4719.531,4.104,0.4039,0.6863
4720.525,4.1,0.3956,0.6864
4721.531,4.1,0.3962,0.6865
4722.523,4.104,0.4051,0.6866
4723.531,4.104,0.404,0.6867
4724.525,4.104,0.3966,0.6868
4725.535,4.104,0.3945,0.6869
4726.527,4.104,0.3933,0.687
4727.521,4.104,0.3938,0.6871
4728.528,4.104,0.4007,0.6872
4729.523,4.104,0.4033,0.6873
4730.528,4.104,0.4026,0.6874
4731.536,4.108,0.3993,0.6874
4732.528,4.104,0.3925,0.6875
4733.521,4.104,0.4037,0.6876
4734.526,4.104,0.4054,0.6877
4735.53,4.104,0.3986,0.6878
4736.532,4.104,0.4,0.6879
4737.531,4.1,0.4024,0.688
4738.521,4.104,0.4014,0.6881
4739.526,4.1,0.4036,0.6882
4740.535,4.1,0.3952,0.6883
4741.526,4.104,0.3967,0.6884
4742.535,4.104,0.3977,0.6885
4743.528,4.104,0.4003,0.6886
4744.532,4.104,0.4011,0.6886
4745.525,4.104,0.3947,0.6887
4746.532,4.104,0.3993,0.6888
4747.523,4.104,0.3959,0.6889
4748.53,4.1,0.394,0.689
4749.536,4.104,0.392,0.6891
4750.527,4.104,0.3922,0.6892
4751.534,4.104,0.3981,0.6893
4752.526,4.104,0.4012,0.6894
4753.533,4.104,0.3979,0.6895
4754.525,4.104,0.399,0.6896
4755.533,4.104,0.3966,0.6897
4756.527,4.104,0.402,0.6897
4757.533,4.104,0.3979,0.6898
4758.526,4.104,0.3949,0.6899
4759.521,4.104,0.396,0.69
4760.527,4.104,0.3937,0.6901
4761.521,4.104,0.3991,0.6902
4762.526,4.1,0.3993,0.6903
4763.535,4.108,0.3956,0.6904
4764.526,4.104,0.3982,0.6905
4765.536,4.108,0.3917,0.6906
4766.526,4.108,0.3998,0.6907
4767.534,4.104,0.4001,0.6908
4768.527,4.104,0.4016,0.6909
4769.534,4.104,0.3963,0.6909
4770.523,4.104,0.394,0.691
4771.525,4.104,0.3961,0.6911
4772.534,4.1,0.4012,0.6912
4773.526,4.104,0.403,0.6913
4774.532,4.104,0.3973,0.6914
4775.527,4.108,0.4037,0.6915
4776.531,4.104,0.4012,0.6916
4777.525,4.108,0.4008,0.6917
4778.527,4.1,0.3982,0.6918
4779.527,4.108,0.3963,0.6919
4780.526,4.104,0.3987,0.692
4781.531,4.104,0.3969,0.6921
4782.531,4.104,0.3956,0.6921
4783.532,4.104,0.3956,0.6922
4784.524,4.104,0.3996,0.6923
4785.53,4.104,0.4014,0.6924
4786.524,4.108,0.3924,0.6925
4787.532,4.104,0.3956,0.6926
4788.522,4.104,0.3966,0.6927
4789.529,4.104,0.3913,0.6928
4790.521,4.104,0.3943,0.6929
4791.527,4.104,0.3986,0.693
4792.534,4.104,0.3919,0.6931
4793.527,4.104,0.3954,0.6932
4794.532,4.104,0.3962,0.6932
4795.526,4.104,0.3896,0.6933
4796.533,4.104,0.3945,0.6934
4797.519,4.104,0.394,0.6935
4798.526,4.104,0.3972,0.6936
4799.532,4.104,0.3976,0.6937
4800.522,4.104,0.3983,0.6938
4801.524,4.1,0.3971,0.6939
4802.527,4.104,0.3961,0.694
4803.53,4.1,0.3928,0.6941
4804.532,4.108,0.3934,0.6942
4805.522,4.104,0.396,0.6942
4806.531,4.104,0.3883,0.6943
4807.522,4.104,0.397,0.6944
4808.527,4.104,0.3973,0.6945
4809.522,4.104,0.3948,0.6946
4810.526,4.104,0.4,0.6947
4811.519,4.104,0.3942,0.6948
4812.526,4.104,0.3944,0.6949
4813.519,4.108,0.3974,0.695
4814.527,4.104,0.3934,0.6951
4815.533,4.104,0.3947,0.6952
4816.525,4.104,0.3975,0.6953
4817.528,4.108,0.3916,0.6953
4818.522,4.108,0.3968,0.6954
4819.528,4.104,0.3905,0.6955
4820.521,4.104,0.3933,0.6956
4821.529,4.104,0.3974,0.6957
4822.521,4.104,0.3965,0.6958
4823.531,4.104,0.3921,0.6959
4824.522,4.104,0.3915,0.696
4825.532,4.108,0.3948,0.6961
4826.52,4.104,0.3948,0.6962
4827.527,4.104,0.3947,0.6963
4828.533,4.104,0.3949,0.6964
4829.525,4.104,0.394,0.6964
4830.533,4.104,0.3971,0.6965
4831.526,4.104,0.3934,0.6966
4832.521,4.104,0.3969,0.6967
4833.527,4.104,0.3989,0.6968
4834.521,4.108,0.3981,0.6969
4835.527,4.104,0.3908,0.697
4836.52,4.108,0.389,0.6971
4837.524,4.104,0.395,0.6972
4838.518,4.108,0.4009,0.6973
4839.528,4.104,0.3908,0.6974
4840.52,4.108,0.3973,0.6974
4841.529,4.104,0.397,0.6975
4842.533,4.104,0.397,0.6976
4843.527,4.104,0.3981,0.6977
4844.529,4.108,0.3915,0.6978
4845.532,4.104,0.3968,0.6979
4846.532,4.104,0.4025,0.698
4847.52,4.1,0.3949,0.6981
4848.522,4.108,0.3913,0.6982
4849.522,4.104,0.3996,0.6983
4850.532,4.104,0.3961,0.6984
4851.52,4.104,0.3989,0.6985
4852.528,4.108,0.396,0.6986
4853.52,4.104,0.3919,0.6986
4854.528,4.104,0.3948,0.6987
4855.521,4.108,0.3952,0.6988
4856.526,4.104,0.3866,0.6989
4857.528,4.104,0.3928,0.699
4858.532,4.104,0.3957,0.6991
4859.522,4.108,0.3977,0.6992
4860.527,4.104,0.3892,0.6993
4861.518,4.108,0.3975,0.6994
4862.524,4.108,0.3934,0.6995
4863.518,4.1,0.3884,0.6996
4864.524,4.104,0.3954,0.6996
4865.527,4.108,0.3973,0.6997
4866.532,4.104,0.3951,0.6998
4867.52,4.104,0.388,0.6999
4868.526,4.104,0.3965,0.7
4869.53,4.108,0.3933,0.7001
4870.52,4.104,0.39,0.7002
4871.53,4.104,0.3949,0.7003
4872.52,4.104,0.3963,0.7004
4873.53,4.104,0.3927,0.7005
4874.528,4.104,0.3898,0.7006
4875.521,4.104,0.3945,0.7006
4876.524,4.104,0.3967,0.7007
4877.518,4.104,0.3983,0.7008
4878.522,4.108,0.3956,0.7009
4879.53,4.104,0.3929,0.701
4880.523,4.104,0.3894,0.7011
4881.531,4.104,0.3907,0.7012
4882.521,4.104,0.3897,0.7013
4883.526,4.108,0.3963,0.7014
4884.52,4.104,0.3927,0.7015
4885.524,4.104,0.3903,0.7016
4886.518,4.104,0.3903,0.7016
4887.518,4.108,0.396,0.7017
4888.528,4.108,0.396,0.7018
4889.52,4.108,0.3967,0.7019
4890.524,4.104,0.3951,0.702
4891.519,4.108,0.3954,0.7021
4892.527,4.108,0.3965,0.7022
4893.52,4.104,0.3978,0.7023
4894.526,4.104,0.3934,0.7024
4895.517,4.108,0.3943,0.7025
4896.522,4.104,0.3968,0.7026
4897.526,4.108,0.3913,0.7027
4898.524,4.104,0.3892,0.7027
4899.529,4.104,0.3876,0.7028
4900.522,4.104,0.3893,0.7029
4901.529,4.108,0.3934,0.703
4902.523,4.108,0.392,0.7031
4903.53,4.108,0.3935,0.7032
4904.524,4.104,0.3935,0.7033
4905.516,4.108,0.3898,0.7034
4906.525,4.104,0.3932,0.7035
4907.52,4.104,0.3945,0.7036
4908.527,4.108,0.3907,0.7036
4909.521,4.104,0.3985,0.7037
4910.526,4.108,0.3934,0.7038
4911.53,4.104,0.3912,0.7039
4912.529,4.104,0.3881,0.704
4913.516,4.104,0.3891,0.7041
4914.516,4.104,0.3929,0.7042
4915.518,4.104,0.3942,0.7043
4916.524,4.104,0.3874,0.7044
4917.527,4.108,0.397,0.7045
4918.518,4.108,0.3922,0.7046
4919.523,4.104,0.3861,0.7046
4920.518,4.108,0.39,0.7047
4921.526,4.108,0.3916,0.7048
4922.519,4.108,0.3953,0.7049
4923.527,4.104,0.3935,0.705
4924.53,4.104,0.3953,0.7051
4925.524,4.108,0.3892,0.7052
4926.515,4.108,0.3949,0.7053
4927.523,4.108,0.389,0.7054
4928.527,4.108,0.3925,0.7055
4929.52,4.104,0.3946,0.7056
4930.526,4.104,0.3936,0.7056
4931.519,4.108,0.3944,0.7057
4932.523,4.104,0.3849,0.7058
4933.523,4.108,0.393,0.7059
4934.526,4.104,0.3946,0.706
4935.529,4.108,0.3918,0.7061
4936.521,4.104,0.3899,0.7062
4937.526,4.108,0.3912,0.7063
4938.519,4.104,0.3899,0.7064
4939.53,4.104,0.3885,0.7065
4940.522,4.108,0.3961,0.7066
4941.515,4.108,0.3923,0.7066
4942.523,4.104,0.3921,0.7067
4943.529,4.108,0.3912,0.7068
4944.518,4.104,0.3926,0.7069
4945.529,4.104,0.3947,0.707
4946.52,4.108,0.3911,0.7071
4947.528,4.104,0.3945,0.7072
4948.52,4.104,0.3874,0.7073
4949.529,4.104,0.3896,0.7074
4950.524,4.108,0.3962,0.7075
4951.515,4.108,0.3923,0.7076
4952.524,4.104,0.3929,0.7076
4953.516,4.108,0.3917,0.7077
4954.525,4.108,0.3876,0.7078
4955.515,4.108,0.3939,0.7079
4956.524,4.108,0.3929,0.708
4957.518,4.108,0.396,0.7081
4958.521,4.108,0.3893,0.7082
4959.516,4.108,0.3939,0.7083
4960.52,4.108,0.3932,0.7084
4961.53,4.104,0.395,0.7085
4962.521,4.108,0.3924,0.7086
4963.526,4.108,0.3946,0.7086
4964.52,4.108,0.3943,0.7087
4965.527,4.108,0.3923,0.7088
4966.52,4.104,0.3964,0.7089
4967.525,4.108,0.3964,0.709
4968.518,4.108,0.3862,0.7091
4969.525,4.108,0.3956,0.7092
4970.518,4.104,0.387,0.7093
4971.525,4.104,0.3893,0.7094
4972.516,4.104,0.3897,0.7095
4973.524,4.104,0.395,0.7096
4974.517,4.108,0.3957,0.7096
4975.523,4.108,0.3923,0.7097
4976.528,4.104,0.3892,0.7098
4977.514,4.104,0.3937,0.7099
4978.527,4.108,0.3945,0.71
4979.524,4.108,0.3916,0.7101
4980.524,4.108,0.3933,0.7102
4981.524,4.108,0.3855,0.7103
4982.515,4.104,0.3935,0.7104
4983.519,4.108,0.3962,0.7105
4984.527,4.108,0.3913,0.7105
4985.521,4.104,0.3858,0.7106
4986.53,4.104,0.3839,0.7107
4987.521,4.104,0.3859,0.7108
4988.528,4.108,0.3929,0.7109
4989.521,4.104,0.3856,0.711
4990.527,4.104,0.3832,0.7111
4991.522,4.108,0.3865,0.7112
4992.528,4.108,0.3943,0.7113
4993.519,4.108,0.3909,0.7114
4994.528,4.104,0.3848,0.7114
4995.522,4.104,0.3867,0.7115
4996.516,4.108,0.3852,0.7116
4997.522,4.108,0.3874,0.7117
4998.515,4.108,0.3931,0.7118
4999.515,4.104,0.392,0.7119
5000.519,4.108,0.383,0.712
5001.521,4.104,0.3908,0.7121
5002.527,4.104,0.3883,0.7122
5003.519,4.104,0.3883,0.7123
5004.525,4.108,0.391,0.7123
5005.519,4.104,0.3862,0.7124
5006.526,4.108,0.3941,0.7125
5007.521,4.108,0.3909,0.7126
5008.527,4.108,0.3941,0.7127
5009.518,4.108,0.3901,0.7128
5010.524,4.108,0.3935,0.7129
5011.518,4.104,0.3932,0.713
5012.527,4.104,0.392,0.7131
5013.517,4.108,0.3893,0.7132
5014.527,4.108,0.3873,0.7133
5015.518,4.104,0.3891,0.7133
5016.525,4.104,0.3895,0.7134
5017.516,4.108,0.3909,0.7135
5018.523,4.108,0.385,0.7136
5019.513,4.108,0.3848,0.7137
5020.517,4.108,0.3842,0.7138
5021.528,4.104,0.385,0.7139
5022.52,4.108,0.3941,0.714
5023.523,4.104,0.3864,0.7141
5024.515,4.108,0.3915,0.7141
5025.523,4.108,0.3933,0.7142
5026.513,4.108,0.3924,0.7143
5027.521,4.108,0.3909,0.7144
5028.527,4.108,0.3919,0.7145
5029.516,4.104,0.3916,0.7146
5030.526,4.108,0.3836,0.7147
5031.515,4.108,0.3878,0.7148
5032.523,4.104,0.3844,0.7149
5033.514,4.104,0.3866,0.715
5034.523,4.108,0.3858,0.715
5035.512,4.108,0.3866,0.7151
5036.521,4.108,0.3879,0.7152
5037.524,4.108,0.389,0.7153
5038.526,4.108,0.3931,0.7154
5039.516,4.108,0.3913,0.7155
5040.523,4.108,0.3881,0.7156
5041.515,4.108,0.3858,0.7157
5042.521,4.108,0.3907,0.7158
5043.526,4.108,0.3912,0.7159
5044.527,4.108,0.3899,0.716
5045.512,4.108,0.3885,0.716
5046.515,4.108,0.3858,0.7161
5047.514,4.104,0.3873,0.7162
5048.516,4.108,0.3842,0.7163
5049.523,4.108,0.3892,0.7164
5050.516,4.104,0.3854,0.7165
5051.524,4.108,0.3824,0.7166
5052.517,4.108,0.391,0.7167
5053.525,4.108,0.3901,0.7168
5054.516,4.108,0.3906,0.7168
5055.525,4.108,0.386,0.7169
5056.517,4.108,0.3876,0.717
5057.524,4.108,0.3894,0.7171
5058.515,4.104,0.3816,0.7172
5059.524,4.108,0.3849,0.7173
5060.516,4.108,0.3835,0.7174
5061.524,4.108,0.387,0.7175
5062.516,4.104,0.3845,0.7176
5063.522,4.108,0.3891,0.7177
5064.515,4.108,0.3876,0.7177
5065.517,4.108,0.3838,0.7178
5066.522,4.108,0.3875,0.7179
5067.523,4.108,0.3888,0.718
5068.513,4.108,0.39,0.7181
5069.52,4.108,0.3892,0.7182
5070.513,4.108,0.3895,0.7183
5071.524,4.108,0.3903,0.7184
5072.517,4.108,0.3852,0.7185
5073.526,4.108,0.3897,0.7185
5074.515,4.108,0.3859,0.7186
5075.525,4.108,0.3909,0.7187
5076.515,4.108,0.3909,0.7188
5077.524,4.108,0.3877,0.7189
5078.517,4.108,0.3912,0.719
5079.522,4.108,0.3838,0.7191
5080.518,4.108,0.3812,0.7192
5081.524,4.108,0.3799,0.7193
5082.515,4.108,0.3917,0.7194
5083.519,4.108,0.3878,0.7194
5084.514,4.108,0.3837,0.7195
5085.521,4.108,0.3857,0.7196
5086.513,4.108,0.3859,0.7197
5087.522,4.108,0.3822,0.7198
5088.527,4.108,0.3849,0.7199
5089.522,4.108,0.3899,0.72
5090.513,4.108,0.3869,0.7201
5091.524,4.108,0.3855,0.7202
5092.516,4.108,0.3881,0.7202
5093.525,4.108,0.3878,0.7203
5094.517,4.104,0.3874,0.7204
5095.524,4.108,0.3857,0.7205
5096.52,4.108,0.3884,0.7206
5097.518,4.108,0.3901,0.7207
5098.524,4.104,0.3833,0.7208
5099.526,4.108,0.3841,0.7209
5100.52,4.108,0.3932,0.721
5101.524,4.108,0.3894,0.7211
5102.518,4.108,0.3881,0.7211
5103.511,4.108,0.384,0.7212
5104.513,4.108,0.3903,0.7213
5105.521,4.104,0.3835,0.7214
5106.526,4.108,0.3848,0.7215
5107.518,4.108,0.3911,0.7216
5108.525,4.108,0.389,0.7217
5109.516,4.108,0.3833,0.7218
5110.518,4.104,0.3825,0.7219
5111.52,4.108,0.3822,0.722
5112.521,4.108,0.3837,0.722
5113.52,4.108,0.385,0.7221
5114.525,4.108,0.3855,0.7222
5115.517,4.108,0.389,0.7223
5116.512,4.108,0.3848,0.7224
5117.516,4.108,0.3918,0.7225
5118.524,4.108,0.3907,0.7226
5119.519,4.108,0.3848,0.7227
5120.524,4.108,0.3912,0.7228
5121.517,4.108,0.3853,0.7228
5122.524,4.108,0.3876,0.7229
5123.516,4.108,0.3885,0.723
5124.52,4.108,0.3892,0.7231
5125.513,4.108,0.3872,0.7232
5126.52,4.104,0.3859,0.7233
5127.514,4.104,0.381,0.7234
5128.524,4.108,0.3803,0.7235
5129.513,4.108,0.3856,0.7236
5130.521,4.108,0.3876,0.7237
5131.524,4.108,0.3804,0.7237
5132.516,4.108,0.3824,0.7238
5133.516,4.108,0.3889,0.7239
5134.522,4.108,0.3869,0.724
5135.516,4.108,0.3916,0.7241
5136.524,4.108,0.3913,0.7242
5137.519,4.108,0.3899,0.7243
5138.51,4.108,0.3841,0.7244
5139.517,4.108,0.3893,0.7245
5140.522,4.108,0.3846,0.7245
5141.517,4.108,0.3866,0.7246
5142.523,4.108,0.3866,0.7247
5143.517,4.108,0.3916,0.7248
5144.511,4.108,0.3869,0.7249
5145.517,4.108,0.3877,0.725
5146.512,4.108,0.3891,0.7251
5147.517,4.108,0.3913,0.7252
5148.51,4.108,0.3815,0.7253
5149.513,4.108,0.3843,0.7254
5150.521,4.108,0.3855,0.7254
5151.509,4.108,0.3824,0.7255
5152.518,4.108,0.3838,0.7256
5153.511,4.108,0.3847,0.7257
5154.515,4.108,0.3884,0.7258
5155.524,4.108,0.3819,0.7259
5156.515,4.108,0.3886,0.726
5157.516,4.108,0.3869,0.7261
5158.52,4.108,0.3845,0.7262
5159.525,4.108,0.389,0.7262
5160.517,4.108,0.3859,0.7263
5161.521,4.108,0.3881,0.7264
5162.515,4.108,0.3895,0.7265
5163.524,4.112,0.3817,0.7266
5164.517,4.104,0.3885,0.7267
5165.522,4.108,0.3839,0.7268
5166.518,4.108,0.3841,0.7269
5167.523,4.108,0.389,0.727
5168.516,4.108,0.3795,0.727
5169.525,4.108,0.3773,0.7271
5170.514,4.108,0.383,0.7272
5171.523,4.108,0.3879,0.7273
5172.511,4.108,0.3832,0.7274
5173.52,4.104,0.3844,0.7275
5174.524,4.108,0.3843,0.7276
5175.514,4.108,0.3824,0.7277
5176.518,4.108,0.3872,0.7278
5177.52,4.108,0.3781,0.7278
5178.519,4.108,0.386,0.7279
5179.518,4.108,0.3865,0.728
5180.521,4.108,0.3844,0.7281
5181.513,4.108,0.3778,0.7282
5182.523,4.108,0.3824,0.7283
5183.512,4.104,0.3852,0.7284
5184.522,4.108,0.3804,0.7285
5185.516,4.108,0.381,0.7286
5186.522,4.108,0.3783,0.7286
5187.516,4.108,0.3853,0.7287
5188.523,4.108,0.3833,0.7288
5189.514,4.108,0.3864,0.7289
5190.517,4.108,0.384,0.729
5191.51,4.108,0.3789,0.7291
5192.515,4.108,0.3848,0.7292
5193.524,4.108,0.3843,0.7293
5194.517,4.108,0.3843,0.7294
5195.523,4.108,0.3829,0.7294
5196.514,4.108,0.3776,0.7295
5197.512,4.108,0.3835,0.7296
5198.515,4.108,0.3784,0.7297
5199.52,4.108,0.3849,0.7298
5200.51,4.108,0.3877,0.7299
5201.52,4.108,0.3789,0.73
5202.511,4.108,0.3839,0.7301
5203.52,4.108,0.3784,0.7302
5204.512,4.112,0.386,0.7302
5205.521,4.108,0.3835,0.7303
5206.512,4.108,0.387,0.7304
5207.524,4.108,0.378,0.7305
5208.512,4.108,0.3842,0.7306
5209.52,4.108,0.3776,0.7307
5210.511,4.108,0.3848,0.7308
5211.519,4.108,0.3777,0.7309
5212.512,4.108,0.3758,0.7309
5213.519,4.108,0.3863,0.731
5214.513,4.108,0.3785,0.7311
5215.519,4.108,0.3798,0.7312
5216.513,4.108,0.3871,0.7313
5217.513,4.104,0.3864,0.7314
5218.52,4.108,0.3854,0.7315
5219.512,4.108,0.3837,0.7316
5220.518,4.112,0.3784,0.7317
5221.51,4.108,0.3863,0.7317
5222.517,4.108,0.3796,0.7318
5223.512,4.108,0.3834,0.7319
5224.518,4.108,0.3782,0.732
5225.512,4.112,0.3843,0.7321
5226.522,4.108,0.3841,0.7322
5227.514,4.108,0.3855,0.7323
5228.518,4.112,0.3834,0.7324
5229.508,4.108,0.3827,0.7325
5230.518,4.108,0.3781,0.7325
5231.509,4.108,0.3845,0.7326
5232.517,4.108,0.3811,0.7327
5233.509,4.108,0.3855,0.7328
5234.519,4.108,0.3804,0.7329
5235.512,4.108,0.3772,0.733
5236.519,4.108,0.3862,0.7331
5237.511,4.108,0.3858,0.7332
5238.519,4.108,0.3829,0.7332
5239.512,4.108,0.373,0.7333
5240.518,4.112,0.3822,0.7334
5241.508,4.108,0.3837,0.7335
5242.509,4.108,0.3831,0.7336
5243.512,4.108,0.382,0.7337
5244.516,4.108,0.3864,0.7338
5245.514,4.108,0.3841,0.7339
5246.518,4.112,0.3857,0.734
5247.507,4.104,0.3848,0.734
5248.516,4.108,0.3833,0.7341
5249.521,4.108,0.3793,0.7342
5250.514,4.108,0.3738,0.7343
5251.507,4.108,0.3837,0.7344
5252.513,4.108,0.3826,0.7345
5253.52,4.108,0.3807,0.7346
5254.513,4.108,0.3825,0.7347
5255.519,4.108,0.3759,0.7348
5256.51,4.108,0.3841,0.7348
5257.518,4.108,0.3798,0.7349
5258.512,4.108,0.3735,0.735
5259.521,4.108,0.3762,0.7351
5260.514,4.108,0.3774,0.7352
5261.522,4.108,0.382,0.7353
5262.516,4.108,0.3829,0.7354
5263.518,4.108,0.3737,0.7355
5264.507,4.108,0.3804,0.7355
5265.512,4.108,0.3803,0.7356
5266.514,4.108,0.3808,0.7357
5267.51,4.108,0.373,0.7358
5268.516,4.112,0.3721,0.7359
5269.51,4.108,0.3724,0.736
5270.517,4.112,0.379,0.7361
5271.514,4.108,0.3798,0.7362
5272.521,4.112,0.3784,0.7362
5273.515,4.108,0.3854,0.7363
5274.507,4.108,0.3762,0.7364
5275.516,4.108,0.3826,0.7365
5276.51,4.108,0.3746,0.7366
5277.508,4.112,0.3782,0.7367
5278.515,4.108,0.3771,0.7368
5279.518,4.108,0.3784,0.7369
5280.521,4.108,0.3756,0.7369
5281.511,4.108,0.3782,0.737
5282.52,4.108,0.3843,0.7371
5283.512,4.108,0.3774,0.7372
5284.519,4.108,0.3824,0.7373
5285.51,4.108,0.3818,0.7374
5286.514,4.108,0.3841,0.7375
5287.51,4.108,0.3791,0.7376
5288.517,4.108,0.3786,0.7376
5289.512,4.108,0.3778,0.7377
5290.515,4.108,0.3751,0.7378
5291.508,4.108,0.3778,0.7379
5292.516,4.112,0.3797,0.738
5293.509,4.108,0.3799,0.7381
5294.518,4.108,0.3832,0.7382
5295.509,4.108,0.3837,0.7383
5296.519,4.108,0.3818,0.7383
5297.521,4.108,0.3799,0.7384
5298.513,4.108,0.3808,0.7385
5299.519,4.108,0.3764,0.7386
5300.511,4.108,0.386,0.7387
5301.507,4.112,0.3843,0.7388
5302.512,4.108,0.3771,0.7389
5303.518,4.112,0.3839,0.739
5304.508,4.108,0.3737,0.7391
5305.516,4.108,0.3827,0.7391
5306.506,4.108,0.3745,0.7392
5307.512,4.112,0.378,0.7393
5308.513,4.108,0.3797,0.7394
5309.518,4.108,0.3811,0.7395
5310.518,4.108,0.3833,0.7396
5311.514,4.108,0.3767,0.7397
5312.505,4.112,0.3746,0.7398
5313.508,4.108,0.3795,0.7398
5314.517,4.108,0.3815,0.7399
5315.519,4.108,0.3761,0.74
5316.512,4.108,0.3725,0.7401
5317.505,4.108,0.3763,0.7402
5318.515,4.112,0.3739,0.7403
5319.507,4.108,0.3735,0.7404
5320.514,4.108,0.3796,0.7405
5321.507,4.108,0.3789,0.7405
5322.515,4.108,0.381,0.7406
5323.505,4.112,0.3841,0.7407
5324.511,4.108,0.3862,0.7408
5325.518,4.108,0.3861,0.7409
5326.512,4.112,0.3777,0.741
5327.519,4.108,0.3807,0.7411
5328.51,4.112,0.3789,0.7412
5329.515,4.112,0.3799,0.7412
5330.517,4.108,0.3786,0.7413
5331.518,4.108,0.3805,0.7414
5332.508,4.112,0.3766,0.7415
5333.516,4.108,0.3813,0.7416
5334.508,4.108,0.3792,0.7417
5335.516,4.112,0.3814,0.7418
5336.506,4.108,0.3806,0.7419
5337.505,4.108,0.3848,0.742
5338.509,4.112,0.3738,0.742
5339.515,4.108,0.3798,0.7421
5340.506,4.112,0.3728,0.7422
5341.511,4.108,0.3756,0.7423
5342.506,4.108,0.3754,0.7424
5343.513,4.108,0.3751,0.7425
5344.505,4.112,0.3824,0.7426
5345.509,4.112,0.3807,0.7426
5346.505,4.112,0.3805,0.7427
5347.511,4.108,0.381,0.7428
5348.516,4.112,0.385,0.7429
5349.506,4.112,0.3768,0.743
5350.516,4.112,0.3809,0.7431
5351.51,4.108,0.3771,0.7432
5352.513,4.108,0.383,0.7433
5353.506,4.108,0.3787,0.7434
5354.507,4.112,0.378,0.7434
5355.517,4.112,0.3778,0.7435
5356.509,4.112,0.3813,0.7436
5357.517,4.108,0.3733,0.7437
5358.509,4.112,0.3759,0.7438
5359.513,4.108,0.3736,0.7439
5360.506,4.108,0.373,0.744
5361.513,4.112,0.3773,0.7441
5362.507,4.112,0.373,0.7441
5363.513,4.112,0.3807,0.7442
5364.506,4.108,0.3782,0.7443
5365.516,4.108,0.3757,0.7444
5366.508,4.108,0.3757,0.7445
5367.517,4.108,0.375,0.7446
5368.518,4.108,0.3742,0.7447
5369.512,4.108,0.3788,0.7447
5370.514,4.108,0.3742,0.7448
5371.505,4.108,0.3809,0.7449
5372.513,4.108,0.3715,0.745
5373.515,4.108,0.3733,0.7451
5374.504,4.112,0.3736,0.7452
5375.507,4.108,0.3768,0.7453
5376.51,4.108,0.3832,0.7454
5377.51,4.108,0.3747,0.7454
5378.517,4.108,0.3794,0.7455
5379.508,4.112,0.3803,0.7456
5380.515,4.108,0.3787,0.7457
5381.507,4.108,0.3787,0.7458
5382.515,4.108,0.3747,0.7459
5383.509,4.112,0.3715,0.746
5384.517,4.108,0.372,0.7461
5385.51,4.108,0.3818,0.7461
5386.512,4.108,0.3725,0.7462
5387.506,4.112,0.3734,0.7463
5388.513,4.112,0.3794,0.7464
5389.505,4.108,0.3835,0.7465
5390.511,4.112,0.3793,0.7466
5391.518,4.112,0.3793,0.7467
5392.51,4.112,0.383,0.7468
5393.502,4.108,0.3726,0.7468
5394.51,4.108,0.3794,0.7469
5395.515,4.108,0.3822,0.747
5396.505,4.108,0.3741,0.7471
5397.505,4.108,0.3782,0.7472
5398.51,4.108,0.3806,0.7473
5399.516,4.112,0.3766,0.7474
5400.506,4.112,0.3725,0.7475
5401.514,4.108,0.3728,0.7475
5402.506,4.108,0.3681,0.7476
5403.518,4.108,0.3737,0.7477
5404.507,4.112,0.3717,0.7478
5405.517,4.108,0.3771,0.7479
5406.51,4.108,0.3735,0.748
5407.505,4.112,0.3753,0.7481
5408.516,4.108,0.3732,0.7481
5409.507,4.108,0.3741,0.7482
5410.517,4.108,0.3759,0.7483
5411.507,4.108,0.3714,0.7484
5412.518,4.112,0.377,0.7485
5413.507,4.112,0.3713,0.7486
5414.517,4.108,0.3744,0.7487
5415.509,4.112,0.3694,0.7487
5416.503,4.108,0.3709,0.7488
5417.512,4.108,0.3668,0.7489
5418.503,4.108,0.3712,0.749
5419.514,4.108,0.3698,0.7491
5420.504,4.108,0.3711,0.7492
5421.511,4.108,0.3706,0.7493
5422.503,4.108,0.3801,0.7494
5423.512,4.108,0.3704,0.7494
5424.507,4.108,0.3725,0.7495
5425.514,4.108,0.3749,0.7496
5426.507,4.108,0.3787,0.7497
5427.513,4.112,0.3744,0.7498
5428.509,4.108,0.3744,0.7499
5429.511,4.108,0.3758,0.75
5430.505,4.112,0.3678,0.75
5431.513,4.112,0.3701,0.7501
5432.505,4.108,0.3706,0.7502
5433.513,4.112,0.3767,0.7503
5434.504,4.108,0.3702,0.7504
5435.511,4.108,0.3713,0.7505
5436.517,4.112,0.3719,0.7506
5437.51,4.108,0.3789,0.7506
5438.502,4.108,0.3708,0.7507
5439.503,4.108,0.3706,0.7508
5440.506,4.108,0.3746,0.7509
5441.507,4.112,0.3742,0.751
5442.505,4.112,0.3763,0.7511
5443.509,4.112,0.3709,0.7512
5444.515,4.108,0.3737,0.7513
5445.505,4.112,0.3778,0.7513
5446.512,4.112,0.381,0.7514
5447.502,4.112,0.3732,0.7515
5448.512,4.108,0.3773,0.7516
5449.505,4.112,0.3789,0.7517
5450.513,4.108,0.3777,0.7518
5451.507,4.112,0.3748,0.7519
5452.51,4.112,0.3772,0.752
5453.504,4.108,0.3746,0.752
5454.51,4.112,0.3788,0.7521
5455.502,4.112,0.3777,0.7522
5456.509,4.108,0.3669,0.7523
5457.509,4.108,0.3703,0.7524
5458.501,4.108,0.3779,0.7525
5459.505,4.108,0.3745,0.7526
5460.512,4.108,0.3742,0.7526
5461.508,4.108,0.3732,0.7527
5462.509,4.108,0.3737,0.7528
5463.509,4.112,0.3706,0.7529
5464.512,4.108,0.3698,0.753
5465.503,4.108,0.3775,0.7531
5466.509,4.112,0.3789,0.7532
5467.501,4.108,0.3728,0.7532
5468.508,4.112,0.3811,0.7533
5469.514,4.108,0.377,0.7534
5470.502,4.112,0.3743,0.7535
5471.515,4.112,0.3733,0.7536
5472.504,4.108,0.3743,0.7537
5473.513,4.108,0.3748,0.7538
5474.504,4.108,0.3712,0.7539
5475.512,4.112,0.3758,0.7539
5476.506,4.112,0.3739,0.754
5477.511,4.108,0.3786,0.7541
5478.505,4.108,0.3759,0.7542
5479.507,4.112,0.379,0.7543
5480.516,4.108,0.3769,0.7544
5481.507,4.112,0.3771,0.7545
5482.501,4.112,0.3741,0.7546
5483.508,4.112,0.375,0.7546
5484.502,4.112,0.3772,0.7547
5485.511,4.112,0.3786,0.7548
5486.501,4.108,0.3764,0.7549
5487.51,4.112,0.3758,0.755
5488.515,4.112,0.3771,0.7551
5489.509,4.108,0.3783,0.7552
5490.516,4.112,0.3782,0.7553
5491.509,4.112,0.3776,0.7553
5492.515,4.112,0.3779,0.7554
5493.502,4.112,0.3788,0.7555
5494.511,4.108,0.3673,0.7556
5495.5,4.112,0.3752,0.7557
5496.508,4.108,0.3668,0.7558
5497.514,4.112,0.3725,0.7559
5498.509,4.112,0.3768,0.7559
5499.502,4.112,0.3717,0.756
5500.509,4.108,0.3745,0.7561
5501.502,4.112,0.377,0.7562
5502.507,4.112,0.3768,0.7563
5503.502,4.112,0.3755,0.7564
5504.507,4.112,0.377,0.7565
5505.511,4.112,0.3736,0.7566
5506.513,4.112,0.3738,0.7566
5507.502,4.112,0.368,0.7567
5508.506,4.112,0.3697,0.7568
5509.506,4.112,0.374,0.7569
5510.507,4.112,0.3697,0.757
5511.511,4.112,0.3771,0.7571
5512.506,4.112,0.375,0.7572
5513.513,4.112,0.3724,0.7572
5514.508,4.108,0.3739,0.7573
5515.5,4.112,0.3812,0.7574
5516.506,4.112,0.3778,0.7575
5517.51,4.112,0.3774,0.7576
5518.499,4.112,0.3783,0.7577
5519.502,4.112,0.3719,0.7578
5520.51,4.112,0.37,0.7579
5521.503,4.108,0.3706,0.7579
5522.51,4.112,0.3786,0.758
5523.502,4.108,0.3794,0.7581
5524.509,4.112,0.3764,0.7582
5525.499,4.108,0.3742,0.7583
5526.509,4.112,0.3763,0.7584
5527.509,4.112,0.3693,0.7585
5528.502,4.108,0.3704,0.7585
5529.502,4.112,0.3743,0.7586
5530.506,4.112,0.3736,0.7587
5531.513,4.112,0.3707,0.7588
5532.507,4.112,0.3768,0.7589
5533.501,4.112,0.3767,0.759
5534.506,4.112,0.3747,0.7591
5535.514,4.112,0.3705,0.7592
5536.504,4.112,0.3741,0.7592
5537.511,4.112,0.3809,0.7593
5538.503,4.116,0.3768,0.7594
5539.513,4.112,0.3774,0.7595
5540.505,4.108,0.3745,0.7596
5541.511,4.108,0.3684,0.7597
5542.505,4.112,0.376,0.7598
5543.513,4.112,0.3738,0.7598
5544.507,4.112,0.3703,0.7599
5545.508,4.112,0.3714,0.76
5546.509,4.112,0.3747,0.7601
5547.504,4.112,0.3694,0.7602
5548.51,4.112,0.3729,0.7603
5549.503,4.112,0.3686,0.7604
5550.51,4.112,0.3754,0.7604
5551.506,4.112,0.3745,0.7605
5552.511,4.108,0.3705,0.7606
5553.503,4.112,0.3685,0.7607
5554.511,4.112,0.3688,0.7608
5555.502,4.112,0.3672,0.7609
5556.509,4.112,0.3757,0.761
5557.499,4.112,0.3684,0.761
5558.507,4.112,0.3666,0.7611
5559.512,4.108,0.3737,0.7612
5560.506,4.112,0.372,0.7613
5561.513,4.112,0.3749,0.7614
5562.503,4.112,0.3662,0.7615
5563.509,4.112,0.3663,0.7616
5564.501,4.108,0.368,0.7616
5565.51,4.108,0.3729,0.7617
5566.502,4.112,0.368,0.7618
5567.512,4.112,0.3712,0.7619
5568.504,4.112,0.3766,0.762
5569.499,4.112,0.3722,0.7621
5570.503,4.112,0.3709,0.7622
5571.512,4.108,0.3686,0.7622
5572.512,4.112,0.3752,0.7623
5573.503,4.112,0.3712,0.7624
5574.505,4.112,0.3765,0.7625
5575.505,4.108,0.3667,0.7626
5576.509,4.112,0.3693,0.7627
5577.511,4.112,0.3667,0.7628
5578.503,4.112,0.3705,0.7629
5579.507,4.112,0.3711,0.7629
5580.501,4.112,0.3705,0.763
5581.511,4.112,0.3769,0.7631
5582.505,4.112,0.3735,0.7632
5583.513,4.112,0.3675,0.7633
5584.499,4.112,0.3725,0.7634
5585.505,4.112,0.3748,0.7635
5586.511,4.112,0.3729,0.7635
5587.505,4.108,0.3679,0.7636
5588.497,4.112,0.3709,0.7637
5589.505,4.112,0.3708,0.7638
5590.499,4.112,0.3782,0.7639
5591.501,4.112,0.3752,0.764
5592.504,4.112,0.3705,0.7641
5593.501,4.108,0.3689,0.7641
5594.512,4.112,0.3708,0.7642
5595.498,4.112,0.3739,0.7643
5596.498,4.112,0.3707,0.7644
5597.5,4.112,0.3716,0.7645
5598.507,4.112,0.3793,0.7646
5599.502,4.112,0.3684,0.7647
5600.507,4.112,0.3695,0.7647
5601.499,4.112,0.3673,0.7648
5602.506,4.112,0.371,0.7649
5603.499,4.112,0.3707,0.765
5604.506,4.112,0.3713,0.7651
5605.512,4.112,0.371,0.7652
5606.505,4.112,0.3644,0.7653
5607.51,4.112,0.3683,0.7653
5608.505,4.112,0.3693,0.7654
5609.511,4.112,0.3683,0.7655
5610.506,4.112,0.37,0.7656
5611.512,4.112,0.3737,0.7657
5612.504,4.112,0.3709,0.7658
5613.505,4.112,0.3729,0.7659
5614.508,4.112,0.3721,0.7659
5615.5,4.112,0.3659,0.766
5616.505,4.112,0.3638,0.7661
5617.5,4.112,0.3647,0.7662
5618.504,4.112,0.3692,0.7663
5619.511,4.108,0.3666,0.7664
5620.5,4.112,0.37,0.7665
5621.508,4.112,0.3704,0.7665
5622.502,4.112,0.3718,0.7666
5623.51,4.112,0.3705,0.7667
5624.503,4.112,0.3653,0.7668
5625.506,4.112,0.3675,0.7669
5626.51,4.112,0.3662,0.767
5627.511,4.112,0.3727,0.7671
5628.505,4.112,0.3707,0.7671
5629.51,4.112,0.3662,0.7672
5630.496,4.112,0.3693,0.7673
5631.509,4.112,0.3737,0.7674
5632.509,4.112,0.3723,0.7675
5633.497,4.112,0.3731,0.7676
5634.512,4.112,0.376,0.7677
5635.496,4.112,0.3741,0.7677
5636.496,4.112,0.3623,0.7678
5637.51,4.112,0.3641,0.7679
5638.506,4.108,0.3621,0.768
5639.502,4.112,0.3606,0.7681
5640.504,4.112,0.3693,0.7682
5641.504,4.112,0.3688,0.7682
5642.497,4.112,0.3723,0.7683
5643.509,4.116,0.3666,0.7684
5644.51,4.112,0.3654,0.7685
5645.504,4.112,0.3676,0.7686
5646.504,4.116,0.3726,0.7687
5647.511,4.112,0.3689,0.7688
5648.5,4.116,0.3722,0.7688
5649.51,4.112,0.3713,0.7689
5650.497,4.112,0.3717,0.769
5651.509,4.112,0.368,0.7691
5652.505,4.112,0.3668,0.7692
5653.505,4.112,0.3635,0.7693
5654.501,4.112,0.3693,0.7694
5655.506,4.108,0.3695,0.7694
5656.506,4.112,0.3617,0.7695
5657.499,4.112,0.3684,0.7696
5658.509,4.108,0.3625,0.7697
5659.511,4.112,0.3589,0.7698
5660.507,4.112,0.3677,0.7699
5661.504,4.112,0.3694,0.77
5662.504,4.112,0.3657,0.77
5663.499,4.112,0.3705,0.7701
5664.508,4.112,0.3639,0.7702
5665.503,4.108,0.362,0.7703
5666.505,4.112,0.3635,0.7704
5667.497,4.112,0.36,0.7705
5668.509,4.112,0.3687,0.7705
5669.494,4.112,0.3624,0.7706
5670.508,4.112,0.3702,0.7707
5671.507,4.112,0.3686,0.7708
5672.51,4.112,0.367,0.7709
5673.497,4.112,0.3674,0.771
5674.509,4.112,0.3687,0.7711
5675.502,4.112,0.3679,0.7711
5676.501,4.112,0.3621,0.7712
5677.499,4.112,0.3611,0.7713
5678.502,4.112,0.3639,0.7714
5679.514,4.112,0.3608,0.7715
5680.507,4.112,0.3597,0.7716
5681.504,4.112,0.3584,0.7716
5682.507,4.108,0.3641,0.7717
5683.503,4.112,0.3655,0.7718
5684.496,4.112,0.3693,0.7719
5685.508,4.112,0.3716,0.772
5686.507,4.112,0.3664,0.7721
5687.502,4.112,0.3598,0.7721
5688.497,4.112,0.3647,0.7722
5689.504,4.112,0.3637,0.7723
5690.501,4.112,0.3691,0.7724
5691.5,4.112,0.3626,0.7725
5692.509,4.116,0.3606,0.7726
5693.509,4.112,0.37,0.7727
5694.503,4.112,0.3665,0.7727
5695.499,4.112,0.3683,0.7728
5696.5,4.112,0.365,0.7729
5697.506,4.112,0.3693,0.773
5698.497,4.112,0.3708,0.7731
5699.495,4.112,0.3645,0.7732
5700.509,4.116,0.3664,0.7732
5701.503,4.112,0.3688,0.7733
5702.502,4.112,0.3637,0.7734
5703.506,4.112,0.3679,0.7735
5704.501,4.112,0.3709,0.7736
5705.496,4.116,0.3722,0.7737
5706.504,4.112,0.3695,0.7738
5707.499,4.112,0.3622,0.7738
5708.496,4.112,0.3616,0.7739
5709.498,4.112,0.3632,0.774
5710.499,4.112,0.3713,0.7741
5711.494,4.116,0.3712,0.7742
5712.503,4.112,0.364,0.7743
5713.502,4.112,0.3662,0.7744
5714.507,4.112,0.367,0.7744
5715.505,4.112,0.3637,0.7745
5716.495,4.116,0.3691,0.7746
5717.493,4.116,0.3699,0.7747
5718.506,4.112,0.3644,0.7748
5719.506,4.112,0.3672,0.7749
5720.499,4.112,0.3672,0.7749
5721.494,4.112,0.3672,0.775
5722.505,4.112,0.3629,0.7751
5723.499,4.112,0.3614,0.7752
5724.507,4.112,0.3696,0.7753
5725.503,4.112,0.3656,0.7754
5726.499,4.112,0.3621,0.7755
5727.506,4.116,0.3619,0.7755
5728.503,4.112,0.3631,0.7756
5729.495,4.112,0.36,0.7757
5730.504,4.112,0.3639,0.7758
5731.499,4.112,0.3664,0.7759
5732.494,4.112,0.3657,0.776
5733.506,4.112,0.3679,0.776
5734.504,4.112,0.3663,0.7761
5735.496,4.116,0.3706,0.7762
5736.493,4.112,0.3638,0.7763
5737.504,4.112,0.3668,0.7764
5738.507,4.112,0.3614,0.7765
5739.508,4.112,0.3628,0.7766
5740.504,4.112,0.3645,0.7766
5741.497,4.112,0.3657,0.7767
5742.508,4.112,0.3606,0.7768
5743.505,4.112,0.3683,0.7769
5744.497,4.112,0.363,0.777
5745.494,4.112,0.363,0.7771
5746.507,4.112,0.3591,0.7771
5747.502,4.116,0.3623,0.7772
5748.499,4.112,0.3576,0.7773
5749.499,4.112,0.3616,0.7774
5750.494,4.112,0.3642,0.7775
5751.508,4.112,0.3638,0.7776
5752.506,4.112,0.3676,0.7776
5753.501,4.112,0.3701,0.7777
5754.501,4.112,0.3664,0.7778
5755.505,4.112,0.3598,0.7779
5756.495,4.112,0.3636,0.778
5757.492,4.112,0.3612,0.7781
5758.519,4.112,0.3593,0.7781
5759.499,4.112,0.3622,0.7782
5760.495,4.112,0.3663,0.7783
5761.494,4.112,0.3684,0.7784
5762.508,4.112,0.3661,0.7785
5763.504,4.116,0.3703,0.7786
5764.503,4.112,0.3696,0.7787
5765.501,4.112,0.3619,0.7787
5766.495,4.112,0.3574,0.7788
5767.506,4.112,0.3651,0.7789
5768.505,4.116,0.3643,0.779
5769.505,4.112,0.3671,0.7791
5770.503,4.116,0.368,0.7792
5771.503,4.112,0.3667,0.7792
5772.507,4.112,0.3621,0.7793
5773.504,4.112,0.359,0.7794
5774.501,4.112,0.3705,0.7795
5775.494,4.116,0.356,0.7796
5776.495,4.112,0.3666,0.7797
5777.504,4.112,0.3572,0.7798
5778.5,4.112,0.3645,0.7798
5779.501,4.112,0.3619,0.7799
5780.498,4.116,0.365,0.78
5781.498,4.112,0.3659,0.7801
5782.499,4.112,0.359,0.7802
5783.496,4.112,0.3581,0.7803
5784.492,4.116,0.364,0.7803
5785.506,4.112,0.3557,0.7804
5786.503,4.112,0.3605,0.7805
5787.5,4.112,0.3625,0.7806
5788.505,4.116,0.3585,0.7807
5789.5,4.112,0.3575,0.7808
5790.501,4.116,0.3653,0.7808
5791.5,4.112,0.3644,0.7809
5792.499,4.116,0.3622,0.781
5793.494,4.112,0.361,0.7811
5794.496,4.112,0.3633,0.7812
5795.497,4.116,0.3649,0.7813
5796.494,4.112,0.3629,0.7813
5797.506,4.112,0.3634,0.7814
5798.506,4.116,0.3678,0.7815
5799.503,4.112,0.3633,0.7816
5800.504,4.116,0.3611,0.7817
5801.501,4.116,0.3603,0.7818
5802.504,4.112,0.3573,0.7818
5803.503,4.112,0.3625,0.7819
5804.496,4.112,0.3626,0.782
5805.496,4.116,0.364,0.7821
5806.493,4.112,0.3567,0.7822
5807.496,4.112,0.3567,0.7823
5808.505,4.112,0.3579,0.7823
5809.502,4.112,0.3578,0.7824
5810.502,4.112,0.3591,0.7825
5811.501,4.112,0.3569,0.7826
5812.493,4.112,0.3592,0.7827
5813.506,4.116,0.3639,0.7828
5814.502,4.112,0.3553,0.7828
5815.499,4.112,0.3587,0.7829
5816.498,4.112,0.3578,0.783
5817.498,4.116,0.3595,0.7831
5818.499,4.112,0.3565,0.7832
5819.505,4.112,0.3576,0.7833
5820.501,4.112,0.3578,0.7833
5821.501,4.112,0.36,0.7834
5822.495,4.116,0.3529,0.7835
5823.493,4.112,0.357,0.7836
5824.494,4.112,0.364,0.7837
5825.504,4.112,0.3639,0.7838
5826.501,4.112,0.3633,0.7838
5827.496,4.116,0.365,0.7839
5828.506,4.116,0.3639,0.784
5829.491,4.116,0.3639,0.7841
5830.494,4.112,0.3577,0.7842
5831.505,4.112,0.3579,0.7843
5832.503,4.112,0.3631,0.7843
5833.504,4.116,0.3564,0.7844
5834.501,4.116,0.3622,0.7845
5835.501,4.112,0.3625,0.7846
5836.505,4.112,0.3602,0.7847
5837.498,4.112,0.3553,0.7848
5838.49,4.112,0.3616,0.7848
5839.495,4.112,0.3623,0.7849
5840.496,4.112,0.3559,0.785
5841.495,4.112,0.3616,0.7851
5842.497,4.112,0.3603,0.7852
5843.493,4.112,0.3597,0.7853
5844.49,4.116,0.3623,0.7853
5845.503,4.112,0.3628,0.7854
5846.502,4.116,0.3605,0.7855
5847.498,4.112,0.356,0.7856
5848.504,4.112,0.3627,0.7857
5849.502,4.116,0.3595,0.7858
5850.499,4.112,0.3547,0.7858
5851.501,4.112,0.3581,0.7859
5852.497,4.116,0.3599,0.786
5853.489,4.116,0.3609,0.7861
5854.499,4.112,0.365,0.7862
5855.496,4.116,0.3592,0.7863
5856.496,4.112,0.3654,0.7863
5857.504,4.116,0.3621,0.7864
5858.505,4.116,0.3603,0.7865
5859.491,4.112,0.366,0.7866
5860.502,4.112,0.362,0.7867
5861.493,4.112,0.3569,0.7868
5862.496,4.112,0.3587,0.7868
5863.493,4.112,0.3646,0.7869
5864.491,4.112,0.3578,0.787
5865.504,4.116,0.3634,0.7871
5866.496,4.112,0.3556,0.7872
5867.492,4.112,0.3622,0.7873
5868.49,4.112,0.3605,0.7873
5869.501,4.116,0.3564,0.7874
5870.497,4.116,0.3602,0.7875
5871.491,4.112,0.3573,0.7876
5872.501,4.116,0.361,0.7877
5873.5,4.112,0.3605,0.7878
5874.502,4.112,0.3585,0.7878
5875.497,4.112,0.3526,0.7879
5876.494,4.116,0.3525,0.788
5877.492,4.112,0.3504,0.7881
5878.491,4.116,0.351,0.7882
5879.5,4.112,0.353,0.7883
5880.497,4.116,0.3602,0.7883
5881.492,4.116,0.3616,0.7884
5882.491,4.112,0.3638,0.7885
5883.491,4.112,0.3567,0.7886
5884.489,4.116,0.3611,0.7887
5885.501,4.112,0.3552,0.7888
5886.504,4.116,0.3608,0.7888
5887.488,4.112,0.3585,0.7889
5888.502,4.116,0.3607,0.789
5889.5,4.112,0.3595,0.7891
5890.503,4.112,0.3552,0.7892
5891.502,4.112,0.3569,0.7893
5892.499,4.112,0.3573,0.7893
5893.496,4.112,0.3637,0.7894
5894.491,4.112,0.3588,0.7895
5895.489,4.112,0.3552,0.7896
5896.502,4.116,0.3549,0.7897
5897.5,4.116,0.3572,0.7897
5898.495,4.116,0.3563,0.7898
5899.495,4.116,0.3597,0.7899
5900.502,4.116,0.3579,0.79
5901.5,4.112,0.355,0.7901
5902.501,4.112,0.3545,0.7902
5903.495,4.116,0.3603,0.7902
5904.491,4.116,0.3603,0.7903
5905.491,4.112,0.3604,0.7904
5906.502,4.116,0.359,0.7905
5907.498,4.112,0.3541,0.7906
5908.497,4.116,0.3542,0.7907
5909.488,4.116,0.3525,0.7907
5910.489,4.112,0.3565,0.7908
5911.5,4.112,0.359,0.7909
5912.499,4.116,0.355,0.791
5913.495,4.112,0.3524,0.7911
5914.503,4.112,0.3567,0.7912
5915.489,4.112,0.3517,0.7912
5916.49,4.112,0.352,0.7913
5917.501,4.112,0.3568,0.7914
5918.498,4.116,0.3593,0.7915
5919.494,4.112,0.3526,0.7916
5920.49,4.116,0.3627,0.7916
5921.498,4.116,0.3601,0.7917
5922.493,4.112,0.3601,0.7918
5923.489,4.112,0.3537,0.7919
5924.502,4.112,0.3587,0.792
5925.497,4.116,0.359,0.7921
5926.494,4.116,0.3529,0.7921
5927.492,4.112,0.3501,0.7922
5928.489,4.116,0.357,0.7923
5929.5,4.112,0.3562,0.7924
5930.497,4.116,0.3578,0.7925
5931.499,4.116,0.3548,0.7926
5932.495,4.116,0.36,0.7926
5933.493,4.116,0.3576,0.7927
5934.488,4.116,0.3561,0.7928
5935.497,4.116,0.3517,0.7929
5936.493,4.112,0.3523,0.793
5937.496,4.116,0.3595,0.7931
5938.494,4.116,0.3548,0.7931
5939.488,4.116,0.3545,0.7932
5940.501,4.112,0.3565,0.7933
5941.496,4.112,0.3556,0.7934
5942.497,4.116,0.3582,0.7935
5943.491,4.116,0.3549,0.7935
5944.499,4.112,0.3572,0.7936
5945.497,4.116,0.3595,0.7937
5946.494,4.116,0.3577,0.7938
5947.488,4.116,0.353,0.7939
5948.499,4.116,0.3496,0.794
5949.498,4.116,0.3552,0.794
5950.497,4.116,0.3584,0.7941
5951.494,4.112,0.3536,0.7942
5952.501,4.116,0.3573,0.7943
5953.496,4.116,0.3528,0.7944
5954.492,4.116,0.357,0.7944
5955.487,4.112,0.3557,0.7945
5956.499,4.116,0.356,0.7946
5957.491,4.116,0.3491,0.7947
5958.49,4.116,0.3605,0.7948
5959.492,4.116,0.3571,0.7949
5960.499,4.112,0.3515,0.7949
5961.49,4.116,0.357,0.795
5962.489,4.116,0.3485,0.7951
5963.5,4.112,0.3505,0.7952
5964.496,4.116,0.3505,0.7953
5965.494,4.112,0.3511,0.7953
5966.492,4.116,0.3558,0.7954
5967.49,4.116,0.3572,0.7955
5968.501,4.116,0.3563,0.7956
5969.492,4.116,0.3577,0.7957
5970.49,4.116,0.3534,0.7958
5971.488,4.116,0.3571,0.7958
5972.499,4.116,0.3567,0.7959
5973.498,4.116,0.3513,0.796
5974.496,4.116,0.3507,0.7961
5975.494,4.116,0.3499,0.7962
5976.487,4.112,0.3557,0.7963
5977.5,4.112,0.359,0.7963
5978.494,4.112,0.3588,0.7964
5979.497,4.116,0.3513,0.7965
5980.494,4.116,0.3536,0.7966
5981.488,4.116,0.356,0.7967
5982.498,4.116,0.3568,0.7967
5983.492,4.116,0.3513,0.7968
5984.495,4.116,0.3533,0.7969
5985.501,4.116,0.3545,0.797
5986.501,4.116,0.3481,0.7971
5987.499,4.116,0.3549,0.7972
5988.495,4.116,0.3552,0.7972
5989.491,4.116,0.3561,0.7973
5990.501,4.116,0.3541,0.7974
5991.496,4.116,0.3483,0.7975
5992.498,4.112,0.3528,0.7976
5993.491,4.116,0.347,0.7976
5994.488,4.116,0.3451,0.7977
5995.499,4.116,0.3559,0.7978
5996.495,4.116,0.3533,0.7979
5997.487,4.116,0.3555,0.798
5998.486,4.112,0.3541,0.7981
5999.495,4.116,0.3535,0.7981
6000.497,4.116,0.3568,0.7982
6001.492,4.116,0.354,0.7983
6002.492,4.112,0.356,0.7984
6003.49,4.116,0.3563,0.7985
6004.5,4.12,0.357,0.7985
6005.499,4.116,0.3535,0.7986
6006.495,4.116,0.3578,0.7987
6007.495,4.116,0.3564,0.7988
6008.493,4.116,0.3501,0.7989
6009.489,4.116,0.3585,0.799
6010.485,4.116,0.3547,0.799
6011.495,4.112,0.3499,0.7991
6012.496,4.116,0.3489,0.7992
6013.493,4.116,0.3498,0.7993
6014.488,4.116,0.3572,0.7994
6015.495,4.116,0.3503,0.7994
6016.489,4.116,0.3524,0.7995
6017.5,4.116,0.3474,0.7996
6018.494,4.116,0.3529,0.7997
6019.489,4.116,0.3557,0.7998
6020.495,4.116,0.3567,0.7999
6021.491,4.116,0.3498,0.7999
6022.485,4.116,0.3502,0.8
6023.499,4.116,0.3486,0.8001
6024.492,4.116,0.352,0.8002
6025.488,4.116,0.3463,0.8003
6026.499,4.116,0.3469,0.8003
6027.49,4.116,0.3462,0.8004
6028.492,4.116,0.3512,0.8005
6029.487,4.112,0.3505,0.8006
6030.495,4.116,0.3545,0.8007
6031.485,4.112,0.3481,0.8007
6032.495,4.116,0.3548,0.8008
6033.491,4.116,0.3503,0.8009
6034.486,4.116,0.3489,0.801
6035.496,4.116,0.3541,0.8011
6036.496,4.116,0.3506,0.8012
6037.488,4.116,0.3538,0.8012
6038.491,4.116,0.3502,0.8013
6039.488,4.116,0.3481,0.8014
6040.485,4.116,0.3467,0.8015
6041.495,4.116,0.3485,0.8016
6042.485,4.116,0.3513,0.8016
6043.497,4.116,0.3515,0.8017
6044.493,4.116,0.3502,0.8018
6045.492,4.116,0.3525,0.8019
6046.486,4.116,0.3518,0.802
6047.494,4.116,0.3593,0.802
6048.485,4.116,0.3574,0.8021
6049.497,4.116,0.3471,0.8022
6050.494,4.116,0.348,0.8023
6051.489,4.116,0.3553,0.8024
6052.495,4.116,0.3493,0.8025
6053.491,4.112,0.3577,0.8025
6054.488,4.116,0.3513,0.8026
6055.498,4.116,0.3495,0.8027
6056.491,4.116,0.3552,0.8028
6057.498,4.116,0.3519,0.8029
6058.496,4.116,0.3494,0.8029
6059.491,4.116,0.3448,0.803
6060.498,4.116,0.3434,0.8031
6061.497,4.116,0.3459,0.8032
6062.495,4.116,0.3474,0.8033
6063.491,4.116,0.3508,0.8033
6064.498,4.116,0.3539,0.8034
6065.496,4.116,0.3497,0.8035
6066.491,4.116,0.353,0.8036
6067.484,4.116,0.3535,0.8037
6068.494,4.116,0.354,0.8038
6069.486,4.116,0.3558,0.8038
6070.488,4.116,0.3525,0.8039
6071.483,4.116,0.355,0.804
6072.493,4.116,0.3549,0.8041
6073.488,4.116,0.3497,0.8042
6074.485,4.116,0.3483,0.8042
6075.496,4.116,0.3536,0.8043
6076.492,4.116,0.3456,0.8044
6077.493,4.116,0.3482,0.8045
6078.488,4.116,0.3518,0.8046
6079.499,4.116,0.3549,0.8046
6080.496,4.116,0.3509,0.8047
6081.492,4.116,0.3538,0.8048
6082.49,4.116,0.3517,0.8049
6083.498,4.116,0.3551,0.805
6084.491,4.116,0.3544,0.8051
6085.49,4.116,0.3532,0.8051
6086.484,4.12,0.3558,0.8052
6087.495,4.116,0.3531,0.8053
6088.491,4.116,0.3498,0.8054
6089.484,4.12,0.3508,0.8055
6090.497,4.116,0.3523,0.8055
6091.495,4.116,0.3568,0.8056
6092.494,4.116,0.3545,0.8057
6093.491,4.116,0.3505,0.8058
6094.489,4.116,0.3517,0.8059
6095.486,4.12,0.3444,0.806
6096.498,4.116,0.3513,0.806
6097.491,4.116,0.3525,0.8061
6098.494,4.116,0.3434,0.8062
6099.494,4.116,0.3522,0.8063
6100.498,4.116,0.3505,0.8064
6101.488,4.116,0.3523,0.8064
6102.498,4.116,0.3515,0.8065
6103.492,4.116,0.3519,0.8066
6104.493,4.116,0.3505,0.8067
6105.486,4.12,0.348,0.8068
6106.498,4.116,0.3487,0.8068
6107.483,4.116,0.342,0.8069
6108.495,4.116,0.3431,0.807
6109.485,4.116,0.3419,0.8071
6110.498,4.116,0.3486,0.8072
6111.492,4.116,0.3526,0.8072
6112.486,4.116,0.3532,0.8073
6113.496,4.116,0.3451,0.8074
6114.49,4.116,0.351,0.8075
6115.487,4.112,0.3481,0.8076
6116.483,4.116,0.3496,0.8076
6117.495,4.116,0.3543,0.8077
6118.493,4.116,0.3437,0.8078
6119.491,4.116,0.3472,0.8079
6120.483,4.116,0.3462,0.808
6121.492,4.116,0.3511,0.8081
6122.485,4.116,0.3504,0.8081
6123.496,4.116,0.3491,0.8082
6124.488,4.116,0.35,0.8083
6125.483,4.116,0.3456,0.8084
6126.488,4.12,0.3475,0.8085
6127.483,4.116,0.3468,0.8085
6128.483,4.116,0.3407,0.8086
6129.494,4.12,0.3497,0.8087
6130.491,4.116,0.3504,0.8088
6131.482,4.116,0.3527,0.8089
6132.493,4.116,0.3538,0.8089
6133.486,4.116,0.3536,0.809
6134.496,4.116,0.3491,0.8091
6135.494,4.12,0.3443,0.8092
6136.488,4.116,0.3435,0.8093
6137.484,4.116,0.3443,0.8093
6138.492,4.116,0.3511,0.8094
6139.49,4.116,0.3521,0.8095
6140.487,4.116,0.3446,0.8096
6141.496,4.116,0.3458,0.8097
6142.487,4.12,0.3471,0.8097
6143.491,4.116,0.3509,0.8098
6144.485,4.116,0.3502,0.8099
6145.496,4.116,0.3493,0.81
6146.485,4.116,0.3476,0.8101
6147.487,4.116,0.3463,0.8101
6148.487,4.116,0.3424,0.8102
6149.497,4.116,0.3408,0.8103
6150.496,4.116,0.3483,0.8104
6151.495,4.12,0.3524,0.8105
6152.485,4.116,0.3498,0.8106
6153.493,4.116,0.3498,0.8106
6154.492,4.112,0.3449,0.8107
6155.496,4.116,0.3468,0.8108
6156.491,4.116,0.3475,0.8109
6157.483,4.116,0.3432,0.811
6158.483,4.12,0.3467,0.811
6159.487,4.12,0.3454,0.8111
6160.496,4.116,0.346,0.8112
6161.485,4.116,0.3485,0.8113
6162.483,4.116,0.3462,0.8114
6163.491,4.12,0.3446,0.8114
6164.489,4.116,0.3397,0.8115
6165.494,4.116,0.3506,0.8116
6166.487,4.116,0.3445,0.8117
6167.491,4.12,0.3462,0.8118
6168.486,4.116,0.3445,0.8118
6169.483,4.12,0.3493,0.8119
6170.486,4.116,0.3441,0.812
6171.489,4.12,0.344,0.8121
6172.481,4.116,0.3372,0.8121
6173.495,4.116,0.3367,0.8122
6174.481,4.12,0.3405,0.8123
6175.49,4.116,0.3409,0.8124
6176.489,4.116,0.3435,0.8125
6177.484,4.12,0.346,0.8125
6178.486,4.112,0.3378,0.8126
6179.486,4.116,0.3495,0.8127
6180.489,4.116,0.3491,0.8128
6181.49,4.116,0.3466,0.8129
6182.496,4.116,0.3514,0.8129
6183.48,4.116,0.3482,0.813
6184.483,4.12,0.3458,0.8131
6185.493,4.116,0.343,0.8132
6186.491,4.12,0.3412,0.8133
6187.488,4.12,0.3502,0.8133
6188.488,4.116,0.3454,0.8134
6189.487,4.116,0.3414,0.8135
6190.484,4.116,0.3497,0.8136
6191.481,4.116,0.3468,0.8137
6192.492,4.116,0.3464,0.8137
6193.49,4.12,0.3392,0.8138
6194.486,4.12,0.3393,0.8139
6195.495,4.116,0.3434,0.814
6196.49,4.12,0.3443,0.8141
6197.485,4.12,0.348,0.8141
6198.485,4.116,0.3497,0.8142
6199.495,4.116,0.3429,0.8143
6200.484,4.116,0.3447,0.8144
6201.481,4.116,0.3382,0.8145
6202.491,4.12,0.3428,0.8145
6203.48,4.116,0.3484,0.8146
6204.494,4.116,0.348,0.8147
6205.492,4.116,0.3494,0.8148
6206.489,4.116,0.3465,0.8149
6207.486,4.116,0.3449,0.8149
6208.482,4.116,0.3463,0.815
6209.483,4.12,0.346,0.8151
6210.481,4.116,0.3455,0.8152
6211.494,4.116,0.3448,0.8153
6212.495,4.12,0.3406,0.8153
6213.48,4.12,0.3406,0.8154
6214.482,4.12,0.3396,0.8155
6215.493,4.116,0.3399,0.8156
6216.491,4.116,0.3349,0.8157
6217.489,4.116,0.3441,0.8157
6218.489,4.12,0.3465,0.8158
6219.485,4.12,0.3477,0.8159
6220.49,4.12,0.3446,0.816
6221.49,4.116,0.3449,0.8161
6222.483,4.116,0.3482,0.8161
6223.481,4.116,0.3451,0.8162
6224.493,4.116,0.34,0.8163
6225.49,4.12,0.3477,0.8164
6226.487,4.12,0.3445,0.8165
6227.485,4.116,0.3378,0.8165
6228.487,4.116,0.3409,0.8166
6229.483,4.116,0.3471,0.8167
6230.486,4.116,0.3384,0.8168
6231.493,4.116,0.3425,0.8169
6232.492,4.116,0.3422,0.8169
6233.49,4.12,0.346,0.817
6234.489,4.12,0.3468,0.8171
6235.479,4.12,0.3447,0.8172
6236.482,4.116,0.3378,0.8172
6237.493,4.12,0.3388,0.8173
6238.492,4.12,0.338,0.8174
6239.487,4.12,0.34,0.8175
6240.48,4.116,0.3447,0.8176
6241.481,4.116,0.3444,0.8176
6242.49,4.116,0.3459,0.8177
6243.488,4.12,0.3407,0.8178
6244.49,4.116,0.3371,0.8179
6245.488,4.116,0.3354,0.818
6246.491,4.116,0.3445,0.818
6247.481,4.12,0.3384,0.8181
6248.485,4.12,0.3418,0.8182
6249.479,4.12,0.3426,0.8183
6250.49,4.116,0.3413,0.8184
6251.485,4.12,0.3397,0.8184
6252.493,4.12,0.3405,0.8185
6253.489,4.116,0.3392,0.8186
6254.486,4.116,0.3385,0.8187
6255.482,4.116,0.3383,0.8187
6256.479,4.116,0.3369,0.8188
6257.481,4.116,0.3379,0.8189
6258.487,4.12,0.3442,0.819
6259.493,4.116,0.3379,0.8191
6260.484,4.116,0.3354,0.8191
6261.488,4.116,0.3409,0.8192
6262.486,4.116,0.3481,0.8193
6263.484,4.116,0.3463,0.8194
6264.492,4.116,0.3386,0.8195
6265.488,4.12,0.3395,0.8195
6266.486,4.116,0.3441,0.8196
6267.488,4.116,0.3444,0.8197
6268.487,4.116,0.3417,0.8198
6269.481,4.116,0.3406,0.8199
6270.479,4.116,0.3382,0.8199
6271.491,4.116,0.3449,0.82
6272.488,4.12,0.345,0.8201
6273.483,4.12,0.3468,0.8202
6274.48,4.12,0.3418,0.8202
6275.49,4.12,0.3445,0.8203
6276.486,4.12,0.3374,0.8204
6277.482,4.116,0.3424,0.8205
6278.479,4.12,0.3459,0.8206
6279.493,4.12,0.3431,0.8206
6280.486,4.116,0.3392,0.8207
6281.493,4.116,0.3414,0.8208
6282.484,4.116,0.3348,0.8209
6283.484,4.12,0.3435,0.821
6284.482,4.116,0.3385,0.821
6285.483,4.116,0.3367,0.8211
6286.481,4.116,0.3454,0.8212
6287.482,4.116,0.3437,0.8213
6288.479,4.116,0.3374,0.8214
6289.481,4.12,0.3351,0.8214
6290.478,4.116,0.3363,0.8215
6291.479,4.12,0.3459,0.8216
6292.491,4.116,0.3432,0.8217
6293.482,4.116,0.3411,0.8217
6294.49,4.12,0.3451,0.8218
6295.491,4.12,0.3401,0.8219
6296.486,4.12,0.3349,0.822
6297.483,4.12,0.3376,0.8221
6298.485,4.12,0.3372,0.8221
6299.486,4.116,0.344,0.8222
6300.482,4.116,0.3392,0.8223
6301.483,4.116,0.3424,0.8224
6302.488,4.12,0.3453,0.8225
6303.48,4.12,0.336,0.8225
6304.488,4.116,0.3405,0.8226
6305.484,4.116,0.334,0.8227
6306.48,4.12,0.342,0.8228
6307.481,4.12,0.3441,0.8228
6308.492,4.12,0.3434,0.8229
6309.484,4.116,0.3461,0.823
6310.478,4.12,0.3446,0.8231
6311.478,4.12,0.3469,0.8232
6312.489,4.12,0.3438,0.8232
6313.493,4.12,0.3357,0.8233
6314.478,4.12,0.3421,0.8234
6315.49,4.12,0.3469,0.8235
6316.486,4.12,0.3417,0.8236
6317.478,4.12,0.3451,0.8236
6318.491,4.12,0.3463,0.8237
6319.486,4.12,0.345,0.8238
6320.478,4.12,0.343,0.8239
6321.487,4.12,0.3391,0.824
6322.487,4.12,0.3447,0.824
6323.478,4.12,0.3383,0.8241
6324.485,4.116,0.3353,0.8242
6325.477,4.12,0.3367,0.8243
6326.489,4.116,0.3342,0.8244
6327.483,4.12,0.342,0.8244
6328.491,4.12,0.3411,0.8245
6329.491,4.12,0.3366,0.8246
6330.483,4.116,0.3364,0.8247
6331.479,4.116,0.3429,0.8247
6332.487,4.12,0.3316,0.8248
6333.485,4.116,0.3417,0.8249
6334.477,4.12,0.3417,0.825
6335.486,4.116,0.3425,0.8251
6336.481,4.12,0.338,0.8251
6337.477,4.12,0.3452,0.8252
6338.486,4.12,0.3386,0.8253
6339.483,4.116,0.3353,0.8254
6340.477,4.12,0.3363,0.8255
6341.486,4.116,0.3375,0.8255
6342.487,4.116,0.335,0.8256
6343.48,4.12,0.3333,0.8257
6344.487,4.12,0.3426,0.8258
6345.485,4.12,0.3443,0.8258
6346.479,4.12,0.3421,0.8259
6347.49,4.12,0.3455,0.826
6348.485,4.12,0.3397,0.8261
6349.484,4.12,0.3438,0.8262
6350.476,4.12,0.3377,0.8262
6351.487,4.12,0.3335,0.8263
6352.481,4.12,0.3397,0.8264
6353.488,4.116,0.3348,0.8265
6354.479,4.12,0.3356,0.8266
6355.485,4.12,0.3403,0.8266
6356.476,4.12,0.3322,0.8267
6357.489,4.12,0.34,0.8268
6358.485,4.12,0.3343,0.8269
6359.476,4.116,0.3431,0.8269
6360.482,4.116,0.3408,0.827
6361.477,4.12,0.3399,0.8271
6362.487,4.12,0.3367,0.8272
6363.479,4.12,0.3398,0.8273
6364.481,4.12,0.3392,0.8273
6365.48,4.116,0.342,0.8274
6366.483,4.12,0.3436,0.8275
6367.491,4.12,0.3412,0.8276
6368.479,4.116,0.3383,0.8277
6369.488,4.12,0.3428,0.8277
6370.475,4.116,0.3354,0.8278
6371.475,4.12,0.3328,0.8279
6372.482,4.12,0.3397,0.828
6373.491,4.12,0.3306,0.828
6374.486,4.12,0.3347,0.8281
6375.479,4.12,0.3399,0.8282
6376.475,4.116,0.3412,0.8283
6377.48,4.116,0.3351,0.8284
6378.475,4.12,0.3396,0.8284
6379.482,4.12,0.3386,0.8285
6380.488,4.12,0.3395,0.8286
6381.479,4.12,0.3392,0.8287
6382.477,4.12,0.3389,0.8287
6383.477,4.12,0.3339,0.8288
6384.485,4.12,0.3331,0.8289
6385.477,4.12,0.3328,0.829
6386.487,4.12,0.334,0.8291
6387.482,4.12,0.3358,0.8291
6388.475,4.12,0.3346,0.8292
6389.484,4.12,0.3368,0.8293
6390.477,4.12,0.3393,0.8294
6391.485,4.12,0.3371,0.8294
6392.477,4.12,0.3352,0.8295
6393.487,4.116,0.3363,0.8296
6394.479,4.12,0.3426,0.8297
6395.487,4.12,0.3392,0.8298
6396.485,4.116,0.3335,0.8298
6397.474,4.12,0.339,0.8299
6398.479,4.12,0.3346,0.83
6399.475,4.12,0.3406,0.8301
6400.485,4.12,0.3373,0.8301
6401.479,4.116,0.3405,0.8302
6402.479,4.12,0.3329,0.8303
6403.477,4.12,0.33,0.8304
6404.485,4.12,0.3304,0.8305
6405.48,4.12,0.3375,0.8305
6406.487,4.124,0.3401,0.8306
6407.478,4.12,0.3402,0.8307
6408.475,4.12,0.3365,0.8308
6409.483,4.12,0.3398,0.8308
6410.488,4.12,0.3402,0.8309
6411.483,4.12,0.3413,0.831
6412.478,4.12,0.3407,0.8311
6413.485,4.12,0.3336,0.8312
6414.48,4.12,0.338,0.8312
6415.479,4.12,0.3344,0.8313
6416.488,4.12,0.3349,0.8314
6417.481,4.12,0.3352,0.8315
6418.476,4.12,0.3297,0.8315
6419.488,4.12,0.3386,0.8316
6420.477,4.12,0.3371,0.8317
6421.473,4.12,0.3387,0.8318
6422.487,4.12,0.3379,0.8319
6423.479,4.116,0.3311,0.8319
6424.474,4.12,0.3307,0.832
6425.484,4.12,0.3306,0.8321
6426.479,4.12,0.3351,0.8322
6427.476,4.12,0.3321,0.8322
6428.477,4.12,0.328,0.8323
6429.473,4.12,0.3364,0.8324
6430.482,4.12,0.336,0.8325
6431.475,4.116,0.3329,0.8326
6432.473,4.12,0.3311,0.8326
6433.482,4.12,0.3288,0.8327
6434.473,4.12,0.3313,0.8328
6435.475,4.12,0.332,0.8329
6436.483,4.12,0.3327,0.8329
6437.477,4.12,0.3331,0.833
6438.476,4.12,0.3244,0.8331
6439.483,4.12,0.3314,0.8332
6440.476,4.12,0.3312,0.8332
6441.481,4.12,0.3378,0.8333
6442.476,4.12,0.3365,0.8334
6443.487,4.12,0.3339,0.8335
6444.482,4.12,0.3375,0.8336
6445.481,4.12,0.3349,0.8336
6446.48,4.124,0.3352,0.8337
6447.477,4.12,0.3298,0.8338
6448.475,4.12,0.3352,0.8339
6449.487,4.124,0.3349,0.8339
6450.481,4.12,0.3406,0.834
6451.48,4.12,0.3348,0.8341
6452.476,4.12,0.337,0.8342
6453.485,4.124,0.3386,0.8343
6454.482,4.12,0.334,0.8343
6455.477,4.12,0.3292,0.8344
6456.477,4.124,0.3331,0.8345
6457.476,4.12,0.3332,0.8346
6458.486,4.12,0.3276,0.8346
6459.482,4.12,0.3295,0.8347
6460.476,4.12,0.3348,0.8348
6461.486,4.12,0.334,0.8349
6462.482,4.12,0.332,0.8349
6463.476,4.12,0.3255,0.835
6464.485,4.12,0.3269,0.8351
6465.48,4.12,0.3352,0.8352
6466.473,4.124,0.3325,0.8353
6467.487,4.12,0.3319,0.8353
6468.48,4.12,0.3326,0.8354
6469.474,4.12,0.3328,0.8355
6470.485,4.12,0.3307,0.8356
6471.478,4.12,0.3335,0.8356
6472.476,4.12,0.3282,0.8357
6473.486,4.12,0.327,0.8358
6474.485,4.12,0.3346,0.8359
6475.477,4.12,0.3353,0.8359
6476.485,4.12,0.3339,0.836
6477.479,4.12,0.3357,0.8361
6478.485,4.12,0.3358,0.8362
6479.484,4.12,0.3365,0.8363
6480.481,4.12,0.3378,0.8363
6481.473,4.12,0.3365,0.8364
6482.484,4.12,0.3348,0.8365
6483.476,4.12,0.3326,0.8366
6484.485,4.116,0.334,0.8366
6485.485,4.12,0.3345,0.8367
6486.481,4.124,0.3373,0.8368
6487.477,4.12,0.338,0.8369
6488.487,4.12,0.3325,0.837
6489.479,4.12,0.3269,0.837
6490.482,4.124,0.338,0.8371
6491.474,4.124,0.3261,0.8372
6492.485,4.12,0.3274,0.8373
6493.479,4.12,0.3294,0.8373
6494.474,4.12,0.328,0.8374
6495.473,4.12,0.3282,0.8375
6496.483,4.12,0.3301,0.8376
6497.484,4.12,0.3316,0.8376
6498.479,4.12,0.3322,0.8377
6499.481,4.124,0.3276,0.8378
6500.477,4.12,0.3331,0.8379
6501.472,4.12,0.3339,0.8379
6502.481,4.12,0.3327,0.838
6503.478,4.12,0.3351,0.8381
6504.476,4.124,0.3335,0.8382
6505.473,4.12,0.3274,0.8383
6506.483,4.12,0.3238,0.8383
6507.473,4.12,0.3256,0.8384
6508.471,4.12,0.3329,0.8385
6509.48,4.12,0.3324,0.8386
6510.474,4.12,0.3357,0.8386
6511.483,4.124,0.3346,0.8387
6512.477,4.12,0.3328,0.8388
6513.471,4.12,0.3355,0.8389
6514.48,4.12,0.328,0.8389
6515.477,4.12,0.3354,0.839
6516.474,4.12,0.3278,0.8391
6517.484,4.124,0.3335,0.8392
6518.478,4.12,0.3335,0.8393
6519.471,4.12,0.333,0.8393
6520.482,4.12,0.3269,0.8394
6521.476,4.12,0.3337,0.8395
6522.485,4.12,0.3323,0.8396
6523.474,4.124,0.3331,0.8396
6524.482,4.124,0.3288,0.8397
6525.475,4.12,0.3307,0.8398
6526.484,4.12,0.3344,0.8399
6527.472,4.12,0.3311,0.8399
6528.478,4.12,0.3315,0.84
6529.478,4.12,0.3285,0.8401
6530.486,4.124,0.3319,0.8402
6531.483,4.12,0.3258,0.8402
6532.483,4.12,0.3252,0.8403
6533.471,4.12,0.3279,0.8404
6534.481,4.12,0.327,0.8405
6535.477,4.124,0.3277,0.8406
6536.477,4.124,0.3247,0.8406
6537.483,4.12,0.3262,0.8407
6538.474,4.12,0.3315,0.8408
6539.477,4.12,0.3297,0.8409
6540.472,4.12,0.3337,0.8409
6541.475,4.12,0.3296,0.841
6542.485,4.12,0.3306,0.8411
6543.474,4.12,0.3262,0.8412
6544.472,4.124,0.3333,0.8412
6545.484,4.12,0.3299,0.8413
6546.484,4.12,0.3305,0.8414
6547.478,4.124,0.3304,0.8415
6548.485,4.124,0.3292,0.8415
6549.478,4.124,0.3309,0.8416
6550.485,4.12,0.3295,0.8417
6551.478,4.12,0.3272,0.8418
6552.476,4.12,0.3277,0.8418
6553.474,4.12,0.3235,0.8419
6554.482,4.12,0.3321,0.842
6555.479,4.12,0.3315,0.8421
6556.472,4.12,0.3263,0.8422
6557.483,4.12,0.3226,0.8422
6558.475,4.12,0.328,0.8423
6559.474,4.12,0.3259,0.8424
6560.471,4.124,0.3285,0.8425
6561.479,4.12,0.3291,0.8425
6562.474,4.124,0.3362,0.8426
6563.484,4.124,0.3312,0.8427
6564.48,4.124,0.3284,0.8428
6565.476,4.12,0.3238,0.8428
6566.485,4.124,0.3288,0.8429
6567.478,4.116,0.3212,0.843
6568.475,4.124,0.3224,0.8431
6569.472,4.12,0.3303,0.8431
6570.483,4.12,0.323,0.8432
6571.48,4.124,0.3215,0.8433
6572.47,4.12,0.3245,0.8434
6573.481,4.12,0.3234,0.8434
6574.477,4.12,0.3273,0.8435
6575.484,4.12,0.3284,0.8436
6576.483,4.12,0.3315,0.8437
6577.476,4.12,0.3284,0.8437
6578.472,4.12,0.3252,0.8438
6579.479,4.12,0.3225,0.8439
6580.479,4.12,0.3212,0.844
6581.47,4.124,0.3262,0.844
6582.469,4.124,0.3221,0.8441
6583.484,4.12,0.3255,0.8442
6584.477,4.12,0.3227,0.8443
6585.473,4.12,0.3228,0.8443
6586.484,4.124,0.3224,0.8444
6587.478,4.124,0.3243,0.8445
6588.474,4.12,0.3282,0.8446
6589.472,4.12,0.3279,0.8446
6590.473,4.12,0.3213,0.8447
6591.484,4.124,0.3242,0.8448
6592.482,4.12,0.328,0.8449
6593.477,4.124,0.3236,0.8449
6594.475,4.124,0.3261,0.845
6595.469,4.124,0.3322,0.8451
6596.481,4.12,0.3214,0.8452
6597.474,4.124,0.3251,0.8452
6598.481,4.12,0.3214,0.8453
6599.476,4.124,0.319,0.8454
6600.469,4.124,0.3292,0.8455
6601.478,4.124,0.3265,0.8455
6602.471,4.124,0.3269,0.8456
6603.479,4.124,0.3246,0.8457
6604.475,4.12,0.3292,0.8458
6605.472,4.124,0.3283,0.8458
6606.481,4.124,0.3282,0.8459
6607.478,4.12,0.3338,0.846
6608.474,4.12,0.3303,0.8461
6609.478,4.12,0.3292,0.8462
6610.477,4.124,0.3228,0.8462
6611.474,4.124,0.3237,0.8463
6612.481,4.12,0.3254,0.8464
6613.471,4.124,0.3248,0.8465
6614.481,4.124,0.3258,0.8465
6615.481,4.124,0.3256,0.8466
6616.474,4.124,0.3259,0.8467
6617.471,4.12,0.3312,0.8468
6618.475,4.124,0.3194,0.8468
6619.471,4.124,0.3282,0.8469
6620.484,4.12,0.3283,0.847
6621.474,4.12,0.3222,0.8471
6622.469,4.124,0.3226,0.8471
6623.478,4.124,0.3229,0.8472
6624.471,4.124,0.3229,0.8473
6625.477,4.124,0.3211,0.8474
6626.474,4.124,0.3232,0.8474
6627.48,4.12,0.3254,0.8475
6628.473,4.12,0.3211,0.8476
6629.471,4.124,0.3193,0.8477
6630.487,4.12,0.3207,0.8477
6631.475,4.12,0.3207,0.8478
6632.474,4.124,0.3192,0.8479
6633.481,4.12,0.3186,0.8479
6634.472,4.12,0.3168,0.848
6635.477,4.124,0.3201,0.8481
6636.482,4.124,0.3262,0.8482
6637.475,4.124,0.3186,0.8482
6638.482,4.124,0.3282,0.8483
6639.476,4.12,0.3252,0.8484
6640.474,4.124,0.3244,0.8485
6641.472,4.124,0.328,0.8485
6642.477,4.12,0.32,0.8486
6643.472,4.12,0.3252,0.8487
6644.48,4.124,0.3208,0.8488
6645.482,4.12,0.3219,0.8488
6646.468,4.12,0.3212,0.8489
6647.475,4.124,0.3204,0.849
6648.47,4.124,0.322,0.8491
6649.481,4.124,0.3248,0.8491
6650.477,4.124,0.3224,0.8492
6651.476,4.124,0.3231,0.8493
6652.472,4.124,0.3238,0.8494
6653.483,4.124,0.3244,0.8494
6654.482,4.124,0.3235,0.8495
6655.473,4.124,0.3216,0.8496
6656.481,4.12,0.3234,0.8497
6657.478,4.124,0.3219,0.8497
6658.467,4.124,0.3216,0.8498
6659.476,4.124,0.3259,0.8499
6660.47,4.124,0.3295,0.85
6661.477,4.124,0.3276,0.85
6662.469,4.124,0.3203,0.8501
6663.471,4.124,0.3243,0.8502
6664.476,4.124,0.3242,0.8503
6665.469,4.124,0.3173,0.8503
6666.466,4.12,0.3174,0.8504
6667.477,4.124,0.3203,0.8505
6668.473,4.12,0.3163,0.8506
6669.472,4.124,0.3174,0.8506
6670.467,4.124,0.3245,0.8507
6671.468,4.124,0.3176,0.8508
6672.473,4.124,0.3202,0.8509
6673.467,4.124,0.326,0.8509
6674.474,4.124,0.3254,0.851
6675.474,4.124,0.322,0.8511
6676.477,4.124,0.3183,0.8512
6677.475,4.124,0.3252,0.8512
6678.48,4.124,0.3263,0.8513
6679.475,4.124,0.3245,0.8514
6680.481,4.12,0.322,0.8515
6681.473,4.124,0.3231,0.8515
6682.468,4.128,0.3235,0.8516
6683.476,4.124,0.3233,0.8517
6684.469,4.124,0.3185,0.8518
6685.477,4.124,0.3154,0.8518
6686.476,4.124,0.3251,0.8519
6687.481,4.124,0.3282,0.852
6688.477,4.124,0.3269,0.8521
6689.481,4.124,0.324,0.8521
6690.467,4.124,0.3196,0.8522
6691.48,4.124,0.3231,0.8523
6692.469,4.128,0.3185,0.8524
6693.477,4.124,0.3182,0.8524
6694.482,4.124,0.3186,0.8525
6695.474,4.12,0.3228,0.8526
6696.481,4.124,0.317,0.8526
6697.475,4.12,0.3178,0.8527
6698.47,4.124,0.3221,0.8528
6699.468,4.124,0.3218,0.8529
6700.476,4.124,0.3191,0.8529
6701.47,4.124,0.3231,0.853
6702.477,4.124,0.3182,0.8531
6703.467,4.124,0.3239,0.8532
6704.478,4.12,0.3152,0.8532
6705.473,4.12,0.3197,0.8533
6706.47,4.124,0.3175,0.8534
6707.478,4.12,0.3165,0.8535
6708.47,4.12,0.3184,0.8535
6709.481,4.124,0.3222,0.8536
6710.476,4.124,0.3195,0.8537
6711.472,4.124,0.319,0.8538
6712.48,4.124,0.3211,0.8538
6713.473,4.124,0.3149,0.8539
6714.469,4.124,0.3213,0.854
6715.477,4.12,0.3156,0.8541
6716.47,4.124,0.3244,0.8541
6717.478,4.124,0.3215,0.8542
6718.468,4.12,0.3202,0.8543
6719.479,4.124,0.3209,0.8544
6720.472,4.124,0.3229,0.8544
6721.477,4.12,0.3196,0.8545
6722.474,4.124,0.3181,0.8546
6723.478,4.124,0.3158,0.8546
6724.472,4.128,0.3241,0.8547
6725.474,4.124,0.3219,0.8548
6726.466,4.124,0.3252,0.8549
6727.478,4.124,0.3212,0.8549
6728.477,4.124,0.3243,0.855
6729.478,4.124,0.3198,0.8551
6730.47,4.124,0.3237,0.8552
6731.477,4.124,0.3146,0.8552
6732.475,4.12,0.3122,0.8553
6733.466,4.124,0.3147,0.8554
6734.473,4.124,0.3225,0.8555
6735.472,4.124,0.3247,0.8555
6736.475,4.124,0.3204,0.8556
6737.474,4.128,0.3205,0.8557
6738.468,4.124,0.3177,0.8558
6739.473,4.124,0.32,0.8558
6740.479,4.124,0.3137,0.8559
6741.474,4.124,0.3207,0.856
6742.468,4.124,0.3225,0.8561
6743.475,4.124,0.3216,0.8561
6744.469,4.124,0.3215,0.8562
6745.464,4.124,0.3199,0.8563
6746.471,4.124,0.3217,0.8564
6747.465,4.124,0.3182,0.8564
6748.475,4.128,0.3204,0.8565
6749.468,4.124,0.3204,0.8566
6750.475,4.124,0.3179,0.8566
6751.47,4.124,0.3214,0.8567
6752.473,4.124,0.3128,0.8568
6753.475,4.124,0.3169,0.8569
6754.478,4.124,0.3159,0.8569
6755.475,4.128,0.3143,0.857
6756.47,4.124,0.3175,0.8571
6757.478,4.128,0.3183,0.8572
6758.476,4.124,0.3209,0.8572
6759.467,4.124,0.311,0.8573
6760.476,4.124,0.3168,0.8574
6761.465,4.124,0.3098,0.8575
6762.475,4.124,0.3188,0.8575
6763.472,4.124,0.3148,0.8576
6764.473,4.124,0.3196,0.8577
6765.468,4.12,0.3179,0.8577
6766.465,4.124,0.3217,0.8578
6767.475,4.124,0.3137,0.8579
6768.471,4.124,0.3156,0.858
6769.478,4.124,0.3098,0.858
6770.467,4.124,0.3105,0.8581
6771.478,4.124,0.3169,0.8582
6772.476,4.124,0.3136,0.8583
6773.472,4.12,0.3134,0.8583
6774.478,4.124,0.3146,0.8584
6775.472,4.128,0.3154,0.8585
6776.469,4.128,0.321,0.8586
6777.476,4.124,0.3126,0.8586
6778.474,4.124,0.3145,0.8587
6779.469,4.124,0.3179,0.8588
6780.464,4.124,0.3167,0.8588
6781.474,4.124,0.3116,0.8589
6782.471,4.128,0.3123,0.859
6783.476,4.124,0.3114,0.8591
6784.474,4.124,0.3079,0.8591
6785.47,4.124,0.317,0.8592
6786.466,4.124,0.3125,0.8593
6787.476,4.124,0.3162,0.8593
6788.468,4.124,0.3124,0.8594
6789.465,4.124,0.3105,0.8595
6790.473,4.124,0.3156,0.8596
6791.472,4.124,0.3143,0.8596
6792.476,4.128,0.3161,0.8597
6793.473,4.124,0.3167,0.8598
6794.466,4.124,0.3195,0.8599
6795.474,4.124,0.317,0.8599
6796.468,4.124,0.3095,0.86
6797.475,4.124,0.3103,0.8601
6798.473,4.124,0.3103,0.8601
6799.475,4.124,0.3177,0.8602
6800.463,4.124,0.3162,0.8603
6801.472,4.124,0.3147,0.8604
6802.468,4.124,0.3187,0.8604
6803.465,4.124,0.3116,0.8605
6804.473,4.124,0.3141,0.8606
6805.47,4.124,0.3158,0.8607
6806.469,4.124,0.3156,0.8607
6807.467,4.124,0.3136,0.8608
6808.463,4.124,0.3234,0.8609
6809.476,4.128,0.3208,0.861
6810.468,4.128,0.3164,0.861
6811.465,4.124,0.3099,0.8611
6812.474,4.124,0.3177,0.8612
6813.473,4.128,0.3149,0.8612
6814.474,4.124,0.3179,0.8613
6815.465,4.124,0.3163,0.8614
6816.474,4.124,0.3103,0.8615
6817.469,4.124,0.3175,0.8615
6818.463,4.128,0.3107,0.8616
6819.482,4.124,0.3133,0.8617
6820.478,4.124,0.3197,0.8618
6821.474,4.124,0.3177,0.8618
6822.464,4.128,0.3135,0.8619
6823.474,4.124,0.3193,0.862
6824.472,4.128,0.3097,0.862
6825.463,4.124,0.3144,0.8621
6826.462,4.124,0.3167,0.8622
6827.474,4.124,0.3107,0.8623
6828.467,4.124,0.3186,0.8623
6829.473,4.124,0.312,0.8624
6830.463,4.128,0.3178,0.8625
6831.475,4.128,0.3112,0.8626
6832.467,4.124,0.3082,0.8626
6833.473,4.128,0.3123,0.8627
6834.462,4.124,0.3103,0.8628
6835.473,4.128,0.3162,0.8628
6836.469,4.128,0.308,0.8629
6837.462,4.128,0.3102,0.863
6838.472,4.124,0.3095,0.8631
6839.463,4.124,0.3073,0.8631
6840.468,4.124,0.3156,0.8632
6841.475,4.124,0.3159,0.8633
6842.466,4.124,0.3168,0.8634
6843.475,4.124,0.313,0.8634
6844.462,4.124,0.3122,0.8635
6845.473,4.128,0.3098,0.8636
6846.465,4.128,0.3088,0.8636
6847.469,4.128,0.3079,0.8637
6848.463,4.124,0.3124,0.8638
6849.463,4.128,0.3074,0.8639
6850.474,4.124,0.3093,0.8639
6851.465,4.128,0.3084,0.864
6852.474,4.128,0.3185,0.8641
6853.47,4.128,0.3095,0.8641
6854.465,4.128,0.3127,0.8642
6855.478,4.124,0.3097,0.8643
6856.472,4.124,0.3076,0.8644
6857.471,4.124,0.3063,0.8644
6858.472,4.128,0.3079,0.8645
6859.472,4.124,0.3094,0.8646
6860.471,4.128,0.3159,0.8646
6861.463,4.128,0.3117,0.8647
6862.473,4.128,0.3129,0.8648
6863.466,4.124,0.3149,0.8649
6864.466,4.128,0.3153,0.8649
6865.465,4.124,0.3116,0.865
6866.471,4.124,0.3142,0.8651
6867.468,4.124,0.3059,0.8652
6868.476,4.128,0.3084,0.8652
6869.472,4.128,0.3124,0.8653
6870.463,4.124,0.312,0.8654
6871.475,4.124,0.3137,0.8654
6872.466,4.128,0.3118,0.8655
6873.462,4.124,0.3148,0.8656
6874.476,4.128,0.3133,0.8657
6875.465,4.124,0.3146,0.8657
6876.462,4.124,0.3023,0.8658
6877.469,4.124,0.3131,0.8659
6878.464,4.124,0.3047,0.8659
6879.469,4.128,0.304,0.866
6880.471,4.128,0.3145,0.8661
6881.475,4.124,0.3158,0.8662
6882.469,4.128,0.3157,0.8662
6883.462,4.124,0.3152,0.8663
6884.472,4.128,0.3116,0.8664
6885.462,4.128,0.3121,0.8664
6886.473,4.124,0.3053,0.8665
6887.468,4.128,0.3096,0.8666
6888.474,4.124,0.3075,0.8667
6889.469,4.128,0.3098,0.8667
6890.464,4.128,0.3085,0.8668
6891.475,4.128,0.31,0.8669
6892.468,4.128,0.3112,0.867
6893.475,4.128,0.3102,0.867
6894.465,4.128,0.3115,0.8671
6895.476,4.124,0.3126,0.8672
6896.481,4.128,0.3029,0.8672
6897.467,4.128,0.3059,0.8673
6898.468,4.128,0.3112,0.8674
6899.463,4.128,0.305,0.8675
6900.473,4.124,0.3069,0.8675
6901.464,4.128,0.3048,0.8676
6902.462,4.124,0.3101,0.8677
6903.475,4.124,0.3093,0.8677
6904.469,4.128,0.3092,0.8678
6905.461,4.128,0.3108,0.8679
6906.468,4.124,0.3069,0.8679
6907.466,4.128,0.3062,0.868
6908.471,4.128,0.3127,0.8681
6909.468,4.128,0.3142,0.8682
6910.524,4.128,0.3122,0.8682
6911.464,4.128,0.3056,0.8683
6912.472,4.128,0.3113,0.8684
6913.463,4.128,0.3026,0.8685
6914.471,4.128,0.3047,0.8685
6915.465,4.124,0.3054,0.8686
6916.469,4.124,0.3109,0.8687
6917.473,4.128,0.3105,0.8687
6918.466,4.128,0.309,0.8688
6919.464,4.128,0.313,0.8689
6920.474,4.128,0.3128,0.869
6921.469,4.128,0.3086,0.869
6922.465,4.128,0.3126,0.8691
6923.472,4.128,0.3097,0.8692
6924.465,4.124,0.3021,0.8692
6925.474,4.128,0.3066,0.8693
6926.47,4.128,0.3055,0.8694
6927.46,4.124,0.3029,0.8694
6928.463,4.124,0.3038,0.8695
6929.464,4.128,0.3057,0.8696
6930.466,4.128,0.3045,0.8697
6931.461,4.128,0.312,0.8697
6932.47,4.128,0.3089,0.8698
6933.462,4.128,0.3086,0.8699
6934.468,4.128,0.3083,0.8699
6935.46,4.128,0.3067,0.87
6936.467,4.128,0.3071,0.8701
6937.463,4.132,0.3117,0.8702
6938.472,4.128,0.3039,0.8702
6939.464,4.128,0.3031,0.8703
6940.46,4.124,0.3046,0.8704
6941.473,4.128,0.3103,0.8704
6942.468,4.128,0.3093,0.8705
6943.462,4.128,0.307,0.8706
6944.469,4.128,0.3017,0.8707
6945.461,4.128,0.3037,0.8707
6946.47,4.124,0.3006,0.8708
6947.462,4.128,0.3062,0.8709
6948.468,4.128,0.303,0.8709
6949.463,4.128,0.2997,0.871
6950.47,4.128,0.306,0.8711
6951.463,4.128,0.3013,0.8711
6952.469,4.128,0.3064,0.8712
6953.464,4.128,0.3065,0.8713
6954.464,4.128,0.3045,0.8714
6955.473,4.128,0.3083,0.8714
6956.465,4.128,0.3075,0.8715
6957.46,4.132,0.3084,0.8716
6958.469,4.128,0.2975,0.8716
6959.462,4.128,0.2982,0.8717
6960.469,4.128,0.301,0.8718
6961.461,4.128,0.3046,0.8719
6962.471,4.128,0.3054,0.8719
6963.463,4.128,0.307,0.872
6964.472,4.128,0.2979,0.8721
6965.463,4.128,0.3003,0.8721
6966.458,4.124,0.2992,0.8722
6967.464,4.128,0.3086,0.8723
6968.472,4.128,0.2986,0.8723
6969.466,4.132,0.3019,0.8724
6970.467,4.128,0.2962,0.8725
6971.473,4.132,0.3071,0.8726
6972.467,4.124,0.2981,0.8726
6973.472,4.128,0.2969,0.8727
6974.469,4.128,0.3044,0.8728
6975.461,4.124,0.2965,0.8728
6976.47,4.128,0.3004,0.8729
6977.459,4.128,0.2984,0.873
6978.472,4.128,0.2981,0.873
6979.46,4.128,0.3044,0.8731
6980.463,4.128,0.3001,0.8732
6981.458,4.128,0.3003,0.8732
6982.467,4.128,0.299,0.8733
6983.46,4.128,0.2997,0.8734
6984.463,4.128,0.2995,0.8735
6985.47,4.128,0.3021,0.8735
6986.464,4.128,0.3001,0.8736
6987.458,4.128,0.3039,0.8737
6988.465,4.128,0.3032,0.8737
6989.469,4.128,0.297,0.8738
6990.462,4.128,0.3044,0.8739
6991.46,4.128,0.2983,0.8739
6992.466,4.128,0.2976,0.874
6993.46,4.128,0.3021,0.8741
6994.466,4.128,0.3019,0.8742
6995.459,4.128,0.3022,0.8742
6996.465,4.128,0.3017,0.8743
6997.46,4.128,0.3023,0.8744
6998.465,4.128,0.307,0.8744
6999.46,4.128,0.3015,0.8745
7000.468,4.128,0.2974,0.8746
7001.457,4.128,0.2999,0.8746
7002.469,4.128,0.2991,0.8747
7003.465,4.128,0.2994,0.8748
7004.461,4.128,0.2998,0.8748
7005.471,4.128,0.2963,0.8749
7006.466,4.128,0.3046,0.875
7007.461,4.124,0.2991,0.8751
7008.468,4.128,0.2989,0.8751
7009.462,4.128,0.2956,0.8752
7010.469,4.128,0.295,0.8753
7011.464,4.128,0.2962,0.8753
7012.461,4.132,0.301,0.8754
7013.458,4.128,0.2989,0.8755
7014.463,4.128,0.2988,0.8755
7015.469,4.128,0.2981,0.8756
7016.463,4.128,0.2988,0.8757
7017.467,4.128,0.2965,0.8757
7018.47,4.128,0.2965,0.8758
7019.46,4.128,0.2975,0.8759
7020.46,4.128,0.3015,0.876
7021.467,4.128,0.299,0.876
7022.456,4.132,0.297,0.8761
7023.462,4.128,0.2993,0.8762
7024.47,4.128,0.3029,0.8762
7025.465,4.128,0.3018,0.8763
7026.456,4.128,0.299,0.8764
7027.467,4.132,0.3007,0.8764
7028.458,4.128,0.3029,0.8765
7029.46,4.128,0.2987,0.8766
7030.468,4.128,0.2928,0.8766
7031.462,4.128,0.2978,0.8767
7032.46,4.128,0.2968,0.8768
7033.468,4.128,0.2983,0.8769
7034.462,4.128,0.297,0.8769
7035.457,4.128,0.2966,0.877
7036.465,4.128,0.3008,0.8771
7037.46,4.128,0.2934,0.8771
7038.469,4.128,0.2942,0.8772
7039.458,4.128,0.2937,0.8773
7040.463,4.128,0.2914,0.8773
7041.468,4.128,0.2947,0.8774
7042.463,4.128,0.2954,0.8775
7043.457,4.128,0.3003,0.8775
7044.458,4.128,0.3064,0.8776
7045.465,4.132,0.3037,0.8777
7046.46,4.128,0.3006,0.8777
7047.465,4.128,0.3003,0.8778
7048.462,4.132,0.2916,0.8779
7049.466,4.132,0.299,0.878
7050.459,4.128,0.3016,0.878
7051.466,4.132,0.3037,0.8781
7052.46,4.128,0.3042,0.8782
7053.47,4.128,0.2966,0.8782
7054.463,4.128,0.2946,0.8783
7055.457,4.128,0.2984,0.8784
7056.463,4.128,0.2931,0.8784
7057.458,4.128,0.2955,0.8785
7058.463,4.128,0.2955,0.8786
7059.47,4.128,0.2981,0.8786
7060.462,4.128,0.3001,0.8787
7061.458,4.128,0.2977,0.8788
7062.462,4.128,0.2894,0.8788
7063.468,4.128,0.297,0.8789
7064.461,4.128,0.2976,0.879
7065.469,4.128,0.2997,0.8791
7066.464,4.128,0.3011,0.8791
7067.47,4.132,0.2958,0.8792
7068.463,4.128,0.2987,0.8793
7069.457,4.128,0.2991,0.8793
7070.468,4.128,0.2959,0.8794
7071.458,4.132,0.3007,0.8795
7072.461,4.128,0.2949,0.8795
7073.457,4.128,0.295,0.8796
7074.465,4.128,0.2956,0.8797
7075.469,4.128,0.2965,0.8797
7076.462,4.132,0.2981,0.8798
7077.459,4.128,0.2959,0.8799
7078.458,4.132,0.2967,0.88
7079.466,4.132,0.3031,0.88
7080.457,4.128,0.3046,0.8801
7081.458,4.128,0.3028,0.8802
7082.466,4.128,0.2957,0.8802
7083.455,4.128,0.2958,0.8803
7084.461,4.132,0.295,0.8804
7085.455,4.128,0.2933,0.8804
7086.458,4.128,0.2955,0.8805
7087.465,4.128,0.2942,0.8806
7088.468,4.128,0.2932,0.8806
7089.463,4.128,0.289,0.8807
7090.469,4.128,0.2904,0.8808
7091.457,4.128,0.2935,0.8808
7092.462,4.128,0.2932,0.8809
7093.466,4.132,0.2937,0.881
7094.454,4.128,0.2946,0.881
7095.46,4.128,0.2982,0.8811
7096.461,4.132,0.2995,0.8812
7097.457,4.128,0.2954,0.8813
7098.464,4.128,0.2951,0.8813
7099.458,4.128,0.2977,0.8814
7100.455,4.132,0.2895,0.8815
7101.463,4.128,0.2977,0.8815
7102.455,4.128,0.2991,0.8816
7103.462,4.128,0.2988,0.8817
7104.455,4.128,0.3012,0.8817
7105.461,4.128,0.2961,0.8818
7106.464,4.132,0.2861,0.8819
7107.468,4.132,0.2871,0.8819
7108.454,4.128,0.2894,0.882
7109.461,4.128,0.2946,0.8821
7110.457,4.128,0.2936,0.8821
7111.46,4.132,0.2984,0.8822
7112.464,4.128,0.2977,0.8823
7113.469,4.132,0.2939,0.8823
7114.457,4.128,0.2894,0.8824
7115.457,4.128,0.2886,0.8825
7116.464,4.128,0.2905,0.8825
7117.455,4.128,0.292,0.8826
7118.466,4.128,0.2963,0.8827
7119.462,4.132,0.2971,0.8827
7120.458,4.128,0.2941,0.8828
7121.455,4.128,0.298,0.8829
7122.463,4.128,0.3,0.883
7123.464,4.128,0.2962,0.883
7124.465,4.128,0.2905,0.8831
7125.457,4.132,0.2959,0.8832
7126.463,4.128,0.2953,0.8832
7127.458,4.132,0.2979,0.8833
7128.467,4.132,0.2878,0.8834
7129.457,4.128,0.2885,0.8834
7130.464,4.128,0.2875,0.8835
7131.462,4.128,0.2889,0.8836
7132.468,4.132,0.2892,0.8836
7133.462,4.132,0.2964,0.8837
7134.458,4.128,0.2899,0.8838
7135.465,4.132,0.2922,0.8838
7136.463,4.128,0.2885,0.8839
7137.457,4.132,0.2886,0.884
7138.462,4.132,0.2889,0.884
7139.457,4.128,0.2918,0.8841
7140.465,4.132,0.2974,0.8842
7141.455,4.132,0.2919,0.8842
7142.457,4.132,0.2973,0.8843
7143.463,4.132,0.2942,0.8844
7144.456,4.128,0.2951,0.8844
7145.466,4.132,0.2873,0.8845
7146.459,4.132,0.2904,0.8846
7147.456,4.132,0.2946,0.8846
7148.462,4.132,0.2921,0.8847
7149.457,4.132,0.2888,0.8848
7150.455,4.132,0.2969,0.8848
7151.462,4.128,0.2923,0.8849
7152.463,4.128,0.2886,0.885
7153.458,4.132,0.2851,0.885
7154.463,4.128,0.2868,0.8851
7155.456,4.132,0.2885,0.8852
7156.462,4.128,0.2908,0.8852
7157.457,4.132,0.2905,0.8853
7158.454,4.132,0.2984,0.8854
7159.461,4.132,0.2864,0.8855
7160.453,4.128,0.2933,0.8855
7161.462,4.128,0.2946,0.8856
7162.455,4.132,0.2959,0.8857
7163.455,4.128,0.2936,0.8857
7164.462,4.132,0.2904,0.8858
7165.453,4.128,0.2865,0.8859
7166.462,4.128,0.289,0.8859
7167.465,4.128,0.2859,0.886
7168.454,4.132,0.2828,0.8861
7169.462,4.132,0.2923,0.8861
7170.453,4.132,0.2857,0.8862
7171.458,4.132,0.2848,0.8863
7172.464,4.132,0.2964,0.8863
7173.454,4.132,0.2933,0.8864
7174.465,4.128,0.2936,0.8865
7175.456,4.132,0.2907,0.8865
7176.465,4.132,0.2924,0.8866
7177.452,4.132,0.2893,0.8867
7178.455,4.132,0.2859,0.8867
7179.458,4.132,0.2831,0.8868
7180.453,4.132,0.2884,0.8869
7181.459,4.132,0.2845,0.8869
7182.455,4.132,0.2828,0.887
7183.46,4.132,0.291,0.8871
7184.463,4.132,0.2941,0.8871
7185.454,4.132,0.2917,0.8872
7186.465,4.132,0.2917,0.8873
7187.455,4.132,0.2945,0.8873
7188.463,4.132,0.2905,0.8874
7189.455,4.132,0.2921,0.8875
7190.462,4.132,0.286,0.8875
7191.454,4.132,0.289,0.8876
7192.462,4.132,0.29,0.8877
7193.453,4.132,0.2857,0.8877
7194.455,4.132,0.2863,0.8878
7195.459,4.132,0.287,0.8879
7196.465,4.132,0.2958,0.8879
7197.467,4.132,0.2915,0.888
7198.461,4.132,0.2878,0.8881
7199.465,4.132,0.2882,0.8881
7200.465,4.132,0.2836,0.8882
7201.46,4.132,0.2917,0.8883
7202.457,4.132,0.2901,0.8883
7203.463,4.132,0.2873,0.8884
7204.458,4.132,0.2921,0.8885
7205.459,4.132,0.2837,0.8885
7206.466,4.132,0.2928,0.8886
7207.457,4.132,0.2859,0.8887
7208.459,4.132,0.2916,0.8887
7209.456,4.132,0.2896,0.8888
7210.463,4.132,0.2846,0.8889
7211.452,4.132,0.2843,0.8889
7212.459,4.132,0.2847,0.889
7213.465,4.132,0.2893,0.8891
7214.461,4.132,0.2893,0.8891
7215.455,4.132,0.2894,0.8892
7216.462,4.132,0.2797,0.8893
7217.456,4.132,0.2858,0.8893
7218.458,4.132,0.2908,0.8894
7219.453,4.132,0.2927,0.8895
7220.456,4.132,0.2848,0.8895
7221.461,4.132,0.2858,0.8896
7222.452,4.132,0.2873,0.8897
7223.464,4.132,0.2891,0.8897
7224.455,4.128,0.2931,0.8898
7225.463,4.132,0.2854,0.8899
7226.456,4.132,0.2875,0.8899
7227.451,4.136,0.2904,0.89
7228.461,4.132,0.2915,0.8901
7229.454,4.132,0.2906,0.8901
7230.466,4.136,0.2903,0.8902
7231.454,4.132,0.2869,0.8903
7232.462,4.132,0.2886,0.8903
7233.458,4.132,0.2874,0.8904
7234.451,4.132,0.2822,0.8905
7235.457,4.132,0.2828,0.8905
7236.452,4.132,0.2846,0.8906
7237.463,4.132,0.282,0.8907
7238.457,4.132,0.2836,0.8907
7239.464,4.132,0.2853,0.8908
7240.454,4.132,0.2846,0.8909
7241.464,4.132,0.2814,0.8909
7242.456,4.132,0.2803,0.891
7243.464,4.132,0.2795,0.8911
7244.454,4.136,0.282,0.8911
7245.461,4.132,0.2849,0.8912
7246.464,4.132,0.2836,0.8913
7247.457,4.132,0.2829,0.8913
7248.456,4.132,0.2824,0.8914
7249.463,4.132,0.2869,0.8915
7250.452,4.132,0.2837,0.8915
7251.458,4.132,0.2807,0.8916
7252.452,4.132,0.2841,0.8916
7253.463,4.132,0.2831,0.8917
7254.456,4.132,0.2836,0.8918
7255.45,4.136,0.2857,0.8918
7256.463,4.132,0.2837,0.8919
7257.454,4.132,0.2837,0.892
7258.459,4.132,0.2895,0.892
7259.452,4.132,0.2826,0.8921
7260.462,4.132,0.2788,0.8922
7261.46,4.132,0.2844,0.8922
7262.454,4.132,0.2833,0.8923
7263.462,4.132,0.2779,0.8924
7264.453,4.132,0.2811,0.8924
7265.461,4.132,0.2761,0.8925
7266.452,4.132,0.2851,0.8926
7267.455,4.136,0.2854,0.8926
7268.461,4.132,0.2839,0.8927
7269.453,4.132,0.2822,0.8928
7270.459,4.132,0.2766,0.8928
7271.452,4.132,0.2838,0.8929
7272.461,4.132,0.2765,0.893
7273.452,4.132,0.2849,0.893
7274.454,4.136,0.2877,0.8931
7275.459,4.132,0.2801,0.8932
7276.457,4.132,0.2897,0.8932
7277.452,4.136,0.2851,0.8933
7278.459,4.132,0.2843,0.8934
7279.449,4.132,0.2844,0.8934
7280.458,4.132,0.2817,0.8935
7281.454,4.132,0.2781,0.8935
7282.45,4.136,0.2901,0.8936
7283.457,4.132,0.2778,0.8937
7284.453,4.132,0.2778,0.8937
7285.461,4.136,0.2795,0.8938
7286.46,4.132,0.2838,0.8939
7287.452,4.132,0.2836,0.8939
7288.459,4.136,0.2768,0.894
7289.46,4.132,0.2834,0.8941
7290.453,4.132,0.2863,0.8941
7291.462,4.132,0.2871,0.8942
7292.456,4.132,0.2751,0.8943
7293.46,4.132,0.2823,0.8943
7294.452,4.132,0.2868,0.8944
7295.464,4.132,0.2872,0.8945
7296.456,4.136,0.283,0.8945
7297.458,4.132,0.2773,0.8946
7298.457,4.132,0.2787,0.8947
7299.451,4.132,0.2865,0.8947
7300.46,4.132,0.2811,0.8948
7301.451,4.132,0.2797,0.8949
7302.459,4.136,0.2822,0.8949
7303.453,4.132,0.2852,0.895
7304.457,4.132,0.2844,0.895
7305.454,4.132,0.2809,0.8951
7306.463,4.132,0.2846,0.8952
7307.459,4.132,0.2859,0.8952
7308.453,4.132,0.276,0.8953
7309.457,4.132,0.2847,0.8954
7310.46,4.132,0.2807,0.8954
7311.464,4.132,0.2801,0.8955
7312.456,4.132,0.2835,0.8956
7313.449,4.136,0.2817,0.8956
7314.462,4.132,0.2834,0.8957
7315.455,4.132,0.2818,0.8958
7316.457,4.132,0.2806,0.8958
7317.454,4.132,0.2839,0.8959
7318.462,4.132,0.282,0.896
7319.461,4.132,0.2793,0.896
7320.454,4.132,0.283,0.8961
7321.449,4.136,0.2786,0.8962
7322.458,4.132,0.2762,0.8962
7323.449,4.132,0.2785,0.8963
7324.453,4.132,0.2817,0.8964
7325.463,4.132,0.2799,0.8964
7326.454,4.132,0.2813,0.8965
7327.452,4.132,0.2822,0.8965
7328.462,4.132,0.2815,0.8966
7329.459,4.136,0.2836,0.8967
7330.451,4.132,0.2821,0.8967
7331.458,4.136,0.2803,0.8968
7332.454,4.132,0.2738,0.8969
7333.448,4.132,0.2733,0.8969
7334.46,4.132,0.2748,0.897
7335.457,4.132,0.2754,0.8971
7336.449,4.132,0.2777,0.8971
7337.457,4.132,0.2829,0.8972
7338.453,4.132,0.279,0.8973
7339.462,4.132,0.2754,0.8973
7340.45,4.136,0.2735,0.8974
7341.461,4.132,0.2766,0.8974
7342.456,4.132,0.2738,0.8975
7343.453,4.132,0.2697,0.8976
7344.449,4.132,0.2738,0.8976
7345.457,4.132,0.28,0.8977
7346.449,4.132,0.2811,0.8978
7347.453,4.132,0.2731,0.8978
7348.461,4.132,0.2746,0.8979
7349.462,4.132,0.2758,0.898
7350.459,4.132,0.2731,0.898
7351.451,4.132,0.2751,0.8981
7352.447,4.136,0.2776,0.8981
7353.453,4.132,0.2757,0.8982
7354.461,4.136,0.2806,0.8983
7355.456,4.136,0.2829,0.8983
7356.451,4.136,0.2755,0.8984
7357.454,4.132,0.2758,0.8985
7358.461,4.136,0.2802,0.8985
7359.454,4.136,0.2836,0.8986
7360.447,4.136,0.2775,0.8987
7361.455,4.132,0.2729,0.8987
7362.452,4.136,0.2738,0.8988
7363.457,4.136,0.2715,0.8989
7364.447,4.136,0.2772,0.8989
7365.456,4.132,0.2801,0.899
7366.447,4.136,0.2813,0.899
7367.459,4.136,0.2788,0.8991
7368.451,4.132,0.2773,0.8992
7369.455,4.132,0.2752,0.8992
7370.462,4.136,0.2785,0.8993
7371.457,4.14,0.2792,0.8994
7372.451,4.132,0.2753,0.8994
7373.457,4.136,0.2694,0.8995
7374.45,4.136,0.2721,0.8996
7375.453,4.136,0.2808,0.8996
7376.462,4.132,0.2701,0.8997
7377.45,4.136,0.2688,0.8997
7378.459,4.136,0.2721,0.8998
7379.45,4.136,0.2722,0.8999
7380.457,4.136,0.2793,0.8999
7381.454,4.136,0.2769,0.9
7382.447,4.132,0.2729,0.9001
7383.452,4.136,0.2811,0.9001
7384.459,4.136,0.2806,0.9002
7385.451,4.136,0.2754,0.9003
7386.453,4.136,0.2775,0.9003
7387.449,4.136,0.2804,0.9004
7388.447,4.136,0.277,0.9005
7389.453,4.136,0.2731,0.9005
7390.46,4.132,0.2762,0.9006
7391.456,4.136,0.2766,0.9006
7392.448,4.136,0.2709,0.9007
7393.447,4.136,0.2704,0.9008
7394.457,4.132,0.278,0.9008
7395.46,4.136,0.2748,0.9009
7396.446,4.136,0.2759,0.901
7397.462,4.136,0.2758,0.901
7398.453,4.136,0.2706,0.9011
7399.453,4.136,0.2686,0.9012
7400.452,4.132,0.2731,0.9012
7401.447,4.136,0.2736,0.9013
7402.458,4.136,0.2689,0.9013
7403.46,4.136,0.2704,0.9014
7404.448,4.136,0.2708,0.9015
7405.446,4.136,0.2727,0.9015
7406.452,4.136,0.2826,0.9016
7407.459,4.132,0.2713,0.9017
7408.453,4.132,0.2747,0.9017
7409.446,4.132,0.2722,0.9018
7410.448,4.132,0.2692,0.9018
7411.458,4.136,0.2782,0.9019
7412.453,4.136,0.2696,0.902
7413.45,4.132,0.2687,0.902
7414.453,4.132,0.2742,0.9021
7415.46,4.132,0.2734,0.9022
7416.448,4.136,0.2722,0.9022
7417.455,4.136,0.2768,0.9023
7418.453,4.136,0.2707,0.9024
7419.458,4.132,0.2754,0.9024
7420.457,4.136,0.2787,0.9025
7421.455,4.136,0.2725,0.9025
7422.452,4.14,0.2733,0.9026
7423.458,4.136,0.2749,0.9027
7424.453,4.136,0.282,0.9027
7425.448,4.136,0.279,0.9028
7426.445,4.136,0.2752,0.9029
7427.457,4.132,0.2707,0.9029
7428.453,4.136,0.271,0.903
7429.454,4.132,0.2732,0.9031
7430.456,4.132,0.2713,0.9031
7431.45,4.136,0.2783,0.9032
7432.456,4.136,0.2777,0.9032
7433.458,4.136,0.2786,0.9033
7434.447,4.136,0.276,0.9034
7435.453,4.136,0.2716,0.9034
7436.45,4.136,0.2717,0.9035
7437.458,4.132,0.2704,0.9036
7438.45,4.136,0.2758,0.9036
7439.452,4.132,0.2728,0.9037
7440.447,4.136,0.2746,0.9038
7441.46,4.136,0.2677,0.9038
7442.453,4.136,0.2755,0.9039
7443.452,4.132,0.2652,0.9039
7444.447,4.136,0.2698,0.904
7445.451,4.136,0.275,0.9041
7446.444,4.136,0.2751,0.9041
7447.452,4.136,0.2735,0.9042
7448.448,4.14,0.2737,0.9043
7449.462,4.14,0.2751,0.9043
7450.452,4.136,0.2687,0.9044
7451.451,4.136,0.2783,0.9044
7452.453,4.14,0.2727,0.9045
7453.446,4.136,0.2779,0.9046
7454.454,4.14,0.2805,0.9046
7455.453,4.136,0.2814,0.9047
7456.457,4.136,0.2803,0.9048
7457.45,4.14,0.2787,0.9048
7458.448,4.136,0.2807,0.9049
7459.447,4.136,0.2809,0.905
7460.444,4.136,0.274,0.905
7461.455,4.136,0.2727,0.9051
7462.445,4.136,0.2752,0.9052
7463.454,4.136,0.2702,0.9052
7464.454,4.136,0.2649,0.9053
7465.444,4.14,0.2688,0.9053
7466.445,4.14,0.2648,0.9054
7467.453,4.136,0.274,0.9055
7468.449,4.136,0.2712,0.9055
7469.459,4.136,0.2718,0.9056
7470.45,4.14,0.2702,0.9057
7471.445,4.14,0.2692,0.9057
7472.449,4.132,0.2653,0.9058
7473.458,4.136,0.2707,0.9058
7474.452,4.136,0.275,0.9059
7475.449,4.14,0.2675,0.906
7476.453,4.136,0.2663,0.906
7477.448,4.136,0.2682,0.9061
7478.452,4.136,0.2647,0.9061
7479.454,4.136,0.2634,0.9062
7480.451,4.14,0.27,0.9063
7481.454,4.136,0.2637,0.9063
7482.45,4.136,0.2644,0.9064
7483.444,4.136,0.2647,0.9065
7484.444,4.136,0.264,0.9065
7485.456,4.132,0.2638,0.9066
7486.454,4.136,0.2662,0.9066
7487.45,4.136,0.2639,0.9067
7488.449,4.136,0.271,0.9068
7489.446,4.136,0.2679,0.9068
7490.453,4.136,0.2703,0.9069
7491.448,4.136,0.264,0.9069
7492.451,4.136,0.2714,0.907
7493.444,4.136,0.2631,0.9071
7494.451,4.136,0.2612,0.9071
7495.454,4.14,0.2692,0.9072
7496.456,4.136,0.2702,0.9073
7497.458,4.136,0.2645,0.9073
7498.455,4.14,0.2721,0.9074
7499.445,4.136,0.2727,0.9074
7500.458,4.136,0.2703,0.9075
7501.449,4.14,0.2725,0.9076
7502.452,4.14,0.269,0.9076
7503.454,4.136,0.2703,0.9077
7504.445,4.14,0.2654,0.9078
7505.453,4.136,0.2685,0.9078
7506.458,4.136,0.2707,0.9079
7507.446,4.14,0.2678,0.9079
7508.455,4.14,0.2676,0.908
7509.455,4.136,0.2677,0.9081
7510.454,4.14,0.271,0.9081
7511.448,4.14,0.2759,0.9082
7512.45,4.136,0.2668,0.9083
7513.449,4.136,0.2717,0.9083
7514.454,4.136,0.2686,0.9084
7515.448,4.136,0.2684,0.9084
7516.452,4.136,0.2673,0.9085
7517.444,4.14,0.2734,0.9086
7518.451,4.14,0.2716,0.9086
7519.452,4.14,0.2672,0.9087
7520.443,4.136,0.266,0.9088
7521.452,4.136,0.2696,0.9088
7522.443,4.14,0.2726,0.9089
7523.453,4.14,0.2661,0.9089
7524.456,4.14,0.2708,0.909
7525.453,4.14,0.2655,0.9091
7526.447,4.14,0.2655,0.9091
7527.45,4.136,0.2664,0.9092
7528.45,4.14,0.2691,0.9093
7529.452,4.14,0.2743,0.9093
7530.445,4.136,0.2724,0.9094
7531.443,4.14,0.2708,0.9094
7532.447,4.14,0.271,0.9095
7533.452,4.136,0.2697,0.9096
7534.444,4.136,0.2716,0.9096
7535.448,4.136,0.2725,0.9097
7536.442,4.14,0.2652,0.9098
7537.443,4.14,0.2646,0.9098
7538.445,4.14,0.2652,0.9099
7539.45,4.14,0.2625,0.9099
7540.444,4.136,0.264,0.91
7541.444,4.136,0.2707,0.9101
7542.45,4.14,0.2668,0.9101
7543.443,4.14,0.2641,0.9102
7544.442,4.14,0.2707,0.9102
7545.45,4.136,0.2708,0.9103
7546.444,4.136,0.2605,0.9104
7547.445,4.14,0.2583,0.9104
7548.445,4.136,0.2699,0.9105
7549.454,4.14,0.2591,0.9106
7550.449,4.14,0.2615,0.9106
7551.451,4.14,0.2698,0.9107
7552.444,4.136,0.2639,0.9107
7553.451,4.14,0.2705,0.9108
7554.443,4.14,0.2635,0.9109
7555.457,4.14,0.262,0.9109
7556.443,4.14,0.2634,0.911
7557.45,4.14,0.2659,0.911
7558.446,4.14,0.2672,0.9111
7559.446,4.14,0.2644,0.9112
7560.453,4.14,0.268,0.9112
7561.454,4.14,0.267,0.9113
7562.455,4.14,0.2572,0.9113
7563.449,4.14,0.2649,0.9114
7564.454,4.14,0.2664,0.9115
7565.448,4.136,0.2611,0.9115
7566.444,4.136,0.2603,0.9116
7567.444,4.14,0.2687,0.9117
7568.441,4.14,0.2595,0.9117
7569.455,4.136,0.2607,0.9118
7570.457,4.14,0.2639,0.9118
7571.449,4.14,0.2699,0.9119
7572.441,4.136,0.2622,0.912
7573.45,4.14,0.2616,0.912
7574.443,4.14,0.2684,0.9121
7575.454,4.136,0.2598,0.9121
7576.455,4.14,0.2656,0.9122
7577.449,4.136,0.2611,0.9123
7578.454,4.136,0.2659,0.9123
7579.445,4.14,0.2607,0.9124
7580.456,4.14,0.2574,0.9124
7581.443,4.14,0.2589,0.9125
7582.453,4.136,0.2587,0.9126
7583.442,4.14,0.2589,0.9126
7584.45,4.136,0.2682,0.9127
7585.448,4.14,0.2586,0.9127
7586.444,4.14,0.2634,0.9128
7587.451,4.136,0.2586,0.9129
7588.451,4.14,0.2631,0.9129
7589.445,4.14,0.267,0.913
7590.453,4.144,0.2647,0.9131
7591.454,4.14,0.2607,0.9131
7592.447,4.14,0.2614,0.9132
7593.455,4.14,0.2592,0.9132
7594.447,4.14,0.2542,0.9133
7595.448,4.14,0.2618,0.9134
7596.454,4.14,0.2612,0.9134
7597.455,4.14,0.2549,0.9135
7598.451,4.14,0.2596,0.9135
7599.45,4.14,0.2641,0.9136
7600.447,4.136,0.2567,0.9137
7601.453,4.136,0.2551,0.9137
7602.452,4.14,0.2558,0.9138
7603.448,4.14,0.2572,0.9138
7604.445,4.14,0.2581,0.9139
7605.453,4.14,0.2533,0.9139
7606.452,4.14,0.2521,0.914
7607.453,4.136,0.2567,0.9141
7608.444,4.14,0.2596,0.9141
7609.453,4.136,0.2538,0.9142
7610.454,4.14,0.2614,0.9142
7611.453,4.14,0.2534,0.9143
7612.452,4.14,0.2586,0.9144
7613.446,4.14,0.2516,0.9144
7614.441,4.14,0.2564,0.9145
7615.441,4.14,0.2556,0.9145
7616.445,4.14,0.2535,0.9146
7617.449,4.14,0.2614,0.9147
7618.443,4.136,0.2615,0.9147
7619.44,4.14,0.26,0.9148
7620.453,4.14,0.2548,0.9148
7621.443,4.14,0.256,0.9149
7622.447,4.14,0.2589,0.915
7623.453,4.14,0.2562,0.915
7624.445,4.14,0.2569,0.9151
7625.443,4.14,0.2615,0.9151
7626.454,4.14,0.2621,0.9152
7627.442,4.14,0.2586,0.9153
7628.443,4.14,0.2573,0.9153
7629.454,4.136,0.2568,0.9154
7630.444,4.136,0.2541,0.9154
7631.443,4.14,0.2588,0.9155
7632.448,4.14,0.2602,0.9156
7633.451,4.14,0.2586,0.9156
7634.447,4.14,0.2629,0.9157
7635.439,4.144,0.263,0.9157
7636.449,4.144,0.2612,0.9158
7637.453,4.14,0.258,0.9159
7638.449,4.14,0.2633,0.9159
7639.443,4.14,0.2567,0.916
7640.452,4.14,0.2554,0.916
7641.44,4.14,0.2558,0.9161
7642.447,4.14,0.2606,0.9162
7643.442,4.14,0.2557,0.9162
7644.443,4.14,0.2534,0.9163
7645.446,4.136,0.2563,0.9163
7646.449,4.14,0.2543,0.9164
7647.456,4.14,0.2523,0.9165
7648.44,4.14,0.2572,0.9165
7649.454,4.14,0.2531,0.9166
7650.452,4.14,0.2527,0.9166
7651.439,4.144,0.2537,0.9167
7652.445,4.14,0.2516,0.9167
7653.449,4.14,0.26,0.9168
7654.442,4.14,0.2637,0.9169
7655.446,4.144,0.258,0.9169
7656.455,4.14,0.2628,0.917
7657.444,4.14,0.2504,0.917
7658.448,4.136,0.249,0.9171
7659.451,4.14,0.252,0.9172
7660.441,4.14,0.2578,0.9172
7661.447,4.144,0.2575,0.9173
7662.439,4.14,0.2493,0.9173
7663.443,4.144,0.2492,0.9174
7664.452,4.14,0.2439,0.9175
7665.45,4.14,0.2551,0.9175
7666.442,4.14,0.2551,0.9176
7667.453,4.14,0.2516,0.9176
7668.448,4.14,0.2515,0.9177
7669.442,4.14,0.2534,0.9177
7670.449,4.144,0.255,0.9178
7671.439,4.14,0.2544,0.9179
7672.448,4.14,0.2493,0.9179
7673.444,4.14,0.251,0.918
7674.443,4.14,0.2507,0.918
7675.445,4.144,0.2494,0.9181
7676.438,4.14,0.2515,0.9182
7677.449,4.14,0.2524,0.9182
7678.448,4.14,0.2481,0.9183
7679.449,4.144,0.2488,0.9183
7680.447,4.14,0.2514,0.9184
7681.447,4.14,0.2625,0.9184
7682.438,4.14,0.2568,0.9185
7683.448,4.14,0.2535,0.9186
7684.439,4.14,0.257,0.9186
7685.448,4.14,0.257,0.9187
7686.439,4.144,0.2494,0.9187
7687.447,4.14,0.2492,0.9188
7688.449,4.144,0.246,0.9189
7689.45,4.144,0.2549,0.9189
7690.443,4.14,0.2447,0.919
7691.45,4.14,0.246,0.919
7692.451,4.14,0.2473,0.9191
7693.438,4.14,0.2529,0.9191
7694.447,4.144,0.2465,0.9192
7695.452,4.14,0.2448,0.9193
7696.447,4.14,0.2442,0.9193
7697.446,4.144,0.2498,0.9194
7698.437,4.14,0.2467,0.9194
7699.446,4.14,0.2495,0.9195
7700.445,4.144,0.2447,0.9195
7701.447,4.14,0.2472,0.9196
7702.448,4.144,0.2475,0.9197
7703.439,4.14,0.2477,0.9197
7704.443,4.14,0.2476,0.9198
7705.446,4.14,0.2471,0.9198
7706.44,4.144,0.2511,0.9199
7707.442,4.14,0.2455,0.9199
7708.439,4.14,0.2452,0.92
7709.45,4.14,0.2461,0.9201
7710.451,4.14,0.2523,0.9201
7711.439,4.14,0.2507,0.9202
7712.438,4.144,0.2489,0.9202
7713.442,4.14,0.2478,0.9203
7714.44,4.144,0.2464,0.9203
7715.438,4.14,0.2442,0.9204
7716.441,4.144,0.2468,0.9205
7717.452,4.14,0.2541,0.9205
7718.452,4.144,0.2498,0.9206
7719.438,4.14,0.2521,0.9206
7720.45,4.14,0.2509,0.9207
7721.442,4.144,0.2517,0.9208
7722.44,4.14,0.2494,0.9208
7723.447,4.14,0.2488,0.9209
7724.437,4.144,0.2506,0.9209
7725.443,4.14,0.2487,0.921
7726.446,4.14,0.244,0.921
7727.448,4.144,0.2508,0.9211
7728.447,4.14,0.2471,0.9212
7729.438,4.144,0.2488,0.9212
7730.448,4.144,0.2498,0.9213
7731.441,4.144,0.2516,0.9213
7732.443,4.144,0.2517,0.9214
7733.441,4.144,0.2505,0.9214
7734.445,4.144,0.241,0.9215
7735.445,4.144,0.2447,0.9216
7736.452,4.144,0.2473,0.9216
7737.438,4.144,0.2466,0.9217
7738.444,4.144,0.25,0.9217
7739.447,4.14,0.2497,0.9218
7740.436,4.144,0.2491,0.9218
7741.445,4.14,0.2472,0.9219
7742.448,4.144,0.2526,0.922
7743.446,4.144,0.2495,0.922
7744.45,4.144,0.2433,0.9221
7745.439,4.144,0.2444,0.9221
7746.45,4.144,0.2462,0.9222
7747.451,4.14,0.2422,0.9222
7748.436,4.144,0.2535,0.9223
7749.452,4.144,0.2422,0.9224
7750.449,4.14,0.2491,0.9224
7751.451,4.144,0.2472,0.9225
7752.442,4.144,0.2481,0.9225
7753.441,4.14,0.2481,0.9226
7754.439,4.14,0.2423,0.9226
7755.447,4.144,0.2381,0.9227
7756.452,4.14,0.2371,0.9228
7757.451,4.144,0.2473,0.9228
7758.442,4.144,0.2383,0.9229
7759.44,4.144,0.2468,0.9229
7760.442,4.144,0.2442,0.923
7761.443,4.144,0.2432,0.923
7762.447,4.144,0.2438,0.9231
7763.449,4.144,0.2469,0.9231
7764.442,4.144,0.2402,0.9232
7765.439,4.14,0.2441,0.9233
7766.443,4.144,0.2463,0.9233
7767.449,4.144,0.2395,0.9234
7768.439,4.144,0.248,0.9234
7769.443,4.144,0.2452,0.9235
7770.447,4.144,0.2474,0.9235
7771.435,4.144,0.243,0.9236
7772.448,4.144,0.242,0.9237
7773.437,4.144,0.2414,0.9237
7774.449,4.14,0.2403,0.9238
7775.449,4.144,0.2393,0.9238
7776.448,4.144,0.2478,0.9239
7777.447,4.144,0.2371,0.9239
7778.436,4.144,0.2415,0.924
7779.436,4.144,0.2455,0.924
7780.449,4.144,0.2444,0.9241
7781.437,4.14,0.2418,0.9242
7782.446,4.144,0.2361,0.9242
7783.439,4.144,0.2382,0.9243
7784.446,4.144,0.242,0.9243
7785.441,4.14,0.2452,0.9244
7786.45,4.14,0.2373,0.9244
7787.447,4.144,0.2376,0.9245
7788.436,4.144,0.2437,0.9246
7789.442,4.14,0.2402,0.9246
7790.441,4.144,0.2383,0.9247
7791.449,4.144,0.2352,0.9247
7792.449,4.144,0.2401,0.9248
7793.442,4.14,0.2413,0.9248
7794.451,4.144,0.2334,0.9249
7795.443,4.144,0.2427,0.9249
7796.444,4.144,0.2447,0.925
7797.441,4.144,0.2363,0.925
7798.445,4.144,0.2367,0.9251
7799.435,4.14,0.2416,0.9252
7800.439,4.14,0.2406,0.9252
7801.439,4.144,0.2391,0.9253
7802.448,4.14,0.2331,0.9253
7803.445,4.144,0.231,0.9254
7804.447,4.144,0.2296,0.9254
7805.449,4.144,0.2364,0.9255
7806.443,4.144,0.2339,0.9255
7807.443,4.144,0.2382,0.9256
7808.437,4.144,0.235,0.9256
7809.442,4.144,0.2315,0.9257
7810.446,4.144,0.2343,0.9258
7811.442,4.144,0.2369,0.9258
7812.436,4.144,0.2349,0.9259
7813.442,4.144,0.2342,0.9259
7814.448,4.144,0.2339,0.926
7815.446,4.144,0.2358,0.926
7816.436,4.144,0.2416,0.9261
7817.449,4.144,0.2332,0.9261
7818.435,4.144,0.2453,0.9262
7819.436,4.144,0.2405,0.9263
7820.434,4.144,0.2356,0.9263
7821.448,4.144,0.2404,0.9264
7822.441,4.14,0.2384,0.9264
7823.444,4.144,0.2375,0.9265
7824.443,4.148,0.2373,0.9265
7825.449,4.144,0.2392,0.9266
7826.434,4.144,0.2429,0.9266
7827.437,4.14,0.2377,0.9267
7828.435,4.144,0.2387,0.9267
7829.437,4.144,0.236,0.9268
7830.446,4.148,0.2449,0.9269
7831.448,4.148,0.2346,0.9269
7832.436,4.148,0.2361,0.927
7833.444,4.144,0.2398,0.927
7834.434,4.144,0.238,0.9271
7835.435,4.144,0.2382,0.9271
7836.441,4.148,0.2395,0.9272
7837.438,4.144,0.24,0.9272
7838.443,4.144,0.2413,0.9273
7839.446,4.144,0.2335,0.9274
7840.438,4.144,0.233,0.9274
7841.442,4.144,0.2349,0.9275
7842.445,4.144,0.2393,0.9275
7843.441,4.148,0.2317,0.9276
7844.443,4.148,0.2417,0.9276
7845.441,4.144,0.2365,0.9277
7846.444,4.144,0.2323,0.9277
7847.441,4.144,0.2366,0.9278
7848.448,4.148,0.2414,0.9278
7849.445,4.14,0.2344,0.9279
7850.443,4.144,0.2368,0.928
7851.446,4.148,0.2366,0.928
7852.447,4.148,0.2404,0.9281
7853.446,4.148,0.2365,0.9281
7854.441,4.144,0.234,0.9282
7855.436,4.144,0.2328,0.9282
7856.439,4.144,0.2334,0.9283
7857.438,4.144,0.2318,0.9283
7858.437,4.148,0.2347,0.9284
7859.438,4.148,0.2359,0.9284
7860.444,4.144,0.2316,0.9285
7861.436,4.144,0.2385,0.9286
7862.438,4.148,0.2366,0.9286
7863.434,4.148,0.2345,0.9287
7864.446,4.144,0.2334,0.9287
7865.447,4.148,0.238,0.9288
7866.444,4.144,0.241,0.9288
7867.437,4.144,0.242,0.9289
7868.446,4.148,0.2402,0.9289
7869.437,4.144,0.2309,0.929
7870.444,4.148,0.2365,0.929
7871.434,4.148,0.2348,0.9291
7872.447,4.148,0.2385,0.9292
7873.436,4.148,0.2386,0.9292
7874.433,4.148,0.2388,0.9293
7875.445,4.148,0.24,0.9293
7876.442,4.144,0.2351,0.9294
7877.445,4.148,0.2312,0.9294
7878.438,4.148,0.232,0.9295
7879.445,4.144,0.2343,0.9295
7880.44,4.144,0.2346,0.9296
7881.448,4.148,0.2338,0.9296
7882.442,4.148,0.2362,0.9297
7883.439,4.148,0.239,0.9298
7884.447,4.148,0.2448,0.9298
7885.443,4.148,0.2347,0.9299
7886.434,4.144,0.2352,0.9299
7887.441,4.148,0.2335,0.93
7888.442,4.148,0.2375,0.93
7889.433,4.144,0.2409,0.9301
7890.44,4.148,0.2419,0.9301
7891.443,4.148,0.2404,0.9302
7892.444,4.148,0.2357,0.9303
7893.443,4.148,0.235,0.9303
7894.438,4.144,0.2353,0.9304
7895.444,4.148,0.2403,0.9304
7896.444,4.148,0.2325,0.9305
7897.441,4.148,0.2384,0.9305
7898.437,4.148,0.2322,0.9306
7899.437,4.148,0.231,0.9306
7900.437,4.144,0.2302,0.9307
7901.434,4.144,0.2306,0.9307
7902.443,4.144,0.233,0.9308
7903.436,4.148,0.2335,0.9309
7904.433,4.144,0.2305,0.9309
7905.44,4.144,0.23,0.931
7906.435,4.144,0.229,0.931
7907.443,4.148,0.2295,0.9311
7908.446,4.148,0.2288,0.9311
7909.449,4.148,0.24,0.9312
7910.441,4.148,0.2355,0.9312
7911.438,4.148,0.2359,0.9313
7912.434,4.148,0.2352,0.9313
7913.433,4.148,0.2345,0.9314
7914.433,4.148,0.2386,0.9314
7915.431,4.144,0.2387,0.9315
7916.437,4.144,0.2306,0.9316
7917.441,4.148,0.2386,0.9316
7918.445,4.144,0.2386,0.9317
7919.433,4.144,0.2396,0.9317
7920.437,4.144,0.2293,0.9318
7921.441,4.148,0.2262,0.9318
7922.446,4.144,0.2271,0.9319
7923.437,4.148,0.2311,0.9319
7924.444,4.148,0.2395,0.932
7925.434,4.148,0.2248,0.932
7926.432,4.148,0.226,0.9321
7927.435,4.148,0.2281,0.9321
7928.431,4.148,0.2324,0.9322
7929.44,4.144,0.2361,0.9323
7930.438,4.148,0.2342,0.9323
7931.433,4.148,0.2254,0.9324
7932.434,4.148,0.2304,0.9324
7933.439,4.148,0.2337,0.9325
7934.445,4.148,0.232,0.9325
7935.443,4.148,0.2291,0.9326
7936.439,4.144,0.2308,0.9326
7937.433,4.148,0.2312,0.9327
7938.44,4.148,0.233,0.9327
7939.443,4.148,0.2308,0.9328
7940.436,4.148,0.235,0.9328
7941.435,4.148,0.2334,0.9329
7942.432,4.148,0.2323,0.9329
7943.431,4.148,0.2288,0.933
7944.445,4.148,0.2274,0.9331
7945.437,4.148,0.2277,0.9331
7946.434,4.148,0.23,0.9332
7947.434,4.148,0.2334,0.9332
7948.442,4.148,0.2273,0.9333
7949.443,4.148,0.2344,0.9333
7950.443,4.152,0.2292,0.9334
7951.442,4.148,0.222,0.9334
7952.432,4.152,0.2309,0.9335
7953.443,4.144,0.2213,0.9335
7954.433,4.148,0.2309,0.9336
7955.433,4.148,0.225,0.9336
7956.431,4.144,0.2223,0.9337
7957.431,4.148,0.2318,0.9337
7958.445,4.148,0.2293,0.9338
7959.444,4.148,0.2245,0.9338
7960.438,4.144,0.2249,0.9339
7961.432,4.148,0.2321,0.934
7962.432,4.148,0.224,0.934
7963.439,4.148,0.2214,0.9341
7964.443,4.148,0.2265,0.9341
7965.436,4.148,0.2226,0.9342
7966.437,4.148,0.2289,0.9342
7967.435,4.144,0.2263,0.9343
7968.444,4.148,0.2291,0.9343
7969.434,4.148,0.2221,0.9344
7970.441,4.148,0.2319,0.9344
7971.44,4.148,0.2309,0.9345
7972.431,4.148,0.2244,0.9345
7973.442,4.148,0.2242,0.9346
7974.432,4.148,0.2239,0.9346
7975.434,4.148,0.2301,0.9347
7976.443,4.148,0.2291,0.9347
7977.435,4.148,0.232,0.9348
7978.439,4.152,0.23,0.9348
7979.443,4.148,0.2281,0.9349
7980.439,4.148,0.2285,0.935
7981.438,4.148,0.2233,0.935
7982.444,4.148,0.2218,0.9351
7983.438,4.148,0.227,0.9351
7984.432,4.148,0.2274,0.9352
7985.433,4.148,0.2284,0.9352
7986.437,4.148,0.2262,0.9353
7987.442,4.152,0.2319,0.9353
7988.435,4.148,0.2249,0.9354
7989.437,4.144,0.2276,0.9354
7990.444,4.148,0.2233,0.9355
7991.432,4.152,0.2285,0.9355
7992.435,4.148,0.2203,0.9356
7993.432,4.152,0.219,0.9356
7994.443,4.148,0.2154,0.9357
7995.437,4.148,0.2178,0.9357
7996.437,4.148,0.2221,0.9358
7997.434,4.152,0.2289,0.9358
7998.436,4.148,0.2256,0.9359
7999.429,4.148,0.2195,0.9359
8000.431,4.148,0.2194,0.936
8001.442,4.148,0.2222,0.936
8002.443,4.148,0.2307,0.9361
8003.433,4.152,0.2233,0.9361
8004.434,4.152,0.2213,0.9362
8005.443,4.148,0.2182,0.9362
8006.433,4.148,0.2226,0.9363
8007.436,4.152,0.2262,0.9364
8008.443,4.148,0.2245,0.9364
8009.441,4.152,0.2201,0.9365
8010.431,4.148,0.2189,0.9365
8011.437,4.148,0.2165,0.9366
8012.439,4.148,0.2178,0.9366
8013.434,4.152,0.2191,0.9367
8014.433,4.152,0.2195,0.9367
8015.443,4.152,0.2205,0.9368
8016.439,4.152,0.2235,0.9368
8017.431,4.148,0.2223,0.9369
8018.429,4.152,0.2253,0.9369
8019.443,4.148,0.2204,0.937
8020.434,4.148,0.2172,0.937
8021.435,4.148,0.2207,0.9371
8022.432,4.152,0.219,0.9371
8023.441,4.152,0.2152,0.9372
8024.431,4.148,0.2199,0.9372
8025.428,4.152,0.2208,0.9373
8026.43,4.152,0.218,0.9373
8027.442,4.148,0.2196,0.9374
8028.428,4.148,0.2195,0.9374
8029.442,4.152,0.2168,0.9375
8030.437,4.148,0.2192,0.9375
8031.429,4.148,0.2138,0.9376
8032.428,4.148,0.2128,0.9376
8033.436,4.148,0.2149,0.9377
8034.439,4.152,0.2184,0.9377
8035.451,4.148,0.219,0.9378
8036.439,4.148,0.219,0.9378
8037.433,4.148,0.2222,0.9379
8038.445,4.148,0.2178,0.9379
8039.435,4.148,0.214,0.938
8040.441,4.148,0.2181,0.938
8041.435,4.148,0.2137,0.9381
8042.441,4.148,0.209,0.9381
8043.443,4.148,0.2118,0.9382
8044.443,4.148,0.2126,0.9382
8045.436,4.152,0.2148,0.9383
8046.442,4.148,0.2091,0.9383
8047.429,4.152,0.2089,0.9384
8048.437,4.148,0.2108,0.9384
8049.442,4.148,0.2163,0.9385
8050.441,4.148,0.215,0.9385
8051.438,4.148,0.2112,0.9386
8052.439,4.152,0.212,0.9386
8053.431,4.152,0.2191,0.9387
8054.427,4.148,0.2137,0.9387
8055.434,4.148,0.2107,0.9388
8056.438,4.148,0.2139,0.9388
8057.434,4.148,0.2188,0.9389
8058.441,4.152,0.2126,0.9389
8059.439,4.148,0.2137,0.939
8060.434,4.152,0.2097,0.939
8061.428,4.148,0.2179,0.9391
8062.433,4.152,0.2169,0.9391
8063.428,4.148,0.2162,0.9392
8064.431,4.152,0.2182,0.9392
8065.443,4.148,0.2187,0.9393
8066.433,4.152,0.2171,0.9393
8067.44,4.152,0.2131,0.9394
8068.432,4.152,0.2163,0.9394
8069.428,4.152,0.221,0.9395
8070.438,4.148,0.2199,0.9395
8071.432,4.152,0.2107,0.9396
8072.437,4.148,0.2082,0.9396
8073.432,4.148,0.2129,0.9397
8074.441,4.148,0.2122,0.9397
8075.441,4.148,0.2116,0.9398
8076.441,4.152,0.2146,0.9398
8077.433,4.152,0.2132,0.9399
8078.434,4.148,0.2137,0.9399
8079.432,4.152,0.2127,0.94
8080.439,4.148,0.211,0.94
8081.428,4.152,0.2094,0.9401
8082.437,4.148,0.2089,0.9401
8083.436,4.152,0.2087,0.9401
8084.441,4.148,0.21,0.9402
8085.433,4.148,0.2061,0.9402
8086.437,4.148,0.2114,0.9403
8087.427,4.152,0.2075,0.9403
8088.439,4.152,0.2125,0.9404
8089.439,4.148,0.2077,0.9404
8090.435,4.152,0.2109,0.9405
8091.438,4.148,0.2069,0.9405
8092.439,4.148,0.2139,0.9406
8093.427,4.148,0.217,0.9406
8094.439,4.156,0.2132,0.9407
8095.428,4.152,0.2071,0.9407
8096.427,4.152,0.209,0.9408
8097.435,4.152,0.2093,0.9408
8098.43,4.148,0.21,0.9409
8099.429,4.148,0.2092,0.9409
8100.432,4.148,0.2091,0.941
8101.431,4.152,0.2113,0.941
8102.438,4.152,0.2081,0.9411
8103.435,4.148,0.2186,0.9411
8104.437,4.152,0.2177,0.9412
8105.435,4.152,0.2157,0.9412
8106.439,4.152,0.2154,0.9413
8107.43,4.152,0.2146,0.9413
8108.432,4.152,0.2124,0.9414
8109.438,4.148,0.2112,0.9414
8110.439,4.152,0.2122,0.9415
8111.437,4.152,0.2137,0.9415
8112.441,4.152,0.2052,0.9416
8113.434,4.152,0.2084,0.9416
8114.428,4.152,0.2073,0.9417
8115.439,4.152,0.2054,0.9417
8116.437,4.148,0.2021,0.9418
8117.431,4.148,0.2044,0.9418
8118.433,4.152,0.2064,0.9419
8119.427,4.152,0.201,0.9419
8120.429,4.148,0.2025,0.9419
8121.436,4.152,0.2065,0.942
8122.429,4.148,0.2111,0.942
8123.441,4.148,0.2108,0.9421
8124.429,4.152,0.2125,0.9421
8125.433,4.152,0.2094,0.9422
8126.441,4.152,0.2056,0.9422
8127.428,4.152,0.2028,0.9423
8128.431,4.152,0.2084,0.9423
8129.435,4.152,0.206,0.9424
8130.432,4.152,0.2152,0.9424
8131.434,4.156,0.2161,0.9425
8132.438,4.152,0.215,0.9425
8133.428,4.152,0.2112,0.9426
8134.44,4.152,0.2122,0.9426
8135.431,4.152,0.2105,0.9427
8136.429,4.152,0.2088,0.9427
8137.439,4.152,0.2098,0.9428
8138.427,4.156,0.2055,0.9428
8139.436,4.152,0.2081,0.9429
8140.427,4.148,0.2077,0.9429
8141.431,4.152,0.2161,0.943
8142.428,4.152,0.2157,0.943
8143.444,4.152,0.2119,0.9431
8144.433,4.152,0.2117,0.9431
8145.426,4.156,0.2131,0.9432
8146.438,4.148,0.2108,0.9432
8147.427,4.152,0.2113,0.9433
8148.434,4.156,0.2022,0.9433
8149.425,4.152,0.2054,0.9434
8150.437,4.152,0.2054,0.9434
8151.438,4.152,0.2053,0.9435
8152.428,4.152,0.213,0.9435
8153.433,4.152,0.2153,0.9435
8154.429,4.152,0.2054,0.9436
8155.437,4.152,0.2089,0.9436
8156.426,4.156,0.2108,0.9437
8157.427,4.156,0.209,0.9437
8158.433,4.152,0.2047,0.9438
8159.433,4.156,0.2069,0.9438
8160.429,4.152,0.2089,0.9439
8161.432,4.152,0.208,0.9439
8162.43,4.152,0.2045,0.944
8163.432,4.152,0.2118,0.944
8164.432,4.152,0.2111,0.9441
8165.431,4.152,0.203,0.9441
8166.437,4.152,0.2067,0.9442
8167.426,4.152,0.2041,0.9442
8168.433,4.152,0.2047,0.9443
8169.437,4.152,0.2019,0.9443
8170.434,4.152,0.203,0.9444
8171.435,4.156,0.2022,0.9444
8172.429,4.152,0.2034,0.9445
8173.434,4.156,0.2082,0.9445
8174.433,4.152,0.2037,0.9446
8175.428,4.152,0.2053,0.9446
8176.427,4.152,0.2052,0.9446
8177.437,4.152,0.2114,0.9447
8178.426,4.156,0.2058,0.9447
8179.425,4.152,0.2047,0.9448
8180.431,4.156,0.2044,0.9448
8181.426,4.152,0.2029,0.9449
8182.426,4.152,0.2065,0.9449
8183.43,4.152,0.2114,0.945
8184.434,4.152,0.214,0.945
8185.425,4.152,0.2034,0.9451
8186.429,4.152,0.2045,0.9451
8187.437,4.152,0.2047,0.9452
8188.427,4.152,0.2051,0.9452
8189.432,4.156,0.2032,0.9453
8190.424,4.156,0.2004,0.9453
8191.424,4.156,0.2042,0.9454
8192.433,4.156,0.2121,0.9454
8193.435,4.156,0.208,0.9455
8194.438,4.156,0.2094,0.9455
8195.436,4.152,0.2055,0.9456
8196.437,4.152,0.2017,0.9456
8197.43,4.152,0.1989,0.9456
8198.436,4.152,0.2048,0.9457
8199.429,4.156,0.1976,0.9457
8200.426,4.152,0.2003,0.9458
8201.433,4.152,0.2036,0.9458
8202.43,4.152,0.1983,0.9459
8203.429,4.156,0.205,0.9459
8204.43,4.152,0.202,0.946
8205.435,4.156,0.2012,0.946
8206.437,4.156,0.2046,0.9461
8207.426,4.156,0.1993,0.9461
8208.429,4.152,0.1972,0.9462
8209.438,4.156,0.2059,0.9462
8210.427,4.152,0.199,0.9463
8211.434,4.152,0.2007,0.9463
8212.426,4.152,0.2,0.9463
8213.426,4.152,0.202,0.9464
8214.428,4.156,0.1996,0.9464
8215.427,4.152,0.2014,0.9465
8216.434,4.152,0.2048,0.9465
8217.431,4.156,0.2041,0.9466
8218.428,4.156,0.2099,0.9466
8219.425,4.152,0.1975,0.9467
8220.437,4.152,0.1989,0.9467
8221.425,4.152,0.1974,0.9468
8222.436,4.152,0.1966,0.9468
8223.423,4.152,0.2045,0.9469
8224.429,4.156,0.2075,0.9469
8225.423,4.152,0.197,0.947
8226.423,4.156,0.194,0.947
8227.43,4.156,0.2022,0.947
8228.428,4.152,0.2033,0.9471
8229.436,4.152,0.2002,0.9471
8230.423,4.156,0.2011,0.9472
8231.423,4.156,0.2012,0.9472
8232.427,4.156,0.2043,0.9473
8233.424,4.156,0.1995,0.9473
8234.424,4.152,0.2002,0.9474
8235.432,4.156,0.1996,0.9474
8236.433,4.156,0.2,0.9475
8237.424,4.156,0.1946,0.9475
8238.434,4.156,0.195,0.9476
8239.423,4.156,0.1999,0.9476
8240.424,4.156,0.1993,0.9476
8241.433,4.156,0.1999,0.9477
8242.434,4.156,0.1955,0.9477
8243.428,4.152,0.1979,0.9478
8244.424,4.156,0.2005,0.9478
8245.436,4.156,0.1982,0.9479
8246.432,4.152,0.1997,0.9479
8247.434,4.152,0.1972,0.948
8248.43,4.152,0.1985,0.948
8249.436,4.156,0.1943,0.9481
8250.434,4.156,0.2,0.9481
8251.434,4.156,0.1979,0.9482
8252.428,4.156,0.1967,0.9482
8253.427,4.152,0.1973,0.9482
8254.433,4.156,0.2033,0.9483
8255.429,4.156,0.1946,0.9483
8256.427,4.156,0.1935,0.9484
8257.422,4.156,0.1951,0.9484
8258.426,4.156,0.1949,0.9485
8259.438,4.156,0.1923,0.9485
8260.433,4.156,0.1971,0.9486
8261.43,4.156,0.2024,0.9486
8262.436,4.152,0.2022,0.9487
8263.427,4.156,0.1944,0.9487
8264.434,4.156,0.193,0.9487
8265.427,4.156,0.1975,0.9488
8266.422,4.156,0.1984,0.9488
8267.43,4.156,0.1987,0.9489
8268.423,4.156,0.1878,0.9489
8269.433,4.156,0.1951,0.949
8270.431,4.156,0.1987,0.949
8271.436,4.156,0.1915,0.9491
8272.436,4.156,0.1923,0.9491
8273.432,4.156,0.2019,0.9492
8274.436,4.156,0.1971,0.9492
8275.424,4.156,0.1969,0.9492
8276.434,4.152,0.1977,0.9493
8277.422,4.156,0.1993,0.9493
8278.434,4.156,0.1958,0.9494
8279.429,4.156,0.2004,0.9494
8280.427,4.156,0.1938,0.9495
8281.432,4.152,0.1924,0.9495
8282.423,4.156,0.1937,0.9496
8283.424,4.156,0.1889,0.9496
8284.434,4.156,0.1907,0.9496
8285.428,4.156,0.195,0.9497
8286.425,4.156,0.1917,0.9497
8287.433,4.156,0.1917,0.9498
8288.425,4.156,0.1895,0.9498
8289.432,4.156,0.1888,0.9499
8290.431,4.156,0.1901,0.9499
8291.434,4.152,0.1881,0.95
8292.43,4.156,0.2006,0.95
8293.428,4.156,0.1935,0.95
8294.425,4.156,0.1907,0.9501
8295.423,4.156,0.199,0.9501
8296.428,4.156,0.1978,0.9502
8297.421,4.156,0.1983,0.9502
8298.42,4.156,0.2002,0.9503
8299.428,4.156,0.1943,0.9503
8300.426,4.152,0.1907,0.9504
8301.431,4.156,0.1913,0.9504
8302.432,4.156,0.1952,0.9505
8303.432,4.156,0.1929,0.9505
8304.424,4.156,0.1874,0.9505
8305.432,4.156,0.1872,0.9506
8306.426,4.156,0.1853,0.9506
8307.422,4.156,0.1883,0.9507
8308.424,4.156,0.1889,0.9507
8309.431,4.156,0.1902,0.9508
8310.423,4.156,0.1877,0.9508
8311.433,4.156,0.1934,0.9508
8312.428,4.156,0.1898,0.9509
8313.432,4.156,0.1934,0.9509
8314.433,4.152,0.1904,0.951
8315.427,4.156,0.19,0.951
8316.423,4.156,0.1904,0.9511
8317.422,4.156,0.1889,0.9511
8318.434,4.156,0.1902,0.9512
8319.421,4.156,0.1856,0.9512
8320.431,4.156,0.1866,0.9512
8321.428,4.156,0.1871,0.9513
8322.428,4.156,0.191,0.9513
8323.428,4.16,0.1915,0.9514
8324.435,4.156,0.1881,0.9514
8325.421,4.156,0.1908,0.9515
8326.428,4.156,0.1908,0.9515
8327.423,4.156,0.1975,0.9516
8328.42,4.156,0.1971,0.9516
8329.432,4.156,0.1939,0.9516
8330.42,4.156,0.1896,0.9517
8331.428,4.156,0.1991,0.9517
8332.424,4.156,0.1964,0.9518
8333.426,4.156,0.1953,0.9518
8334.425,4.156,0.1916,0.9519
8335.428,4.156,0.1953,0.9519
8336.431,4.16,0.1954,0.952
8337.427,4.156,0.1866,0.952
8338.425,4.156,0.1918,0.952
8339.434,4.16,0.1959,0.9521
8340.428,4.156,0.1954,0.9521
8341.421,4.16,0.1955,0.9522
8342.42,4.16,0.1937,0.9522
8343.423,4.16,0.1925,0.9523
8344.428,4.156,0.188,0.9523
8345.433,4.156,0.1884,0.9524
8346.425,4.156,0.1904,0.9524
8347.433,4.156,0.1885,0.9524
8348.432,4.156,0.1872,0.9525
8349.421,4.156,0.185,0.9525
8350.42,4.16,0.1861,0.9526
8351.433,4.156,0.1878,0.9526
8352.432,4.156,0.1834,0.9527
8353.421,4.156,0.1869,0.9527
8354.429,4.156,0.1929,0.9527
8355.429,4.156,0.1889,0.9528
8356.424,4.156,0.1889,0.9528
8357.42,4.156,0.1882,0.9529
8358.423,4.156,0.1846,0.9529
8359.423,4.156,0.1887,0.953
8360.433,4.16,0.1957,0.953
8361.431,4.16,0.1916,0.9531
8362.428,4.16,0.1916,0.9531
8363.419,4.16,0.1914,0.9531
8364.422,4.16,0.1898,0.9532
8365.431,4.16,0.1858,0.9532
8366.428,4.156,0.1883,0.9533
8367.424,4.156,0.1839,0.9533
8368.424,4.156,0.1803,0.9534
8369.427,4.16,0.1901,0.9534
8370.425,4.16,0.1875,0.9534
8371.427,4.156,0.1877,0.9535
8372.419,4.16,0.184,0.9535
8373.427,4.156,0.1846,0.9536
8374.42,4.156,0.1802,0.9536
8375.423,4.156,0.18,0.9537
8376.424,4.16,0.1791,0.9537
8377.427,4.16,0.1771,0.9537
8378.418,4.156,0.1805,0.9538
8379.418,4.156,0.1787,0.9538
8380.433,4.16,0.1848,0.9539
8381.426,4.156,0.1851,0.9539
8382.434,4.156,0.1816,0.954
8383.427,4.16,0.1851,0.954
8384.431,4.16,0.1854,0.954
8385.423,4.156,0.1797,0.9541
8386.431,4.16,0.178,0.9541
8387.425,4.156,0.1836,0.9542
8388.429,4.156,0.1792,0.9542
8389.422,4.16,0.1786,0.9542
8390.428,4.156,0.1797,0.9543
8391.426,4.16,0.1832,0.9543
8392.419,4.16,0.1844,0.9544
8393.423,4.16,0.1745,0.9544
8394.419,4.156,0.1773,0.9545
8395.423,4.16,0.183,0.9545
8396.423,4.16,0.1775,0.9545
8397.466,4.156,0.1755,0.9546
8398.421,4.164,0.1857,0.9546
8399.428,4.156,0.1832,0.9547
8400.423,4.16,0.1783,0.9547
8401.427,4.16,0.1764,0.9547
8402.426,4.16,0.1748,0.9548
8403.43,4.16,0.1842,0.9548
8404.418,4.16,0.1839,0.9549
8405.429,4.16,0.1826,0.9549
8406.42,4.16,0.1818,0.955
8407.423,4.16,0.1895,0.955
8408.42,4.16,0.1795,0.955
8409.432,4.16,0.1883,0.9551
8410.424,4.16,0.1853,0.9551
8411.432,4.16,0.178,0.9552
8412.423,4.164,0.1806,0.9552
8413.418,4.16,0.1798,0.9553
8414.42,4.16,0.1801,0.9553
8415.421,4.156,0.1817,0.9553
8416.427,4.156,0.1893,0.9554
8417.425,4.16,0.1859,0.9554
8418.427,4.16,0.183,0.9555
8419.427,4.16,0.1744,0.9555
8420.425,4.16,0.1782,0.9555
8421.419,4.16,0.178,0.9556
8422.421,4.16,0.1739,0.9556
8423.43,4.16,0.1782,0.9557
8424.417,4.156,0.1812,0.9557
8425.426,4.16,0.1804,0.9558
8426.418,4.16,0.1849,0.9558
8427.421,4.16,0.1904,0.9558
8428.423,4.16,0.1904,0.9559
8429.427,4.16,0.1822,0.9559
8430.422,4.164,0.1837,0.956
8431.417,4.16,0.1784,0.956
8432.421,4.16,0.1772,0.9561
8433.43,4.16,0.177,0.9561
8434.417,4.164,0.1795,0.9561
8435.431,4.16,0.1776,0.9562
8436.427,4.16,0.1766,0.9562
8437.418,4.16,0.173,0.9563
8438.427,4.16,0.1768,0.9563
8439.421,4.16,0.1758,0.9563
8440.426,4.16,0.1793,0.9564
8441.419,4.16,0.1798,0.9564
8442.42,4.16,0.1775,0.9565
8443.424,4.16,0.1819,0.9565
8444.418,4.16,0.1803,0.9565
8445.425,4.156,0.1731,0.9566
8446.43,4.16,0.1724,0.9566
8447.427,4.156,0.1751,0.9567
8448.424,4.16,0.1746,0.9567
8449.429,4.16,0.1806,0.9567
8450.418,4.16,0.1816,0.9568
8451.423,4.16,0.1755,0.9568
8452.419,4.16,0.175,0.9569
8453.427,4.16,0.1735,0.9569
8454.418,4.156,0.175,0.957
8455.416,4.16,0.1723,0.957
8456.421,4.16,0.1752,0.957
8457.429,4.16,0.1824,0.9571
8458.417,4.16,0.1768,0.9571
8459.421,4.16,0.185,0.9572
8460.418,4.16,0.1836,0.9572
8461.425,4.16,0.1805,0.9572
8462.418,4.164,0.1796,0.9573
8463.426,4.16,0.1854,0.9573
8464.419,4.164,0.1783,0.9574
8465.432,4.16,0.1792,0.9574
8466.427,4.16,0.1764,0.9575
8467.423,4.16,0.177,0.9575
8468.419,4.16,0.1764,0.9575
8469.423,4.16,0.1744,0.9576
8470.416,4.16,0.1785,0.9576
8471.417,4.156,0.17,0.9577
8472.42,4.16,0.1774,0.9577
8473.427,4.156,0.1701,0.9577
8474.422,4.16,0.1693,0.9578
8475.431,4.156,0.1704,0.9578
8476.425,4.16,0.1719,0.9579
8477.424,4.156,0.1657,0.9579
8478.425,4.16,0.1688,0.9579
8479.424,4.16,0.1668,0.958
8480.421,4.16,0.171,0.958
8481.428,4.16,0.168,0.958
8482.416,4.164,0.1767,0.9581
8483.427,4.16,0.1754,0.9581
8484.429,4.16,0.1746,0.9582
8485.427,4.164,0.1805,0.9582
8486.433,4.164,0.1801,0.9583
8487.429,4.16,0.1745,0.9583
8488.422,4.16,0.1687,0.9583
8489.428,4.16,0.1671,0.9584
8490.428,4.164,0.1692,0.9584
8491.418,4.164,0.1734,0.9585
8492.425,4.16,0.1716,0.9585
8493.424,4.16,0.1729,0.9585
8494.42,4.16,0.1757,0.9586
8495.426,4.16,0.178,0.9586
8496.417,4.16,0.1719,0.9587
8497.424,4.16,0.1751,0.9587
8498.417,4.164,0.1759,0.9587
8499.416,4.164,0.1732,0.9588
8500.425,4.164,0.18,0.9588
8501.415,4.164,0.1748,0.9589
8502.415,4.164,0.173,0.9589
8503.423,4.16,0.1676,0.9589
8504.421,4.16,0.1699,0.959
8505.422,4.16,0.1682,0.959
8506.423,4.16,0.1691,0.9591
8507.424,4.156,0.1701,0.9591
8508.415,4.16,0.1682,0.9591
8509.419,4.16,0.1717,0.9592
8510.422,4.16,0.1741,0.9592
8511.428,4.164,0.1773,0.9593
8512.416,4.16,0.1708,0.9593
8513.419,4.16,0.1717,0.9593
8514.423,4.16,0.1791,0.9594
8515.417,4.16,0.1731,0.9594
8516.416,4.16,0.1672,0.9595
8517.429,4.16,0.1691,0.9595
8518.415,4.164,0.1789,0.9595
8519.417,4.16,0.1749,0.9596
8520.419,4.16,0.1691,0.9596
8521.421,4.16,0.169,0.9596
8522.429,4.16,0.1749,0.9597
8523.421,4.16,0.1677,0.9597
8524.415,4.164,0.1677,0.9598
8525.423,4.164,0.1686,0.9598
8526.425,4.164,0.1671,0.9598
8527.417,4.16,0.1681,0.9599
8528.414,4.16,0.1716,0.9599
8529.421,4.164,0.1672,0.96
8530.427,4.164,0.1677,0.96
8531.414,4.164,0.1683,0.96
8532.417,4.164,0.1686,0.9601
8533.416,4.16,0.169,0.9601
8534.414,4.164,0.1688,0.9602
8535.425,4.16,0.1744,0.9602
8536.423,4.164,0.1721,0.9602
8537.425,4.16,0.1797,0.9603
8538.417,4.16,0.1768,0.9603
8539.422,4.164,0.1687,0.9604
8540.426,4.164,0.169,0.9604
8541.424,4.164,0.1703,0.9604
8542.426,4.16,0.177,0.9605
8543.418,4.164,0.1728,0.9605
8544.414,4.164,0.1727,0.9606
8545.427,4.164,0.1754,0.9606
8546.423,4.16,0.1706,0.9606
8547.416,4.164,0.175,0.9607
8548.423,4.164,0.1769,0.9607
8549.436,4.164,0.1718,0.9608
8550.416,4.164,0.1653,0.9608
8551.418,4.16,0.1671,0.9608
8552.422,4.164,0.1648,0.9609
8553.426,4.164,0.1637,0.9609
8554.425,4.164,0.1711,0.961
8555.424,4.16,0.1635,0.961
8556.422,4.16,0.1649,0.961
8557.426,4.164,0.164,0.9611
8558.419,4.16,0.1646,0.9611
8559.413,4.164,0.167,0.9611
8560.414,4.164,0.1668,0.9612
8561.421,4.164,0.1674,0.9612
8562.419,4.164,0.165,0.9613
8563.417,4.164,0.1623,0.9613
8564.414,4.164,0.1728,0.9613
8565.421,4.164,0.171,0.9614
8566.422,4.164,0.1721,0.9614
8567.427,4.164,0.1696,0.9615
8568.418,4.164,0.1707,0.9615
8569.415,4.164,0.174,0.9615
8570.418,4.164,0.1785,0.9616
8571.413,4.164,0.1728,0.9616
8572.422,4.164,0.1655,0.9617
8573.416,4.164,0.1727,0.9617
8574.416,4.164,0.1711,0.9617
8575.422,4.164,0.1703,0.9618
8576.423,4.164,0.1659,0.9618
8577.417,4.16,0.1668,0.9619
8578.473,4.164,0.167,0.9619
8579.427,4.164,0.1683,0.9619
8580.422,4.164,0.1668,0.962
8581.423,4.164,0.1671,0.962
8582.414,4.164,0.1669,0.962
8583.413,4.164,0.1639,0.9621
8584.42,4.164,0.1733,0.9621
8585.423,4.164,0.1719,0.9622
8586.424,4.164,0.1723,0.9622
8587.417,4.168,0.174,0.9622
8588.412,4.164,0.1708,0.9623
8589.415,4.164,0.1685,0.9623
8590.427,4.164,0.1684,0.9624
8591.413,4.16,0.1701,0.9624
8592.414,4.164,0.1719,0.9624
8593.421,4.164,0.1716,0.9625
8594.425,4.164,0.1717,0.9625
8595.425,4.168,0.1729,0.9626
8596.416,4.164,0.1694,0.9626
8597.424,4.164,0.1693,0.9626
8598.416,4.164,0.1702,0.9627
8599.414,4.164,0.1694,0.9627
8600.421,4.164,0.1631,0.9628
8601.414,4.164,0.1676,0.9628
8602.415,4.164,0.1647,0.9628
8603.423,4.164,0.1624,0.9629
8604.424,4.164,0.1591,0.9629
8605.427,4.164,0.1623,0.9629
8606.423,4.164,0.1597,0.963
8607.412,4.168,0.1642,0.963
8608.413,4.164,0.1638,0.9631
8609.419,4.164,0.1599,0.9631
8610.417,4.168,0.1663,0.9631
8611.415,4.16,0.1679,0.9632
8612.424,4.16,0.1639,0.9632
8613.425,4.164,0.162,0.9632
8614.413,4.164,0.1648,0.9633
8615.412,4.164,0.1599,0.9633
8616.425,4.164,0.1608,0.9634
8617.419,4.164,0.1629,0.9634
8618.415,4.164,0.1635,0.9634
8619.422,4.16,0.1579,0.9635
8620.423,4.164,0.1601,0.9635
8621.427,4.164,0.1594,0.9635
8622.423,4.164,0.158,0.9636
8623.423,4.164,0.1647,0.9636
8624.423,4.164,0.1605,0.9637
8625.417,4.164,0.1653,0.9637
8626.413,4.168,0.1654,0.9637
8627.425,4.164,0.1622,0.9638
8628.42,4.164,0.1651,0.9638
8629.416,4.164,0.1651,0.9638
8630.414,4.168,0.1694,0.9639
8631.413,4.164,0.1647,0.9639
8632.418,4.168,0.165,0.964
8633.419,4.164,0.1645,0.964
8634.424,4.164,0.164,0.964
8635.422,4.168,0.1627,0.9641
8636.417,4.168,0.1637,0.9641
8637.421,4.164,0.163,0.9642
8638.424,4.168,0.1661,0.9642
8639.421,4.164,0.1622,0.9642
8640.414,4.164,0.1616,0.9643
8641.425,4.164,0.1638,0.9643
8642.413,4.164,0.1654,0.9643
8643.426,4.164,0.1659,0.9644
8644.411,4.168,0.1609,0.9644
8645.415,4.164,0.162,0.9645
8646.415,4.164,0.1566,0.9645
8647.412,4.164,0.1664,0.9645
8648.422,4.164,0.1605,0.9646
8649.416,4.164,0.1585,0.9646
8650.419,4.168,0.1558,0.9646
8651.429,4.164,0.1527,0.9647
8652.416,4.164,0.1529,0.9647
8653.419,4.164,0.1554,0.9647
8654.422,4.164,0.1553,0.9648
8655.417,4.168,0.1541,0.9648
8656.414,4.164,0.1525,0.9649
8657.418,4.164,0.1536,0.9649
8658.423,4.164,0.161,0.9649
8659.424,4.164,0.1589,0.965
8660.415,4.164,0.1625,0.965
8661.416,4.164,0.1601,0.965
8662.418,4.164,0.1546,0.9651
8663.418,4.164,0.1602,0.9651
8664.418,4.168,0.1601,0.9651
8665.419,4.164,0.1558,0.9652
8666.414,4.164,0.1543,0.9652
8667.42,4.164,0.1517,0.9653
8668.417,4.168,0.1553,0.9653
8669.41,4.168,0.1582,0.9653
8670.424,4.168,0.1583,0.9654
8671.423,4.168,0.1586,0.9654
8672.415,4.164,0.1502,0.9654
8673.421,4.168,0.1497,0.9655
8674.417,4.164,0.1551,0.9655
8675.413,4.164,0.1482,0.9655
8676.411,4.164,0.1571,0.9656
8677.42,4.164,0.1591,0.9656
8678.42,4.164,0.1621,0.9656
8679.422,4.164,0.1541,0.9657
8680.415,4.164,0.1547,0.9657
8681.417,4.164,0.1496,0.9658
8682.42,4.164,0.1535,0.9658
8683.412,4.168,0.1519,0.9658
8684.411,4.164,0.1518,0.9659
8685.411,4.168,0.1546,0.9659
8686.423,4.164,0.1528,0.9659
8687.413,4.168,0.1522,0.966
8688.413,4.164,0.152,0.966
8689.414,4.164,0.1577,0.966
8690.421,4.164,0.152,0.9661
8691.415,4.168,0.1535,0.9661
8692.415,4.164,0.1516,0.9661
8693.419,4.164,0.1518,0.9662
8694.422,4.164,0.1486,0.9662
8695.413,4.164,0.1556,0.9663
8696.412,4.164,0.1574,0.9663
8697.409,4.164,0.1556,0.9663
8698.423,4.164,0.1557,0.9664
8699.417,4.168,0.1549,0.9664
8700.413,4.164,0.1553,0.9664
8701.42,4.168,0.156,0.9665
8702.41,4.168,0.1483,0.9665
8703.415,4.164,0.1469,0.9665
8704.417,4.164,0.1493,0.9666
8705.411,4.168,0.1551,0.9666
8706.417,4.164,0.1531,0.9666
8707.422,4.168,0.1573,0.9667
8708.421,4.168,0.1507,0.9667
8709.416,4.164,0.1487,0.9667
8710.421,4.164,0.1489,0.9668
8711.411,4.168,0.1503,0.9668
8712.423,4.168,0.1425,0.9668
8713.423,4.168,0.1469,0.9669
8714.421,4.164,0.1461,0.9669
8715.409,4.168,0.1451,0.967
8716.422,4.168,0.159,0.967
8717.421,4.168,0.1537,0.967
8718.422,4.168,0.1581,0.9671
8719.421,4.164,0.1546,0.9671
8720.409,4.168,0.1551,0.9671
8721.416,4.168,0.1468,0.9672
8722.409,4.168,0.15,0.9672
8723.426,4.168,0.1582,0.9672
8724.422,4.164,0.1539,0.9673
8725.41,4.164,0.1457,0.9673
8726.411,4.168,0.1456,0.9673
8727.423,4.168,0.1449,0.9674
8728.409,4.168,0.1459,0.9674
8729.419,4.168,0.1434,0.9674
8730.422,4.168,0.1444,0.9675
8731.415,4.168,0.1536,0.9675
8732.422,4.168,0.1541,0.9675
8733.413,4.168,0.1516,0.9676
8734.418,4.168,0.1542,0.9676
8735.413,4.168,0.1511,0.9677
8736.418,4.168,0.1549,0.9677
8737.415,4.168,0.1519,0.9677
8738.421,4.164,0.1519,0.9678
8739.416,4.164,0.1511,0.9678
8740.424,4.168,0.1537,0.9678
8741.419,4.168,0.1506,0.9679
8742.423,4.168,0.1456,0.9679
8743.421,4.168,0.1461,0.9679
8744.421,4.168,0.1485,0.968
8745.413,4.168,0.1523,0.968
8746.408,4.168,0.1496,0.968
8747.414,4.168,0.1531,0.9681
8748.408,4.168,0.1554,0.9681
8749.417,4.164,0.1487,0.9681
8750.417,4.168,0.1469,0.9682
8751.421,4.164,0.1482,0.9682
8752.418,4.168,0.1561,0.9682
8753.416,4.168,0.1531,0.9683
8754.417,4.168,0.1524,0.9683
8755.412,4.168,0.1583,0.9684
8756.418,4.168,0.1565,0.9684
8757.417,4.168,0.1527,0.9684
8758.414,4.164,0.153,0.9685
8759.416,4.168,0.154,0.9685
8760.419,4.168,0.1529,0.9685
8761.418,4.168,0.1485,0.9686
8762.421,4.168,0.1428,0.9686
8763.423,4.168,0.1466,0.9686
8764.409,4.168,0.1528,0.9687
8765.409,4.168,0.1486,0.9687
8766.418,4.168,0.1488,0.9687
8767.422,4.168,0.1499,0.9688
8768.411,4.168,0.1477,0.9688
8769.413,4.168,0.1468,0.9688
8770.413,4.168,0.1539,0.9689
8771.417,4.168,0.1525,0.9689
8772.413,4.168,0.1532,0.9689
8773.419,4.168,0.1455,0.969
8774.414,4.168,0.1491,0.969
8775.413,4.168,0.1451,0.969
8776.409,4.168,0.1518,0.9691
8777.42,4.168,0.1412,0.9691
8778.417,4.168,0.139,0.9691
8779.418,4.164,0.1507,0.9692
8780.411,4.168,0.142,0.9692
8781.418,4.168,0.1391,0.9692
8782.41,4.168,0.1427,0.9693
8783.416,4.168,0.1394,0.9693
8784.415,4.164,0.1523,0.9693
8785.425,4.164,0.1502,0.9694
8786.418,4.168,0.1506,0.9694
8787.407,4.168,0.1507,0.9695
8788.414,4.168,0.1527,0.9695
8789.422,4.168,0.1442,0.9695
8790.408,4.168,0.1459,0.9696
8791.407,4.168,0.1465,0.9696
8792.413,4.168,0.1469,0.9696
8793.413,4.168,0.1463,0.9697
8794.409,4.168,0.1431,0.9697
8795.412,4.168,0.1422,0.9697
8796.411,4.168,0.1429,0.9698
8797.407,4.168,0.1461,0.9698
8798.41,4.168,0.1448,0.9698
8799.413,4.168,0.1408,0.9699
8800.409,4.168,0.1453,0.9699
8801.407,4.168,0.1511,0.9699
8802.416,4.168,0.1503,0.97
8803.42,4.172,0.148,0.97
8804.415,4.168,0.1454,0.97
8805.409,4.168,0.1489,0.9701
8806.406,4.168,0.1434,0.9701
8807.415,4.168,0.1448,0.9701
8808.407,4.168,0.1484,0.9702
8809.406,4.172,0.1396,0.9702
8810.42,4.168,0.1358,0.9702
8811.406,4.168,0.1401,0.9703
8812.409,4.168,0.1414,0.9703
8813.41,4.168,0.1371,0.9703
8814.421,4.172,0.1392,0.9704
8815.416,4.168,0.1376,0.9704
8816.411,4.168,0.1388,0.9704
8817.414,4.168,0.1403,0.9705
8818.413,4.168,0.1403,0.9705
8819.419,4.168,0.149,0.9705
8820.412,4.172,0.1427,0.9706
8821.415,4.168,0.1405,0.9706
8822.419,4.168,0.1458,0.9706
8823.406,4.172,0.14,0.9706
8824.416,4.168,0.1442,0.9707
8825.406,4.168,0.1455,0.9707
8826.409,4.168,0.1475,0.9708
8827.411,4.172,0.1427,0.9708
8828.414,4.168,0.1485,0.9708
8829.412,4.168,0.1397,0.9709
8830.417,4.168,0.1397,0.9709
8831.408,4.172,0.1443,0.9709
8832.407,4.168,0.1394,0.9709
8833.41,4.172,0.1444,0.971
8834.427,4.168,0.1452,0.971
8835.412,4.168,0.1458,0.971
8836.417,4.172,0.1431,0.9711
8837.408,4.172,0.1465,0.9711
8838.416,4.168,0.1396,0.9711
8839.42,4.168,0.1356,0.9712
8840.409,4.168,0.1413,0.9712
8841.416,4.172,0.1396,0.9712
8842.417,4.168,0.1441,0.9713
8843.406,4.168,0.144,0.9713
8844.412,4.168,0.1418,0.9713
8845.407,4.168,0.1428,0.9714
8846.419,4.168,0.1363,0.9714
8847.415,4.168,0.1326,0.9714
8848.42,4.168,0.1371,0.9715
8849.405,4.168,0.1333,0.9715
8850.417,4.172,0.1372,0.9715
8851.407,4.172,0.1416,0.9716
8852.416,4.172,0.1446,0.9716
8853.405,4.168,0.1449,0.9716
8854.407,4.168,0.1364,0.9717
8855.415,4.168,0.1333,0.9717
8856.406,4.172,0.1341,0.9717
8857.407,4.168,0.1441,0.9718
8858.419,4.168,0.1373,0.9718
8859.413,4.172,0.1441,0.9718
8860.418,4.168,0.1389,0.9719
8861.409,4.168,0.1364,0.9719
8862.405,4.168,0.1355,0.9719
8863.411,4.172,0.1344,0.972
8864.418,4.168,0.1366,0.972
8865.415,4.172,0.1332,0.972
8866.411,4.172,0.1393,0.972
8867.416,4.168,0.1388,0.9721
8868.409,4.172,0.1373,0.9721
8869.412,4.168,0.1364,0.9721
8870.416,4.172,0.142,0.9722
8871.406,4.172,0.1312,0.9722
8872.412,4.168,0.1344,0.9722
8873.419,4.168,0.1364,0.9723
8874.405,4.168,0.1346,0.9723
8875.416,4.168,0.1316,0.9723
8876.419,4.168,0.133,0.9724
8877.415,4.168,0.129,0.9724
8878.409,4.168,0.1347,0.9724
8879.412,4.172,0.1361,0.9725
8880.409,4.168,0.1318,0.9725
8881.415,4.168,0.1338,0.9725
8882.404,4.168,0.1367,0.9725
8883.432,4.172,0.1379,0.9726
8884.413,4.172,0.1417,0.9726
8885.415,4.172,0.1362,0.9726
8886.407,4.172,0.137,0.9727
8887.418,4.168,0.1346,0.9727
8888.409,4.168,0.1377,0.9727
8889.417,4.172,0.132,0.9728
8890.418,4.168,0.1365,0.9728
8891.415,4.168,0.1342,0.9728
8892.411,4.172,0.1329,0.9729
8893.417,4.168,0.1349,0.9729
8894.405,4.168,0.1432,0.9729
8895.416,4.168,0.1359,0.973
8896.411,4.168,0.1349,0.973
8897.407,4.168,0.1348,0.973
8898.409,4.168,0.136,0.9731
8899.404,4.172,0.1353,0.9731
8900.415,4.172,0.1343,0.9731
8901.413,4.172,0.1371,0.9731
8902.406,4.168,0.1349,0.9732
8903.423,4.172,0.1343,0.9732
8904.412,4.172,0.133,0.9732
8905.406,4.172,0.1366,0.9733
8906.414,4.168,0.1329,0.9733
8907.417,4.168,0.1318,0.9733
8908.406,4.168,0.1324,0.9734
8909.41,4.168,0.1352,0.9734
8910.404,4.168,0.1376,0.9734
8911.409,4.168,0.1328,0.9735
8912.407,4.172,0.1344,0.9735
8913.404,4.168,0.1308,0.9735
8914.413,4.172,0.1297,0.9735
8915.411,4.172,0.1293,0.9736
8916.404,4.172,0.1379,0.9736
8917.409,4.172,0.1383,0.9736
8918.405,4.172,0.1369,0.9737
8919.414,4.172,0.1408,0.9737
8920.405,4.172,0.1377,0.9737
8921.418,4.172,0.1362,0.9738
8922.41,4.172,0.1392,0.9738
8923.409,4.172,0.1292,0.9738
8924.414,4.172,0.139,0.9739
8925.408,4.168,0.1295,0.9739
8926.415,4.172,0.1336,0.9739
8927.408,4.172,0.1298,0.974
8928.404,4.172,0.1404,0.974
8929.415,4.172,0.1328,0.974
8930.402,4.168,0.1372,0.974
8931.402,4.172,0.1332,0.9741
8932.412,4.172,0.1377,0.9741
8933.405,4.172,0.141,0.9741
8934.416,4.168,0.1375,0.9742
8935.407,4.168,0.1395,0.9742
8936.403,4.176,0.1392,0.9742
8937.405,4.168,0.1344,0.9743
8938.405,4.172,0.133,0.9743
8939.409,4.172,0.1353,0.9743
8940.418,4.172,0.1364,0.9744
8941.41,4.172,0.1388,0.9744
8942.404,4.172,0.1285,0.9744
8943.416,4.168,0.1272,0.9745
8944.412,4.168,0.1363,0.9745
8945.41,4.168,0.1329,0.9745
8946.413,4.176,0.1339,0.9746
8947.409,4.172,0.1301,0.9746
8948.413,4.172,0.1336,0.9746
8949.406,4.176,0.1381,0.9746
8950.405,4.172,0.1329,0.9747
8951.406,4.172,0.137,0.9747
8952.411,4.172,0.135,0.9747
8953.406,4.172,0.1367,0.9748
8954.403,4.172,0.1354,0.9748
8955.407,4.172,0.1358,0.9748
8956.409,4.172,0.1384,0.9749
8957.405,4.172,0.134,0.9749
8958.41,4.172,0.131,0.9749
8959.414,4.172,0.1299,0.975
8960.409,4.172,0.1356,0.975
8961.414,4.172,0.1278,0.975
8962.402,4.172,0.1244,0.975
8963.41,4.172,0.1356,0.9751
8964.403,4.176,0.1367,0.9751
8965.416,4.172,0.1361,0.9751
8966.403,4.172,0.1321,0.9752
8967.416,4.172,0.1326,0.9752
8968.407,4.172,0.1274,0.9752
8969.403,4.172,0.1257,0.9753
8970.412,4.172,0.1259,0.9753
8971.405,4.172,0.1267,0.9753
8972.41,4.172,0.1327,0.9753
8973.403,4.172,0.125,0.9754
8974.416,4.168,0.125,0.9754
8975.405,4.172,0.1237,0.9754
8976.411,4.172,0.1263,0.9755
8977.425,4.172,0.1305,0.9755
8978.411,4.172,0.1325,0.9755
8979.412,4.172,0.1331,0.9756
8980.41,4.172,0.135,0.9756
8981.406,4.172,0.1234,0.9756
8982.417,4.172,0.1271,0.9756
8983.414,4.172,0.1223,0.9757
8984.402,4.172,0.1209,0.9757
8985.407,4.172,0.1207,0.9757
8986.404,4.176,0.1308,0.9758
8987.412,4.172,0.1238,0.9758
8988.415,4.172,0.1244,0.9758
8989.41,4.172,0.1207,0.9758
8990.402,4.172,0.1235,0.9759
8991.409,4.172,0.1225,0.9759
8992.411,4.172,0.1262,0.9759
8993.415,4.176,0.1262,0.976
8994.409,4.172,0.1298,0.976
8995.401,4.172,0.1253,0.976
8996.406,4.172,0.1247,0.976
8997.402,4.176,0.1185,0.9761
8998.414,4.176,0.1223,0.9761
8999.406,4.172,0.1306,0.9761
9000.401,4.176,0.1314,0.9762
9001.415,4.172,0.1316,0.9762
9002.405,4.172,0.1274,0.9762
9003.41,4.172,0.1221,0.9763
9004.43,4.172,0.1241,0.9763
9005.411,4.176,0.1232,0.9763
9006.405,4.172,0.119,0.9763
9007.403,4.172,0.127,0.9764
9008.414,4.172,0.119,0.9764
9009.409,4.172,0.1283,0.9764
9010.405,4.172,0.1275,0.9765
9011.401,4.172,0.1291,0.9765
9012.405,4.172,0.1311,0.9765
9013.401,4.172,0.1305,0.9765
9014.416,4.176,0.1326,0.9766
9015.403,4.176,0.1307,0.9766
9016.401,4.172,0.1311,0.9766
9017.4,4.176,0.1318,0.9767
9018.413,4.176,0.1238,0.9767
9019.405,4.172,0.1256,0.9767
9020.402,4.176,0.1245,0.9768
9021.409,4.176,0.1189,0.9768
9022.402,4.172,0.1245,0.9768
9023.408,4.172,0.1231,0.9768
9024.401,4.172,0.125,0.9769
9025.41,4.176,0.1172,0.9769
9026.4,4.172,0.1226,0.9769
9027.414,4.172,0.1206,0.9769
9028.405,4.172,0.1194,0.977
9029.401,4.172,0.1163,0.977
9030.409,4.176,0.1188,0.977
9031.405,4.172,0.1177,0.9771
9032.401,4.176,0.118,0.9771
9033.411,4.172,0.1237,0.9771
9034.403,4.176,0.1251,0.9771
9035.41,4.176,0.125,0.9772
9036.4,4.172,0.1222,0.9772
9037.415,4.176,0.1293,0.9772
9038.42,4.176,0.1202,0.9773
9039.404,4.176,0.1232,0.9773
9040.407,4.176,0.1285,0.9773
9041.401,4.176,0.1195,0.9773
9042.407,4.176,0.1265,0.9774
9043.406,4.176,0.1288,0.9774
9044.407,4.176,0.1277,0.9774
9045.416,4.176,0.1232,0.9775
9046.411,4.172,0.1193,0.9775
9047.406,4.172,0.1192,0.9775
9048.414,4.176,0.1157,0.9775
9049.409,4.176,0.1275,0.9776
9050.406,4.176,0.1263,0.9776
9051.414,4.172,0.1201,0.9776
9052.399,4.172,0.1217,0.9777
9053.407,4.176,0.1286,0.9777
9054.411,4.172,0.1297,0.9777
9055.399,4.172,0.1244,0.9777
9056.41,4.172,0.1131,0.9778
9057.408,4.172,0.1143,0.9778
9058.412,4.176,0.1172,0.9778
9059.405,4.172,0.1166,0.9779
9060.414,4.172,0.12,0.9779
9061.408,4.172,0.1239,0.9779
9062.402,4.176,0.1234,0.9779
9063.409,4.176,0.1208,0.978
9064.406,4.172,0.1226,0.978
9065.401,4.172,0.1218,0.978
9066.406,4.176,0.1199,0.9781
9067.41,4.176,0.1234,0.9781
9068.412,4.172,0.1152,0.9781
9069.406,4.164,-0.0001,0.9781
9070.401,4.164,-0.0001,0.9781
9071.403,4.16,0,0.9781
9072.4,4.164,0.0002,0.9781
9073.414,4.164,0.0001,0.9781
9074.399,4.156,-0.0002,0.9781
9075.407,4.16,0,0.9781
9076.401,4.16,0,0.9781
9077.409,4.16,-0.0002,0.9781
9078.402,4.16,0,0.9781
9079.408,4.16,0.0001,0.9781
9080.406,4.16,0.0001,0.9781
9081.406,4.16,-0.0001,0.9781
9082.413,4.156,-0.0001,0.9781
9083.409,4.156,0,0.9781
9084.401,4.16,0,0.9781
9085.407,4.156,0.0002,0.9781
9086.4,4.152,-0.0002,0.9781
9087.404,4.156,0,0.9781
9088.401,4.156,-0.0002,0.9781
9089.413,4.156,0.0001,0.9781
9090.409,4.156,0.0001,0.9781
9091.403,4.156,-0.0001,0.9781
9092.411,4.152,0.0002,0.9781
9093.403,4.152,0.0001,0.9781
9094.401,4.156,0,0.9781
9095.405,4.156,-0.0003,0.9781
9096.402,4.152,0.0002,0.9781
9097.408,4.156,0.0001,0.9781
9098.413,4.156,-0.0001,0.9781
9099.406,4.152,0,0.9781
9100.4,4.152,-0.0001,0.9781
9101.405,4.152,-0.0001,0.9781
9102.406,4.152,0.0001,0.9781
9103.406,4.152,0,0.9781
9104.4,4.152,0,0.9781
9105.407,4.156,-0.0001,0.9781
9106.403,4.152,-0.0001,0.9781
9107.412,4.152,0,0.9781
9108.402,4.148,0,0.9781
9109.398,4.152,0,0.9781
9110.409,4.152,0,0.9781
9111.405,4.148,-0.0001,0.9781
9112.412,4.152,0,0.9781
9113.404,4.152,0.0001,0.9781
9114.398,4.148,0.0001,0.9781
9115.411,4.148,-0.0001,0.9781
9116.41,4.152,0.0001,0.9781
9117.399,4.148,0.0001,0.9781
9118.412,4.148,0,0.9781
9119.4,4.152,-0.0001,0.9781
9120.41,4.152,0,0.9781
9121.411,4.152,0.0001,0.9781
9122.401,4.148,0,0.9781
9123.409,4.148,0.0001,0.9781
9124.405,4.148,0.0001,0.9781
9125.402,4.148,0,0.9781
9126.408,4.148,0.0001,0.9781
9127.409,4.148,0.0001,0.9781
9128.404,4.152,0.0001,0.9781
9129.399,4.148,0.0002,0.9781
9130.398,4.148,-0.0002,0.9781
9131.408,4.148,0,0.9781
9132.404,4.148,0,0.9781
9133.41,4.148,-0.0001,0.9781
9134.402,4.148,0.0002,0.9781
9135.406,4.148,0.0002,0.9781
9136.407,4.148,0,0.9781
9137.399,4.148,-0.0001,0.9781
9138.407,4.148,0.0001,0.9781
9139.402,4.148,-0.0001,0.9781
9140.398,4.148,-0.0001,0.9781
9141.397,4.148,-0.0001,0.9781
9142.408,4.148,0.0001,0.9781
9143.403,4.148,-0.0001,0.9781
9144.399,4.144,-0.0002,0.9781
9145.405,4.148,-0.0001,0.9781
9146.399,4.144,0.0001,0.9781
9147.41,4.148,0.0001,0.9781
9148.405,4.148,0,0.9781
9149.397,4.148,0,0.9781
9150.409,4.148,-0.0002,0.9781
9151.401,4.148,-0.0001,0.9781
9152.411,4.148,0,0.9781
9153.399,4.144,-0.0001,0.9781
9154.401,4.14,-0.0259,0.9781
9155.405,4.144,0.0003,0.9781
9156.403,4.144,-0.0001,0.9781
9157.401,4.144,0,0.9781
9158.403,4.14,-0.0259,0.9781
9159.396,4.144,0,0.9781
9160.402,4.144,0,0.9781
9161.402,4.144,-0.0002,0.9781
9162.399,4.14,0.0001,0.9781
9163.404,4.144,0.0001,0.9781
9164.398,4.144,0,0.9781
9165.402,4.14,0.0001,0.9781
9166.403,4.144,0.0001,0.9781
9167.407,4.144,0,0.9781
9168.411,4.144,0,0.9781
9169.406,4.144,0,0.9781
9170.401,4.14,0.0002,0.9781
9171.41,4.14,-0.0001,0.9781
9172.403,4.144,0.0001,0.9781
9173.401,4.144,0.0002,0.9781
9174.402,4.14,0,0.9781
9175.397,4.144,-0.0001,0.9781
9176.398,4.14,-0.0001,0.9781
9177.411,4.144,-0.0001,0.9781
9178.405,4.144,0,0.9781
9179.397,4.144,0,0.9781
9180.402,4.144,0,0.9781
9181.397,4.14,-0.0001,0.9781
9182.4,4.14,0,0.9781
9183.407,4.14,-0.0002,0.9781
9184.403,4.14,0,0.9781
9185.396,4.14,-0.0002,0.9781
9186.398,4.14,0,0.9781
9187.407,4.14,0,0.9781
9188.403,4.14,0.0001,0.9781
9189.408,4.14,0.0001,0.9781
9190.399,4.14,0,0.9781
9191.406,4.144,0,0.9781
9192.402,4.14,0.0001,0.9781
9193.406,4.144,-0.0001,0.9781
9194.41,4.14,0.0001,0.9781
9195.399,4.144,0.0001,0.9781
9196.401,4.14,0.0004,0.9781
9197.398,4.144,-0.0002,0.9781
9198.403,4.144,0.0001,0.9781
9199.406,4.14,0,0.9781
9200.405,4.14,-0.0001,0.9781
9201.397,4.14,0.0001,0.9781
9202.401,4.14,0,0.9781
9203.405,4.14,0,0.9781
9204.407,4.14,-0.0001,0.9781
9205.41,4.14,0,0.9781
9206.409,4.14,0.0001,0.9781
9207.398,4.136,0,0.9781
9208.404,4.14,0,0.9781
9209.4,4.136,0,0.9781
9210.409,4.14,0.0001,0.9781
9211.408,4.136,-0.0001,0.9781
9212.399,4.14,0,0.9781
9213.396,4.144,0.0001,0.9781
9214.401,4.14,0,0.9781
9215.405,4.14,-0.0001,0.9781
9216.404,4.14,0,0.9781
9217.398,4.14,-0.0001,0.9781
9218.395,4.14,0,0.9781
9219.403,4.14,0.0001,0.9781
9220.407,4.14,-0.0002,0.9781
9221.397,4.14,-0.0001,0.9781
9222.407,4.14,-0.0002,0.9781
9223.397,4.14,-0.0001,0.9781
9224.405,4.14,0.0001,0.9781
9225.402,4.14,0.0002,0.9781
9226.396,4.14,-0.0001,0.9781
9227.408,4.14,0.0001,0.9781
9228.406,4.136,0,0.9781
9229.408,4.14,0.0003,0.9781
9230.399,4.136,0,0.9781
9231.406,4.136,0.0003,0.9781
9232.4,4.14,-0.0002,0.9781
9233.408,4.136,0.0001,0.9781
9234.398,4.136,0,0.9781
9235.407,4.136,0.0001,0.9781
9236.4,4.14,0.0001,0.9781
9237.402,4.14,-0.0001,0.9781
9238.397,4.136,0.0001,0.9781
9239.401,4.136,0,0.9781
9240.404,4.136,0,0.9781
9241.405,4.14,0.0001,0.9781
9242.404,4.14,0,0.9781
9243.397,4.14,-0.0001,0.9781
9244.402,4.14,0,0.9781
9245.399,4.136,-0.0001,0.9781
9246.405,4.136,0.0001,0.9781
9247.395,4.136,0,0.9781
9248.406,4.136,0.0001,0.9781
9249.399,4.136,0,0.9781
9250.4,4.136,0,0.9781
9251.397,4.132,0,0.9781
9252.4,4.14,0.0001,0.9781
9253.398,4.136,0.0002,0.9781
9254.401,4.136,0.0001,0.9781
9255.394,4.136,-0.0001,0.9781
9256.398,4.136,-0.0001,0.9781
9257.398,4.136,0.0001,0.9781
9258.395,4.14,-0.0003,0.9781
9259.4,4.14,-0.0001,0.9781
9260.398,4.136,0.0001,0.9781
9261.408,4.136,0.0001,0.9781
9262.401,4.136,0,0.9781
9263.404,4.14,-0.0002,0.9781
9264.402,4.136,-0.0001,0.9781
9265.405,4.14,-0.0001,0.9781
9266.399,4.136,0,0.9781
9267.401,4.136,0.0001,0.9781
9268.408,4.136,-0.0003,0.9781
9269.4,4.136,0.0002,0.9781
9270.402,4.136,0.0001,0.9781
9271.398,4.14,-0.0002,0.9781
9272.398,4.136,-0.0001,0.9781
9273.399,4.136,0.0002,0.9781
9274.404,4.136,-0.0003,0.9781
9275.394,4.136,0.0001,0.9781
9276.403,4.132,0,0.9781
9277.393,4.136,0,0.9781
9278.395,4.132,-0.0002,0.9781
9279.405,4.136,0,0.9781
9280.403,4.136,-0.0003,0.9781
9281.399,4.136,-0.0001,0.9781
9282.396,4.136,-0.0001,0.9781
9283.399,4.136,0,0.9781
9284.397,4.136,-0.0001,0.9781
9285.403,4.132,0.0001,0.9781
9286.399,4.132,-0.0002,0.9781
9287.399,4.136,0,0.9781
9288.394,4.136,-0.0001,0.9781
9289.398,4.132,-0.0002,0.9781
9290.407,4.136,0.0003,0.9781
9291.408,4.136,0.0002,0.9781
9292.398,4.136,0,0.9781
9293.393,4.136,0.0001,0.9781
9294.403,4.132,-0.0001,0.9781
9295.393,4.132,0,0.9781
9296.397,4.136,0,0.9781
9297.401,4.136,0,0.9781
9298.4,4.136,0,0.9781
9299.394,4.136,-0.0001,0.9781
9300.392,4.132,0,0.9781
9301.395,4.136,0,0.9781
9302.392,4.136,-0.0001,0.9781
9303.403,4.132,0,0.9781
9304.405,4.136,0,0.9781
9305.396,4.136,0,0.9781
9306.4,4.136,0,0.9781
9307.399,4.136,0,0.9781
9308.396,4.136,0.0002,0.9781
9309.404,4.132,-0.0001,0.9781
9310.398,4.136,0.0001,0.9781
9311.392,4.136,0.0001,0.9781
9312.395,4.132,-0.0001,0.9781
9313.404,4.132,-0.0001,0.9781
9314.393,4.136,-0.0001,0.9781
9315.4,4.132,0.0001,0.9781
9316.404,4.132,0.0001,0.9781
9317.394,4.132,-0.0001,0.9781
9318.401,4.132,-0.0001,0.9781
9319.399,4.132,0.0001,0.9781
9320.394,4.132,-0.0001,0.9781
9321.393,4.136,-0.0001,0.9781
9322.404,4.136,0,0.9781
9323.397,4.136,0,0.9781
9324.399,4.132,0.0001,0.9781
9325.397,4.132,0.0002,0.9781
9326.399,4.132,0,0.9781
9327.394,4.136,0,0.9781
9328.405,4.136,0.0001,0.9781
9329.399,4.132,0.0001,0.9781
9330.404,4.132,0.0002,0.9781
9331.398,4.132,0,0.9781
9332.403,4.136,-0.0001,0.9781
9333.397,4.132,0.0001,0.9781
9334.391,4.136,0.0001,0.9781
9335.397,4.132,0.0001,0.9781
9336.406,4.132,-0.0001,0.9781
9337.399,4.132,0.0001,0.9781
9338.392,4.132,0.0001,0.9781
9339.404,4.132,0.0001,0.9781
9340.396,4.132,0.0003,0.9781
9341.405,4.132,0,0.9781
9342.402,4.132,-0.0001,0.9781
9343.404,4.132,-0.0001,0.9781
9344.405,4.132,0,0.9781
9345.395,4.132,0,0.9781
9346.395,4.132,-0.0001,0.9781
9347.391,4.132,0,0.9781
9348.392,4.132,0,0.9781
9349.398,4.132,0.0001,0.9781
9350.405,4.132,0,0.9781
9351.406,4.132,-0.0001,0.9781
9352.393,4.132,-0.0001,0.9781
9353.392,4.132,-0.0002,0.9781
9354.406,4.132,-0.0001,0.9781
9355.39,4.132,-0.0001,0.9781
9356.393,4.132,-0.0001,0.9781
9357.436,4.132,0.0001,0.9781
9358.398,4.132,0.0002,0.9781
9359.396,4.132,0,0.9781
9360.391,4.132,-0.0001,0.9781
9361.393,4.132,-0.0001,0.9781
9362.394,4.132,-0.0001,0.9781
9363.399,4.132,-0.0001,0.9781
9364.401,4.132,0,0.9781
9365.398,4.132,0,0.9781
9366.397,4.132,0.0001,0.9781
9367.396,4.132,0.0002,0.9781
9368.405,4.132,0.0001,0.9781
9369.398,4.132,0.0002,0.9781
9370.395,4.132,0.0002,0.9781
9371.396,4.132,0,0.9781
9372.39,4.132,0,0.9781
9373.394,4.132,0.0001,0.9781
9374.396,4.132,-0.0002,0.9781
9375.402,4.132,0.0002,0.9781
9376.399,4.132,-0.0001,0.9781
9377.396,4.132,0.0001,0.9781
9378.397,4.132,0,0.9781
9379.395,4.132,-0.0002,0.9781
9380.395,4.132,-0.0002,0.9781
9381.398,4.128,0.0001,0.9781
9382.396,4.132,0,0.9781
9383.397,4.132,0.0002,0.9781
9384.409,4.132,-0.0001,0.9781
9385.393,4.132,0,0.9781
9386.401,4.132,0,0.9781
9387.397,4.128,0.0002,0.9781
9388.391,4.132,0,0.9781
9389.393,4.128,-0.0001,0.9781
9390.404,4.132,-0.0001,0.9781
9391.394,4.132,0,0.9781
9392.398,4.132,0,0.9781
9393.4,4.128,0.0003,0.9781
9394.399,4.132,0.0001,0.9781
9395.4,4.132,-0.0001,0.9781
9396.402,4.132,0,0.9781
9397.395,4.132,-0.0001,0.9781
9398.394,4.132,-0.0001,0.9781
9399.399,4.132,0,0.9781
9400.397,4.132,0,0.9781
9401.393,4.128,-0.0002,0.9781
9402.4,4.128,0,0.9781
9403.396,4.128,0,0.9781
9404.403,4.132,0.0001,0.9781
9405.403,4.132,0.0001,0.9781
9406.397,4.128,-0.0002,0.9781
9407.391,4.128,0,0.9781
9408.396,4.128,-0.0002,0.9781
9409.414,4.128,0,0.9781
9410.393,4.132,0.0001,0.9781
9411.403,4.132,-0.0002,0.9781
9412.39,4.132,0,0.9781
9413.394,4.128,0,0.9781
9414.392,4.132,0.0001,0.9781
9415.399,4.132,0,0.9781
9416.4,4.132,0.0001,0.9781
9417.402,4.132,0.0001,0.9781
9418.399,4.132,0,0.9781
9419.39,4.132,0,0.9781
9420.398,4.132,-0.0001,0.9781
9421.391,4.128,0.0001,0.9781
9422.392,4.128,0.0001,0.9781
9423.391,4.128,-0.0001,0.9781
9424.395,4.132,-0.0001,0.9781
9425.392,4.132,0,0.9781
9426.389,4.128,-0.0002,0.9781
9427.396,4.128,0.0001,0.9781
9428.391,4.132,-0.0002,0.9781
9429.392,4.132,-0.0001,0.9781
9430.389,4.128,0,0.9781
9431.401,4.128,0.0001,0.9781
9432.392,4.128,0.0001,0.9781
9433.398,4.132,0,0.9781
9434.399,4.132,0.0002,0.9781
9435.391,4.128,-0.0001,0.9781
9436.403,4.132,0.0001,0.9781
9437.39,4.128,0.0001,0.9781
9438.398,4.128,0.0001,0.9781
9439.4,4.128,0,0.9781
9440.396,4.128,0,0.9781
9441.398,4.132,-0.0003,0.9781
9442.401,4.132,0.0001,0.9781
9443.391,4.128,-0.0001,0.9781
9444.388,4.128,0,0.9781
9445.396,4.128,0.0002,0.9781
9446.393,4.128,0,0.9781
9447.388,4.132,0,0.9781
9448.389,4.132,0.0002,0.9781
9449.4,4.132,-0.0002,0.9781
9450.391,4.132,0,0.9781
9451.402,4.128,-0.0001,0.9781
9452.392,4.132,-0.0001,0.9781
9453.401,4.128,-0.0001,0.9781
9454.391,4.128,0,0.9781
9455.389,4.128,-0.0003,0.9781
9456.4,4.128,-0.0001,0.9781
9457.4,4.128,0,0.9781
9458.402,4.128,-0.0002,0.9781
9459.414,4.128,-0.0001,0.9781
9460.391,4.128,-0.0003,0.9781
9461.394,4.128,0.0001,0.9781
9462.396,4.132,0,0.9781
9463.394,4.128,-0.0003,0.9781
9464.399,4.128,-0.0002,0.9781
9465.395,4.128,-0.0002,0.9781
9466.389,4.128,-0.0001,0.9781
9467.392,4.128,-0.0001,0.9781
9468.402,4.128,-0.0002,0.9781
9469.39,4.128,-0.0001,0.9781
9470.393,4.128,-0.0002,0.9781
9471.388,4.128,0,0.9781
9472.391,4.128,0.0001,0.9781
9473.395,4.128,0.0001,0.9781
9474.4,4.124,0.0001,0.9781
9475.4,4.128,-0.0001,0.9781
9476.389,4.128,0,0.9781
9477.39,4.128,-0.0001,0.9781
9478.39,4.128,0,0.9781
9479.394,4.128,0.0001,0.9781
9480.388,4.128,-0.0002,0.9781
9481.392,4.128,-0.0002,0.9781
9482.401,4.128,0.0001,0.9781
9483.4,4.128,-0.0002,0.9781
9484.389,4.124,-0.0002,0.9781
9485.397,4.128,0,0.9781
9486.392,4.128,0,0.9781
9487.4,4.128,0,0.9781
9488.387,4.124,0.0002,0.9781
9489.399,4.128,-0.0001,0.9781
9490.393,4.128,0.0001,0.9781
9491.401,4.128,0,0.9781
9492.399,4.128,0,0.9781
9493.393,4.128,0,0.9781
9494.402,4.128,0,0.9781
9495.393,4.128,-0.0002,0.9781
9496.387,4.128,0,0.9781
9497.395,4.128,0.0001,0.9781
9498.399,4.128,0.0001,0.9781
9499.391,4.128,0,0.9781
9500.388,4.128,-0.0002,0.9781
9501.399,4.128,0.0001,0.9781
9502.393,4.132,-0.0002,0.9781
9503.39,4.128,0.0003,0.9781
9504.389,4.124,0.0001,0.9781
9505.393,4.128,0.0001,0.9781
9506.395,4.128,-0.0002,0.9781
9507.393,4.128,0,0.9781
9508.397,4.128,0,0.9781
9509.399,4.128,-0.0002,0.9781
9510.399,4.128,0.0001,0.9781
9511.393,4.124,-0.0001,0.9781
9512.391,4.128,0,0.9781
9513.392,4.124,0,0.9781
9514.389,4.124,0.0001,0.9781
9515.394,4.124,0,0.9781
9516.392,4.128,-0.0001,0.9781
9517.391,4.128,-0.0002,0.9781
9518.395,4.128,0.0001,0.9781
9519.391,4.128,0.0001,0.9781
9520.397,4.128,0.0001,0.9781
9521.397,4.128,0,0.9781
9522.393,4.128,0.0001,0.9781
9523.395,4.128,-0.0001,0.9781
9524.394,4.128,0,0.9781
9525.397,4.124,-0.0001,0.9781
9526.387,4.128,-0.0001,0.9781
9527.393,4.124,-0.0001,0.9781
9528.386,4.128,-0.0002,0.9781
9529.391,4.128,0.0001,0.9781
9530.388,4.128,0,0.9781
9531.394,4.128,0,0.9781
9532.399,4.128,-0.0001,0.9781
9533.401,4.128,0.0003,0.9781
9534.385,4.124,0,0.9781
9535.393,4.124,0,0.9781
9536.395,4.128,-0.0003,0.9781
9537.389,4.128,0,0.9781
9538.386,4.124,0,0.9781
9539.395,4.128,-0.0001,0.9781
9540.387,4.124,-0.0001,0.9781
9541.39,4.128,0,0.9781
9542.397,4.124,0,0.9781
9543.389,4.124,0.0003,0.9781
9544.395,4.128,0,0.9781
9545.391,4.124,0.0001,0.9781
9546.393,4.124,0.0002,0.9781
9547.393,4.124,0.0001,0.9781
9548.387,4.124,0,0.9781
9549.394,4.128,0.0001,0.9781
9550.398,4.128,0,0.9781
9551.392,4.128,0,0.9781
9552.386,4.124,-0.0001,0.9781
9553.386,4.124,0,0.9781
9554.399,4.124,0,0.9781
9555.394,4.124,0,0.9781
9556.388,4.124,0.0001,0.9781
9557.392,4.124,0.0003,0.9781
9558.389,4.128,0,0.9781
9559.39,4.124,-0.0002,0.9781
9560.394,4.128,0,0.9781
9561.39,4.128,0,0.9781
9562.386,4.128,-0.0002,0.9781
9563.397,4.128,-0.0001,0.9781
9564.389,4.128,-0.0001,0.9781
9565.398,4.124,0.0001,0.9781
9566.396,4.124,0,0.9781
9567.397,4.128,0,0.9781
9568.407,4.124,0,0.9781
9569.398,4.124,-0.0001,0.9781
9570.388,4.124,-0.0001,0.9781
9571.393,4.128,-0.0002,0.9781
9572.394,4.124,0.0001,0.9781
9573.389,4.128,0.0001,0.9781
9574.398,4.124,0.0001,0.9781
9575.397,4.128,-0.0001,0.9781
9576.384,4.124,-0.0001,0.9781
9577.398,4.124,-0.0001,0.9781
9578.39,4.124,0.0001,0.9781
9579.389,4.128,0.0001,0.9781
9580.385,4.128,0.0001,0.9781
9581.396,4.124,0.0002,0.9781
9582.389,4.124,-0.0001,0.9781
9583.394,4.124,0,0.9781
9584.39,4.128,0.0001,0.9781
9585.394,4.124,0,0.9781
9586.399,4.128,0.0001,0.9781
9587.393,4.124,0.0002,0.9781
9588.391,4.124,0,0.9781
9589.394,4.124,-0.0001,0.9781
9590.389,4.124,-0.0001,0.9781
9591.394,4.12,0.0001,0.9781
9592.39,4.128,0,0.9781
9593.393,4.128,0,0.9781
9594.384,4.124,-0.0001,0.9781
9595.388,4.124,0.0001,0.9781
9596.397,4.128,0.0001,0.9781
9597.389,4.128,-0.0001,0.9781
9598.388,4.124,0.0002,0.9781
9599.386,4.124,0,0.9781
9600.396,4.124,-0.0001,0.9781
9601.39,4.124,0.0001,0.9781
9602.399,4.124,-0.0001,0.9781
9603.393,4.124,0.0001,0.9781
9604.389,4.128,0,0.9781
9605.387,4.128,0,0.9781
9606.395,4.128,0,0.9781
9607.385,4.124,0,0.9781
9608.394,4.128,0,0.9781
9609.387,4.124,0.0003,0.9781
9610.385,4.12,0.0002,0.9781
9611.387,4.124,0.0002,0.9781
9612.391,4.124,0.0002,0.9781
9613.383,4.124,0.0001,0.9781
9614.397,4.124,-0.0001,0.9781
9615.391,4.128,0,0.9781
9616.398,4.124,-0.0001,0.9781
9617.396,4.124,0,0.9781
9618.392,4.124,0,0.9781
9619.391,4.12,-0.0002,0.9781
9620.392,4.124,-0.0002,0.9781
9621.397,4.124,-0.0001,0.9781
9622.391,4.124,-0.0004,0.9781
9623.383,4.124,0.0001,0.9781
9624.388,4.128,-0.0002,0.9781
9625.392,4.12,0.0001,0.9781
9626.393,4.124,0,0.9781
9627.387,4.128,0,0.9781
9628.396,4.124,0,0.9781
9629.388,4.124,0.0001,0.9781
9630.386,4.128,-0.0002,0.9781
9631.385,4.124,0.0003,0.9781
9632.385,4.128,0,0.9781
9633.383,4.124,0.0002,0.9781
9634.389,4.124,-0.0001,0.9781
9635.385,4.124,0,0.9781
9636.398,4.124,-0.0001,0.9781
9637.387,4.128,0,0.9781
9638.393,4.124,-0.0001,0.9781
9639.394,4.124,-0.0001,0.9781
9640.394,4.124,0,0.9781
9641.396,4.124,-0.0001,0.9781
9642.392,4.128,0.0001,0.9781
9643.389,4.124,-0.0001,0.9781
9644.386,4.124,0,0.9781
9645.396,4.124,0.0002,0.9781
9646.391,4.124,-0.0001,0.9781
9647.39,4.124,0.0001,0.9781
9648.383,4.124,-0.0001,0.9781
9649.402,4.124,0,0.9781
9650.395,4.124,0.0002,0.9781
9651.383,4.12,0,0.9781
9652.394,4.12,0,0.9781
9653.388,4.124,-0.0001,0.9781
9654.388,4.124,0.0001,0.9781
9655.395,4.124,0.0001,0.9781
9656.394,4.124,0.0002,0.9781
9657.388,4.12,0.0001,0.9781
9658.386,4.124,0,0.9781
9659.388,4.124,0.0002,0.9781
9660.384,4.124,0.0001,0.9781
9661.394,4.124,0,0.9781
9662.394,4.124,-0.0001,0.9781
9663.383,4.124,-0.0001,0.9781
9664.388,4.124,0.0001,0.9781
9665.394,4.124,0.0002,0.9781
9666.393,4.124,0.0001,0.9781
9667.382,4.124,-0.0004,0.9781
9668.386,4.124,-0.0002,0.9781
9669.392,4.124,-0.0002,0.9781
9670.392,4.124,-0.0002,0.9781
9671.389,4.124,0.0001,0.9781
9672.383,4.124,0.0001,0.9781
9673.396,4.12,0.0001,0.9781
9674.384,4.124,0.0001,0.9781
9675.392,4.12,0,0.9781
9676.384,4.124,-0.0002,0.9781
9677.388,4.12,-0.0001,0.9781
9678.381,4.124,0.0002,0.9781
9679.395,4.124,0,0.9781
9680.389,4.124,0.0002,0.9781
9681.382,4.124,-0.0002,0.9781
9682.389,4.12,0.0003,0.9781
9683.382,4.124,0.0001,0.9781
9684.391,4.124,-0.0002,0.9781
9685.39,4.124,-0.0001,0.9781
9686.383,4.12,0.0001,0.9781
9687.392,4.124,0,0.9781
9688.392,4.12,0,0.9781
9689.385,4.124,0,0.9781
9690.382,4.124,-0.0001,0.9781
9691.395,4.124,-0.0001,0.9781
9692.394,4.12,-0.0002,0.9781
9693.381,4.124,0.0001,0.9781
9694.381,4.124,0.0002,0.9781
9695.389,4.12,0.0002,0.9781
9696.385,4.124,0.0002,0.9781
9697.383,4.124,0.0001,0.9781
9698.393,4.12,0.0002,0.9781
9699.391,4.124,0,0.9781
9700.396,4.124,-0.0002,0.9781
9701.383,4.124,-0.0001,0.9781
9702.391,4.124,0,0.9781
9703.396,4.124,-0.0001,0.9781
9704.388,4.124,0,0.9781
9705.396,4.12,0.0002,0.9781
9706.388,4.124,-0.0002,0.9781
9707.39,4.124,0,0.9781
9708.386,4.124,0.0001,0.9781
9709.386,4.124,0,0.9781
9710.391,4.12,-0.0001,0.9781
9711.395,4.124,0.0002,0.9781
9712.389,4.124,0.0001,0.9781
9713.393,4.124,0,0.9781
9714.39,4.12,-0.0002,0.9781
9715.392,4.124,0,0.9781
9716.393,4.12,0,0.9781
9717.388,4.12,0,0.9781
9718.392,4.124,0,0.9781
9719.39,4.124,0.0002,0.9781
9720.39,4.124,-0.0001,0.9781
9721.38,4.12,-0.0001,0.9781
9722.384,4.124,0,0.9781
9723.395,4.124,0.0001,0.9781
9724.382,4.124,-0.0001,0.9781
9725.391,4.124,-0.0001,0.9781
9726.382,4.124,-0.0001,0.9781
9727.388,4.12,0,0.9781
9728.381,4.12,0.0004,0.9781
9729.388,4.124,0,0.9781
9730.382,4.124,0.0001,0.9781
9731.381,4.12,-0.0001,0.9781
9732.388,4.12,0,0.9781
9733.384,4.12,0,0.9781
9734.393,4.12,-0.0002,0.9781
9735.384,4.12,0.0002,0.9781
9736.384,4.124,-0.0002,0.9781
9737.383,4.124,0,0.9781
9738.391,4.124,-0.0001,0.9781
9739.384,4.124,-0.0001,0.9781
9740.381,4.124,0,0.9781
9741.388,4.124,-0.0001,0.9781
9742.383,4.12,-0.0001,0.9781
9743.393,4.124,0.0002,0.9781
9744.383,4.12,0.0001,0.9781
9745.379,4.124,0,0.9781
9746.386,4.124,-0.0001,0.9781
9747.387,4.124,0,0.9781
9748.382,4.124,-0.0001,0.9781
9749.393,4.12,-0.0002,0.9781
9750.384,4.12,0,0.9781
9751.394,4.12,0.0002,0.9781
9752.393,4.12,-0.0002,0.9781
9753.397,4.12,0,0.9781
9754.387,4.124,0.0002,0.9781
9755.384,4.124,-0.0001,0.9781
9756.394,4.124,-0.0002,0.9781
9757.381,4.12,0.0002,0.9781
9758.394,4.12,-0.0002,0.9781
9759.387,4.12,0,0.9781
9760.385,4.124,0.0001,0.9781
9761.38,4.12,0,0.9781
9762.386,4.124,0.0003,0.9781
9763.379,4.124,0,0.9781
9764.379,4.124,-0.0002,0.9781
9765.381,4.124,0.0001,0.9781
9766.379,4.12,0.0001,0.9781
9767.382,4.12,0.0003,0.9781
9768.384,4.12,0,0.9781
9769.382,4.124,0.0001,0.9781
9770.383,4.124,-0.0001,0.9781
9771.399,4.12,0.0002,0.9781
9772.386,4.124,-0.0001,0.9781
9773.39,4.124,-0.0001,0.9781
9774.389,4.12,-0.0001,0.9781
9775.379,4.124,0,0.9781
9776.392,4.12,-0.0001,0.9781
9777.393,4.12,-0.0002,0.9781
9778.384,4.124,0.0002,0.9781
9779.387,4.12,0.0001,0.9781
9780.382,4.12,0,0.9781
9781.388,4.124,0,0.9781
9782.381,4.124,0.0001,0.9781
9783.393,4.12,-0.0001,0.9781
9784.384,4.124,0,0.9781
9785.379,4.12,-0.0002,0.9781
9786.387,4.124,0,0.9781
9787.387,4.124,0.0001,0.9781
9788.383,4.12,0,0.9781
9789.393,4.124,-0.0001,0.9781
9790.387,4.12,-0.0002,0.9781
9791.385,4.12,-0.0001,0.9781
9792.389,4.12,-0.0001,0.9781
9793.393,4.124,-0.0001,0.9781
9794.385,4.124,0,0.9781
9795.388,4.12,-0.0002,0.9781
9796.389,4.12,-0.0002,0.9781
9797.392,4.116,0.0002,0.9781
9798.389,4.124,0.0002,0.9781
9799.391,4.12,-0.0002,0.9781
9800.386,4.12,-0.0001,0.9781
9801.391,4.12,0.0001,0.9781
9802.382,4.12,0.0003,0.9781
9803.38,4.124,-0.0002,0.9781
9804.381,4.12,0,0.9781
9805.393,4.12,0,0.9781
9806.391,4.12,0,0.9781
9807.388,4.12,-0.0001,0.9781
9808.38,4.12,0,0.9781
9809.389,4.12,-0.0002,0.9781
9810.383,4.12,-0.0001,0.9781
9811.379,4.12,-0.0002,0.9781
9812.381,4.12,-0.0001,0.9781
9813.383,4.12,0,0.9781
9814.384,4.12,0.0002,0.9781
9815.385,4.12,-0.0001,0.9781
9816.379,4.12,0.0002,0.9781
9817.391,4.12,0,0.9781
9818.381,4.124,-0.0002,0.9781
9819.385,4.12,0,0.9781
9820.378,4.124,-0.0001,0.9781
9821.388,4.124,-0.0001,0.9781
9822.378,4.12,0.0001,0.9781
9823.381,4.116,0.0001,0.9781
9824.377,4.12,0.0001,0.9781
9825.385,4.12,0.0001,0.9781
9826.381,4.12,0.0001,0.9781
9827.385,4.12,0,0.9781
9828.388,4.12,-0.0001,0.9781
9829.381,4.12,0.0001,0.9781
9830.389,4.12,-0.0001,0.9781
9831.384,4.12,0.0001,0.9781
9832.391,4.12,-0.0001,0.9781
9833.383,4.12,-0.0002,0.9781
9834.384,4.12,0,0.9781
9835.39,4.12,0,0.9781
9836.385,4.12,0.0002,0.9781
9837.384,4.12,0.0001,0.9781
9838.387,4.12,0.0001,0.9781
9839.378,4.12,0,0.9781
9840.38,4.12,-0.0001,0.9781
9841.39,4.12,-0.0002,0.9781
9842.393,4.12,-0.0002,0.9781
9843.386,4.12,-0.0001,0.9781
9844.389,4.12,0,0.9781
9845.383,4.12,-0.0001,0.9781
9846.379,4.12,0.0001,0.9781
9847.387,4.12,-0.0001,0.9781
9848.381,4.12,0,0.9781
9849.389,4.12,-0.0001,0.9781
9850.383,4.12,-0.0004,0.9781
9851.378,4.124,-0.0001,0.9781
9852.384,4.12,0.0002,0.9781
9853.383,4.12,0.0001,0.9781
9854.378,4.12,0,0.9781
9855.383,4.12,0.0001,0.9781
9856.387,4.12,0,0.9781
9857.385,4.12,-0.0001,0.9781
9858.38,4.124,0,0.9781
9859.383,4.12,-0.0001,0.9781
9860.381,4.12,0,0.9781
9861.389,4.12,-0.0001,0.9781
9862.388,4.12,0.0001,0.9781
9863.378,4.12,0.0001,0.9781
9864.381,4.12,0.0002,0.9781
9865.386,4.12,0,0.9781
9866.378,4.12,0,0.9781
9867.387,4.12,0,0.9781
9868.377,4.12,0.0004,0.9781
9869.385,4.12,-0.0001,0.9781
9870.387,4.12,0,0.9781
9871.381,4.116,-0.0002,0.9781
9872.384,4.12,0,0.9781
9873.378,4.12,0.0001,0.9781
9874.383,4.12,0.0001,0.9781
9875.39,4.12,0.0001,0.9781
9876.379,4.12,0.0001,0.9781
9877.384,4.124,-0.0001,0.9781
9878.388,4.12,0,0.9781
9879.387,4.12,0,0.9781
9880.378,4.12,-0.0001,0.9781
9881.38,4.12,0.0001,0.9781
9882.376,4.12,0.0001,0.9781
9883.381,4.12,0.0001,0.9781
9884.39,4.12,0,0.9781
9885.384,4.124,-0.0001,0.9781
9886.39,4.12,-0.0001,0.9781
9887.38,4.12,0,0.9781
9888.388,4.12,0.0002,0.9781
9889.385,4.116,0.0001,0.9781
9890.391,4.116,0,0.9781
9891.386,4.12,0.0001,0.9781
9892.383,4.12,0.0003,0.9781
9893.389,4.116,0.0001,0.9781
9894.383,4.12,0,0.9781
9895.379,4.12,0.0001,0.9781
9896.389,4.12,-0.0002,0.9781
9897.378,4.12,-0.0002,0.9781
9898.386,4.12,-0.0001,0.9781
9899.381,4.12,-0.0001,0.9781
9900.386,4.12,0.0002,0.9781
9901.379,4.12,0,0.9781
9902.387,4.12,0,0.9781
9903.377,4.12,0,0.9781
9904.38,4.12,-0.0001,0.9781
9905.375,4.12,0.0001,0.9781
9906.385,4.12,-0.0001,0.9781
9907.376,4.12,0.0001,0.9781
9908.383,4.12,-0.0001,0.9781
9909.378,4.12,0.0001,0.9781
9910.387,4.116,0.0001,0.9781
9911.382,4.12,0,0.9781
9912.388,4.12,0,0.9781
9913.379,4.12,-0.0001,0.9781
9914.383,4.12,0.0001,0.9781
9915.374,4.12,-0.0001,0.9781
9916.386,4.12,0.0002,0.9781
9917.377,4.12,0.0003,0.9781
9918.384,4.12,0,0.9781
9919.384,4.12,0,0.9781
9920.375,4.12,-0.0002,0.9781
9921.383,4.12,-0.0001,0.9781
9922.387,4.12,-0.0002,0.9781
9923.38,4.12,-0.0002,0.9781
9924.379,4.116,0.0002,0.9781
9925.376,4.12,0,0.9781
9926.383,4.12,0.0001,0.9781
9927.376,4.116,0,0.9781
9928.384,4.12,-0.0002,0.9781
9929.386,4.12,0,0.9781
9930.379,4.12,0,0.9781
9931.377,4.12,-0.0002,0.9781
9932.384,4.116,0.0001,0.9781
9933.375,4.116,0.0001,0.9781
9934.374,4.12,0,0.9781
9935.383,4.12,0,0.9781
9936.38,4.116,0,0.9781
9937.388,4.12,0,0.9781
9938.384,4.116,-0.0001,0.9781
9939.375,4.12,0,0.9781
9940.384,4.12,0,0.9781
9941.379,4.12,-0.0003,0.9781
9942.388,4.12,0,0.9781
9943.379,4.116,0,0.9781
9944.374,4.12,0,0.9781
9945.379,4.12,0.0001,0.9781
9946.389,4.12,0.0001,0.9781
9947.378,4.12,-0.0002,0.9781
9948.383,4.12,-0.0001,0.9781
9949.375,4.12,0.0002,0.9781
9950.381,4.12,-0.0003,0.9781
9951.374,4.12,0.0001,0.9781
9952.383,4.12,0.0001,0.9781
9953.375,4.116,-0.0002,0.9781
9954.388,4.12,-0.0002,0.9781
9955.38,4.116,0.0001,0.9781
9956.387,4.116,0.0001,0.9781
9957.389,4.116,-0.0001,0.9781
9958.378,4.12,0,0.9781
9959.387,4.116,0,0.9781
9960.382,4.12,0.0001,0.9781
9961.377,4.12,-0.0001,0.9781
9962.383,4.12,0.0001,0.9781
9963.374,4.12,-0.0003,0.9781
9964.386,4.12,0.0002,0.9781
9965.383,4.116,-0.0001,0.9781
9966.379,4.12,0.0001,0.9781
9967.378,4.12,0.0001,0.9781
9968.388,4.116,0,0.9781
9969.387,4.116,0.0001,0.9781
9970.383,4.116,0.0001,0.9781
9971.376,4.116,-0.0001,0.9781
9972.386,4.12,0.0001,0.9781
9973.373,4.12,0,0.9781
9974.383,4.116,0.0001,0.9781
9975.379,4.116,-0.0002,0.9781
9976.375,4.116,0.0001,0.9781
9977.377,4.12,-0.0001,0.9781
9978.373,4.12,0.0001,0.9781
9979.38,4.12,0.0002,0.9781
9980.374,4.116,0,0.9781
9981.387,4.12,-0.0001,0.9781
9982.387,4.12,-0.0001,0.9781
9983.381,4.12,0.0001,0.9781
9984.376,4.12,0,0.9781
9985.378,4.116,-0.0002,0.9781
9986.38,4.116,0,0.9781
9987.377,4.12,-0.0001,0.9781
9988.387,4.116,-0.0001,0.9781
9989.381,4.116,0.0002,0.9781
9990.376,4.12,0.0001,0.9781
9991.387,4.12,0.0002,0.9781
9992.383,4.12,0,0.9781
9993.38,4.116,0.0003,0.9781
9994.388,4.12,-0.0002,0.9781
9995.379,4.12,0,0.9781
9996.379,4.116,0,0.9781
9997.373,4.12,-0.0002,0.9781
9998.383,4.12,0,0.9781
9999.381,4.116,-0.0001,0.9781
10000.378,4.116,0,0.9781
10001.382,4.12,0.0001,0.9781
10002.379,4.12,0.0001,0.9781
10003.387,4.12,0.0002,0.9781
10004.386,4.12,0.0001,0.9781
10005.379,4.116,0,0.9781
10006.377,4.116,0.0001,0.9781
10007.384,4.12,-0.0001,0.9781
10008.379,4.12,0.0002,0.9781
10009.375,4.12,-0.0001,0.9781
10010.385,4.12,0,0.9781
10011.395,4.116,-0.0001,0.9781
10012.381,4.116,-0.0001,0.9781
10013.373,4.12,0.0001,0.9781
10014.385,4.116,0.0001,0.9781
10015.385,4.116,0,0.9781
10016.382,4.12,-0.0001,0.9781
10017.375,4.116,0,0.9781
10018.373,4.116,0,0.9781
10019.387,4.12,-0.0002,0.9781
10020.383,4.116,-0.0001,0.9781
10021.383,4.116,0.0001,0.9781
10022.381,4.116,-0.0001,0.9781
10023.383,4.116,-0.0003,0.9781
10024.378,4.116,0.0001,0.9781
10025.373,4.116,-0.0001,0.9781
10026.381,4.116,0,0.9781
10027.383,4.12,0,0.9781
10028.38,4.116,0.0001,0.9781
10029.386,4.116,-0.0004,0.9781
10030.384,4.12,0,0.9781
10031.374,4.12,0.0001,0.9781
10032.384,4.116,-0.0001,0.9781
10033.378,4.116,0,0.9781
10034.371,4.116,0,0.9781
10035.383,4.116,0.0001,0.9781
10036.375,4.116,0,0.9781
10037.386,4.116,0.0003,0.9781
10038.378,4.12,0.0001,0.9781
10039.373,4.116,0.0001,0.9781
10040.382,4.116,0.0001,0.9781
10041.375,4.116,0.0001,0.9781
10042.389,4.116,-0.0001,0.9781
10043.38,4.116,-0.0001,0.9781
10044.375,4.12,0.0002,0.9781
10045.371,4.116,-0.0001,0.9781
10046.382,4.12,-0.0001,0.9781
10047.378,4.116,-0.0001,0.9781
10048.373,4.116,-0.0002,0.9781
10049.385,4.12,0,0.9781
10050.377,4.116,0.0001,0.9781
10051.378,4.116,0,0.9781
10052.371,4.116,0.0001,0.9781
10053.385,4.116,-0.0001,0.9781
10054.381,4.12,0.0001,0.9781
10055.373,4.116,0,0.9781
10056.371,4.116,0.0002,0.9781
10057.379,4.12,-0.0001,0.9781
10058.385,4.116,0,0.9781
10059.38,4.116,0.0001,0.9781
10060.373,4.116,0,0.9781
10061.385,4.116,0.0001,0.9781
10062.373,4.116,0,0.9781
10063.379,4.116,0,0.9781
10064.374,4.116,0,0.9781
10065.381,4.12,0,0.9781
10066.372,4.116,-0.0002,0.9781
10067.375,4.116,0.0001,0.9781
10068.371,4.116,-0.0002,0.9781
10069.38,4.116,-0.0002,0.9781
10070.378,4.116,-0.0001,0.9781
10071.382,4.116,0.0001,0.9781
10072.38,4.116,-0.0001,0.9781
10073.381,4.116,0,0.9781
10074.377,4.116,-0.0002,0.9781
10075.383,4.116,0.0001,0.9781
10076.377,4.116,0.0001,0.9781
10077.379,4.116,0.0001,0.9781
10078.374,4.116,-0.0001,0.9781
10079.377,4.12,0.0003,0.9781
10080.37,4.116,-0.0001,0.9781
10081.379,4.12,0.0001,0.9781
10082.373,4.116,0.0001,0.9781
10083.37,4.116,-0.0002,0.9781
10084.376,4.116,0,0.9781
10085.376,4.116,-0.0002,0.9781
10086.383,4.116,-0.0001,0.9781
10087.378,4.116,0,0.9781
10088.385,4.116,0.0002,0.9781
10089.384,4.116,-0.0001,0.9781
10090.381,4.116,-0.0002,0.9781
10091.384,4.116,0,0.9781
10092.377,4.116,-0.0001,0.9781
10093.37,4.12,-0.0001,0.9781
10094.38,4.116,0.0001,0.9781
10095.37,4.116,-0.0001,0.9781
10096.38,4.116,0.0002,0.9781
10097.376,4.116,0.0002,0.9781
10098.387,4.116,0.0001,0.9781
10099.382,4.116,0.0001,0.9781
10100.372,4.116,0,0.9781
10101.379,4.116,0,0.9781
10102.375,4.12,0,0.9781
10103.385,4.116,0,0.9781
10104.38,4.116,0.0001,0.9781
10105.375,4.116,0.0003,0.9781
10106.37,4.116,-0.0001,0.9781
10107.384,4.116,0,0.9781
10108.375,4.116,-0.0001,0.9781
10109.371,4.116,-0.0001,0.9781
10110.372,4.116,-0.0002,0.9781
10111.382,4.116,-0.0001,0.9781
10112.375,4.116,0.0001,0.9781
10113.382,4.116,0,0.9781
10114.377,4.12,-0.0001,0.9781
10115.371,4.116,-0.0002,0.9781
10116.384,4.112,0.0001,0.9781
10117.377,4.116,-0.0001,0.9781
10118.384,4.116,-0.0001,0.9781
10119.377,4.116,0.0003,0.9781
10120.374,4.116,0,0.9781
10121.37,4.116,0.0002,0.9781
10122.38,4.116,0,0.9781
10123.378,4.116,0,0.9781
10124.369,4.116,-0.0004,0.9781
10125.382,4.116,0,0.9781
10126.377,4.116,0.0001,0.9781
10127.371,4.116,-0.0001,0.9781
10128.38,4.116,0,0.9781
10129.378,4.116,0,0.9781
10130.372,4.116,-0.0003,0.9781
10131.379,4.116,0,0.9781
10132.375,4.116,-0.0001,0.9781
10133.369,4.116,0,0.9781
10134.377,4.116,0,0.9781
10135.383,4.116,-0.0001,0.9781
10136.376,4.116,-0.0001,0.9781
10137.37,4.116,0,0.9781
10138.382,4.116,0,0.9781
10139.377,4.116,-0.0001,0.9781
10140.368,4.116,0,0.9781
10141.384,4.116,-0.0001,0.9781
10142.377,4.116,0.0001,0.9781
10143.371,4.116,-0.0002,0.9781
10144.382,4.116,0.0001,0.9781
10145.374,4.116,-0.0001,0.9781
10146.372,4.116,0,0.9781
10147.38,4.116,0,0.9781
10148.373,4.116,0,0.9781
10149.369,4.116,0,0.9781
10150.38,4.116,-0.0001,0.9781
10151.371,4.116,-0.0002,0.9781
10152.375,4.116,0.0002,0.9781
10153.373,4.116,0.0001,0.9781
10154.371,4.116,-0.0001,0.9781
10155.382,4.116,-0.0001,0.9781
10156.373,4.116,0.0001,0.9781
10157.377,4.116,0.0001,0.9781
10158.37,4.116,-0.0002,0.9781
10159.382,4.116,-0.0002,0.9781
10160.376,4.116,-0.0002,0.9781
10161.369,4.116,-0.0001,0.9781
10162.374,4.116,-0.0001,0.9781
10163.372,4.116,0.0001,0.9781
10164.382,4.116,0,0.9781
10165.377,4.116,0.0001,0.9781
10166.381,4.116,-0.0001,0.9781
10167.372,4.116,-0.0001,0.9781
10168.368,4.116,0.0002,0.9781
10169.375,4.12,0,0.9781
10170.369,4.116,-0.0001,0.9781
10171.377,4.116,0.0001,0.9781
10172.369,4.116,0,0.9781
10173.378,4.116,-0.0001,0.9781
10174.372,4.116,0,0.9781
10175.367,4.116,0.0001,0.9781
10176.375,4.116,0.0003,0.9781
10177.369,4.116,0,0.9781
10178.381,4.116,0.0001,0.9781
10179.375,4.116,-0.0001,0.9781
10180.37,4.116,0,0.9781
10181.381,4.116,0,0.9781
10182.373,4.116,-0.0001,0.9781
10183.369,4.12,0.0001,0.9781
10184.379,4.116,-0.0001,0.9781
10185.375,4.116,-0.0002,0.9781
10186.369,4.116,-0.0002,0.9781
10187.382,4.116,0,0.9781
10188.375,4.116,0.0002,0.9781
10189.375,4.116,-0.0001,0.9781
10190.367,4.116,0,0.9781
10191.372,4.116,0.0001,0.9781
10192.376,4.116,-0.0001,0.9781
10193.37,4.116,0,0.9781
10194.379,4.116,0,0.9781
10195.369,4.116,0,0.9781
10196.38,4.12,-0.0001,0.9781
10197.367,4.116,0.0001,0.9781
10198.374,4.116,0,0.9781
10199.366,4.116,0,0.9781
10200.388,4.116,0.0001,0.9781
10201.37,4.116,-0.0001,0.9781
10202.372,4.116,0,0.9781
10203.366,4.116,0.0001,0.9781
10204.374,4.116,0,0.9781
10205.372,4.116,0.0001,0.9781
10206.382,4.116,0,0.9781
10207.378,4.116,0,0.9781
10208.372,4.116,-0.0001,0.9781
10209.37,4.116,0.0001,0.9781
10210.381,4.116,0.0002,0.9781
10211.372,4.116,0,0.9781
10212.366,4.116,-0.0003,0.9781
10213.379,4.116,0,0.9781
10214.374,4.116,0.0002,0.9781
10215.381,4.116,0.0002,0.9781
10216.375,4.116,-0.0001,0.9781
10217.374,4.112,0.0001,0.9781
10218.368,4.116,-0.0002,0.9781
10219.379,4.112,0.0001,0.9781
10220.372,4.116,-0.0001,0.9781
10221.367,4.116,0.0001,0.9781
10222.379,4.116,0,0.9781
10223.368,4.116,0.0001,0.9781
10224.376,4.116,-0.0002,0.9781
10225.368,4.116,0.0001,0.9781
10226.366,4.116,0.0001,0.9781
10227.376,4.116,0.0001,0.9781
10228.398,4.112,0,0.9781
10229.372,4.116,0.0003,0.9781
10230.366,4.116,-0.0002,0.9781
10231.375,4.116,0.0001,0.9781
10232.378,4.116,-0.0001,0.9781
10233.381,4.116,0.0001,0.9781
10234.377,4.116,0,0.9781
10235.372,4.116,0.0001,0.9781
10236.368,4.112,-0.0001,0.9781
10237.38,4.116,-0.0001,0.9781
10238.374,4.116,0,0.9781
10239.379,4.112,0,0.9781
10240.372,4.116,0.0001,0.9781
10241.369,4.116,-0.0001,0.9781
10242.376,4.12,0.0001,0.9781
10243.371,4.116,-0.0001,0.9781
10244.377,4.116,0,0.9781
10245.372,4.112,-0.0001,0.9781
10246.377,4.112,0.0001,0.9781
10247.379,4.116,0.0001,0.9781
10248.375,4.116,-0.0001,0.9781
10249.369,4.116,0,0.9781
10250.37,4.116,0.0001,0.9781
10251.374,4.116,-0.0003,0.9781
10252.374,4.116,0,0.9781
10253.365,4.116,0.0001,0.9781
10254.374,4.116,0,0.9781
10255.37,4.116,0,0.9781
10256.373,4.116,0.0002,0.9781
10257.365,4.116,0,0.9781
10258.372,4.112,-0.0003,0.9781
10259.365,4.116,-0.0002,0.9781
10260.378,4.112,-0.0002,0.9781
10261.369,4.116,-0.0001,0.9781
10262.367,4.116,-0.0001,0.9781
10263.374,4.116,-0.0002,0.9781
10264.372,4.116,0.0002,0.9781
10265.369,4.116,0.0001,0.9781
10266.379,4.116,0,0.9781
10267.37,4.116,-0.0001,0.9781
10268.375,4.116,0.0001,0.9781
10269.374,4.12,0.0001,0.9781
10270.367,4.116,0.0001,0.9781
10271.377,4.116,0,0.9781
10272.367,4.112,0.0003,0.9781
10273.376,4.116,-0.0003,0.9781
10274.372,4.116,0.0002,0.9781
10275.375,4.116,0,0.9781
10276.369,4.116,-0.0002,0.9781
10277.383,4.116,0.0002,0.9781
10278.38,4.116,-0.0002,0.9781
10279.365,4.112,0.0001,0.9781
10280.379,4.116,0,0.9781
10281.375,4.116,0.0001,0.9781
10282.364,4.116,-0.0003,0.9781
10283.373,4.116,-0.0001,0.9781
10284.365,4.12,0,0.9781
10285.368,4.116,0,0.9781
10286.375,4.116,0.0001,0.9781
10287.366,4.116,-0.0001,0.9781
10288.377,4.116,0,0.9781
10289.365,4.116,0,0.9781
10290.378,4.116,0,0.9781
10291.372,4.116,0,0.9781
10292.367,4.112,0,0.9781
10293.373,4.116,0,0.9781
10294.368,4.116,-0.0001,0.9781
10295.375,4.116,0,0.9781
10296.366,4.116,0,0.9781
10297.369,4.116,0,0.9781
10298.377,4.112,-0.0001,0.9781
10299.371,4.116,0,0.9781
10300.369,4.116,-0.0002,0.9781
10301.374,4.116,0.0002,0.9781
10302.366,4.116,-0.0001,0.9781
10303.378,4.116,0.0002,0.9781
10304.366,4.116,0.0001,0.9781
10305.378,4.116,0,0.9781
10306.378,4.116,-0.0001,0.9781
10307.371,4.116,0.0001,0.9781
10308.371,4.116,-0.0003,0.9781
10309.365,4.116,-0.0001,0.9781
10310.369,4.112,-0.0001,0.9781
10311.363,4.112,0,0.9781
10312.369,4.116,0.0001,0.9781
10313.372,4.116,0,0.9781
10314.375,4.116,0.0002,0.9781
10315.379,4.116,0,0.9781
10316.377,4.116,-0.0002,0.9781
10317.374,4.12,-0.0002,0.9781
10318.369,4.112,-0.0001,0.9781
10319.364,4.116,0.0001,0.9781
10320.366,4.116,0.0001,0.9781
10321.368,4.116,0.0001,0.9781
10322.373,4.116,0.0001,0.9781
10323.372,4.112,0,0.9781
10324.367,4.112,0,0.9781
10325.375,4.112,0,0.9781
10326.373,4.116,-0.0001,0.9781
10327.371,4.112,0,0.9781
10328.378,4.116,0.0001,0.9781
10329.363,4.116,0,0.9781
10330.373,4.116,0.0001,0.9781
10331.366,4.116,0.0003,0.9781
10332.374,4.112,0,0.9781
10333.364,4.116,0.0002,0.9781
10334.367,4.116,-0.0001,0.9781
10335.371,4.116,0,0.9781
10336.369,4.116,0,0.9781
10337.365,4.116,0.0002,0.9781
10338.363,4.112,0.0002,0.9781
10339.37,4.112,0.0001,0.9781
10340.364,4.116,-0.0002,0.9781
10341.367,4.112,0.0002,0.9781
10342.366,4.112,0.0002,0.9781
10343.372,4.112,-0.0001,0.9781
10344.374,4.116,0.0001,0.9781
10345.374,4.116,0.0002,0.9781
10346.373,4.116,0.0001,0.9781
10347.377,4.116,0.0001,0.9781
10348.369,4.116,0.0001,0.9781
10349.363,4.112,0,0.9781
10350.374,4.116,0.0001,0.9781
10351.365,4.112,0.0001,0.9781
10352.374,4.116,0.0005,0.9781
10353.368,4.116,0,0.9781
10354.373,4.116,-0.0001,0.9781
10355.373,4.116,0.0003,0.9781
10356.368,4.116,0.0001,0.9781
10357.374,4.116,-0.0001,0.9781
10358.371,4.116,0.0002,0.9781
10359.373,4.116,0.0001,0.9781
10360.375,4.116,-0.0002,0.9781
10361.372,4.116,0,0.9781
10362.375,4.116,0.0001,0.9781
10363.363,4.112,-0.0001,0.9781
10364.367,4.112,0.0001,0.9781
10365.366,4.116,-0.0002,0.9781
10366.369,4.116,-0.0001,0.9781
10367.365,4.116,0,0.9781
10368.364,4.116,0,0.9781
10369.371,4.112,0.0001,0.9781
10370.365,4.116,0.0001,0.9781
10371.364,4.116,0,0.9781
10372.381,4.116,-0.0003,0.9781
10373.374,4.116,0,0.9781
10374.367,4.116,-0.0003,0.9781
10375.371,4.116,0.0002,0.9781
10376.364,4.116,-0.0001,0.9781
10377.371,4.116,-0.0001,0.9781
10378.372,4.116,-0.0001,0.9781
10379.371,4.116,-0.0001,0.9781
10380.364,4.116,0,0.9781
10381.372,4.116,-0.0003,0.9781
10382.367,4.116,0,0.9781
10383.363,4.112,0.0001,0.9781
10384.372,4.112,0.0001,0.9781
10385.374,4.116,0,0.9781
10386.374,4.116,-0.0001,0.9781
10387.372,4.116,0,0.9781
10388.373,4.112,0,0.9781
10389.367,4.112,0.0001,0.9781
10390.363,4.112,0.0002,0.9781
10391.361,4.116,0,0.9781
10392.367,4.112,0,0.9781
10393.373,4.116,-0.0001,0.9781
10394.372,4.112,0,0.9781
10395.362,4.116,0.0001,0.9781
10396.375,4.112,0.0001,0.9781
10397.389,4.116,0,0.9781
10398.374,4.112,0.0001,0.9781
10399.372,4.112,0.0001,0.9781
10400.367,4.112,0,0.9781
10401.367,4.112,-0.0003,0.9781
10402.361,4.116,0,0.9781
10403.368,4.112,-0.0001,0.9781
10404.369,4.116,0.0001,0.9781
10405.373,4.116,-0.0002,0.9781
10406.373,4.116,0.0001,0.9781
10407.362,4.112,0.0002,0.9781
10408.371,4.116,0.0003,0.9781
10409.361,4.112,0.0002,0.9781
10410.367,4.112,0.0001,0.9781
10411.363,4.116,0,0.9781
10412.361,4.112,0.0001,0.9781
10413.375,4.116,0.0001,0.9781
10414.373,4.112,0.0001,0.9781
10415.363,4.112,0,0.9781
10416.362,4.112,-0.0001,0.9781
10417.367,4.112,0,0.9781
10418.363,4.112,0.0001,0.9781
10419.365,4.116,-0.0002,0.9781
10420.368,4.112,-0.0003,0.9781
10421.366,4.112,0,0.9781
10422.363,4.112,-0.0001,0.9781
10423.375,4.116,-0.0001,0.9781
10424.371,4.116,-0.0002,0.9781
10425.366,4.116,-0.0001,0.9781
10426.369,4.116,0.0003,0.9781
10427.361,4.112,0,0.9781
10428.368,4.116,-0.0001,0.9781
10429.371,4.116,-0.0002,0.9781
10430.362,4.112,-0.0001,0.9781
10431.367,4.112,0.0002,0.9781
10432.369,4.112,-0.0002,0.9781
10433.364,4.116,0.0003,0.9781
10434.368,4.116,0,0.9781
10435.374,4.116,-0.0001,0.9781
10436.367,4.112,0,0.9781
10437.373,4.112,0.0001,0.9781
10438.361,4.112,0,0.9781
10439.365,4.112,0.0001,0.9781
10440.364,4.112,-0.0001,0.9781
10441.368,4.112,0,0.9781
10442.362,4.116,-0.0002,0.9781
10443.369,4.116,0.0002,0.9781
10444.367,4.112,0,0.9781
10445.367,4.116,0.0002,0.9781
10446.366,4.112,0.0001,0.9781
10447.383,4.112,-0.0001,0.9781
10448.375,4.112,0,0.9781
10449.366,4.112,0,0.9781
10450.368,4.116,-0.0001,0.9781
10451.363,4.112,0,0.9781
10452.359,4.112,-0.0001,0.9781
10453.374,4.112,0.0001,0.9781
10454.369,4.112,-0.0002,0.9781
10455.364,4.112,0.0001,0.9781
10456.364,4.112,-0.0001,0.9781
10457.367,4.112,0,0.9781
10458.37,4.112,0.0002,0.9781
10459.366,4.116,0.0001,0.9781
10460.363,4.112,-0.0001,0.9781
10461.371,4.112,0,0.9781
10462.366,4.112,0.0001,0.9781
10463.371,4.112,0,0.9781
10464.359,4.112,0.0003,0.9781
10465.37,4.112,-0.0002,0.9781
10466.369,4.116,0,0.9781
10467.373,4.112,0,0.9781
10468.372,4.112,-0.0001,0.9781
10469.363,4.112,0,0.9781
10470.373,4.116,0,0.9781
10471.368,4.112,0,0.9781
10472.368,4.112,0,0.9781
10473.367,4.112,0.0001,0.9781
10474.374,4.112,-0.0001,0.9781
10475.366,4.116,-0.0001,0.9781
10476.362,4.112,0.0002,0.9781
10477.367,4.112,-0.0001,0.9781
10478.364,4.112,0.0001,0.9781
10479.362,4.116,-0.0003,0.9781
10480.389,4.116,-0.0004,0.9781
10481.365,4.112,0.0002,0.9781
10482.366,4.112,-0.0001,0.9781
10483.362,4.112,-0.0002,0.9781
10484.363,4.112,-0.0003,0.9781
10485.365,4.112,0.0001,0.9781
10486.371,4.116,0.0001,0.9781
10487.362,4.108,0.0002,0.9781
10488.363,4.112,0,0.9781
10489.361,4.112,0.0002,0.9781
10490.362,4.112,0,0.9781
10491.374,4.112,0,0.9781
10492.371,4.116,0,0.9781
10493.368,4.112,0,0.9781
10494.36,4.112,0.0001,0.9781
10495.37,4.112,0,0.9781
10496.361,4.112,0,0.9781
10497.369,4.112,0.0001,0.9781
10498.371,4.112,0,0.9781
10499.371,4.112,-0.0001,0.9781
10500.36,4.112,-0.0001,0.9781
10501.367,4.116,-0.0001,0.9781
10502.369,4.112,0.0001,0.9781
10503.372,4.116,-0.0001,0.9781
10504.371,4.112,-0.0001,0.9781
10505.358,4.112,0,0.9781
10506.364,4.112,-0.0001,0.9781
10507.367,4.112,0.0002,0.9781
10508.369,4.116,0,0.9781
10509.359,4.112,0.0001,0.9781
10510.369,4.112,0,0.9781
10511.358,4.112,-0.0001,0.9781
10512.363,4.112,0,0.9781
10513.394,4.112,-0.0001,0.9781
10514.359,4.116,0,0.9781
10515.358,4.112,-0.0001,0.9781
10516.372,4.112,0.0001,0.9781
10517.36,4.112,-0.0001,0.9781
10518.363,4.112,-0.0001,0.9781
10519.362,4.112,0.0003,0.9781
10520.358,4.108,0.0001,0.9781
10521.367,4.116,0,0.9781
10522.367,4.112,-0.0002,0.9781
10523.359,4.116,-0.0001,0.9781
10524.359,4.112,-0.0002,0.9781
10525.363,4.112,0.0002,0.9781
10526.36,4.112,-0.0001,0.9781
10527.359,4.112,-0.0001,0.9781
10528.372,4.112,-0.0002,0.9781
10529.361,4.112,-0.0001,0.9781
10530.363,4.112,0.0002,0.9781
10531.367,4.116,0,0.9781
10532.371,4.112,0.0001,0.9781
10533.37,4.112,0,0.9781
10534.364,4.116,0.0001,0.9781
10535.369,4.112,-0.0001,0.9781
10536.361,4.116,0.0001,0.9781
10537.367,4.112,0.0001,0.9781
10538.362,4.112,0.0001,0.9781
10539.363,4.112,0,0.9781
10540.372,4.112,-0.0002,0.9781
10541.363,4.112,0,0.9781
10542.365,4.112,0.0001,0.9781
10543.366,4.116,0,0.9781
10544.363,4.112,-0.0001,0.9781
10545.36,4.112,0,0.9781
10546.367,4.112,0,0.9781
10547.372,4.112,0,0.9781
10548.369,4.112,0,0.9781
10549.361,4.112,0,0.9781
10550.361,4.112,0,0.9781
10551.376,4.112,0,0.9781
10552.357,4.112,0.0001,0.9781
10553.371,4.116,0.0002,0.9781
10554.359,4.116,0,0.9781
10555.364,4.112,-0.0002,0.9781
10556.361,4.112,0,0.9781
10557.367,4.116,-0.0001,0.9781
10558.363,4.116,0.0001,0.9781
10559.36,4.112,0,0.9781
10560.369,4.112,0,0.9781
10561.358,4.112,0.0001,0.9781
10562.358,4.112,-0.0001,0.9781
10563.368,4.112,0,0.9781
10564.367,4.116,0,0.9781
10565.361,4.116,-0.0001,0.9781
10566.362,4.116,0,0.9781
10567.36,4.116,-0.0001,0.9781
10568.36,4.112,0.0001,0.9781
10569.367,4.112,0.0001,0.9781
10570.369,4.112,0.0001,0.9781
10571.368,4.112,0,0.9781
10572.364,4.112,-0.0002,0.9781
10573.356,4.112,0,0.9781
10574.356,4.112,0.0001,0.9781
10575.367,4.112,0.0002,0.9781
10576.363,4.112,0.0003,0.9781
10577.366,4.112,0,0.9781
10578.371,4.112,0,0.9781
10579.36,4.112,0.0001,0.9781
10580.36,4.112,0.0001,0.9781
10581.367,4.116,0,0.9781
10582.371,4.116,0,0.9781
10583.361,4.112,-0.0002,0.9781
10584.371,4.112,-0.0001,0.9781
10585.371,4.112,-0.0001,0.9781
10586.358,4.112,-0.0001,0.9781
10587.361,4.112,0,0.9781
10588.368,4.116,0.0002,0.9781
10589.357,4.112,-0.0001,0.9781
10590.36,4.116,-0.0001,0.9781
10591.363,4.112,-0.0001,0.9781
10592.362,4.112,0,0.9781
10593.364,4.112,-0.0001,0.9781
10594.363,4.112,-0.0002,0.9781
10595.363,4.112,0.0001,0.9781
10596.363,4.112,0.0001,0.9781
10597.362,4.112,0.0001,0.9781
10598.356,4.112,0.0002,0.9781
10599.36,4.112,0,0.9781
10600.36,4.112,0.0001,0.9781
10601.369,4.112,0,0.9781
10602.36,4.112,-0.0001,0.9781
10603.356,4.112,-0.0001,0.9781
10604.365,4.112,-0.0003,0.9781
10605.357,4.112,0,0.9781
10606.368,4.112,0.0001,0.9781
10607.361,4.112,-0.0002,0.9781
10608.368,4.112,0.0001,0.9781
10609.37,4.112,-0.0001,0.9781
10610.367,4.116,0,0.9781
10611.368,4.112,0.0001,0.9781
10612.356,4.112,0.0002,0.9781
10613.367,4.112,-0.0002,0.9781
10614.366,4.112,-0.0001,0.9781
10615.365,4.116,0,0.9781
10616.357,4.112,0.0001,0.9781
10617.369,4.112,0,0.9781
10618.356,4.112,0.0001,0.9781
10619.36,4.112,0.0001,0.9781
10620.36,4.112,-0.0001,0.9781
10621.362,4.116,0.0001,0.9781
10622.359,4.112,0.0001,0.9781
10623.379,4.112,-0.0001,0.9781
10624.369,4.116,-0.0001,0.9781
10625.365,4.112,0.0002,0.9781
10626.359,4.112,0.0001,0.9781
10627.358,4.112,0.0001,0.9781
10628.36,4.112,-0.0002,0.9781
10629.359,4.112,0.0002,0.9781
10630.357,4.112,0,0.9781
10631.366,4.112,-0.0001,0.9781
10632.373,4.112,0.0002,0.9781
10633.356,4.112,-0.0001,0.9781
10634.364,4.112,0.0002,0.9781
10635.367,4.108,-0.0001,0.9781
10636.357,4.112,0,0.9781
10637.362,4.112,0,0.9781
10638.367,4.112,-0.0003,0.9781
10639.361,4.112,0.0001,0.9781
10640.356,4.112,-0.0001,0.9781
10641.354,4.112,0,0.9781
10642.366,4.112,0,0.9781
10643.364,4.112,-0.0001,0.9781
10644.355,4.112,0.0002,0.9781
10645.36,4.112,0.0002,0.9781
10646.359,4.116,0.0001,0.9781
10647.359,4.112,-0.0002,0.9781
10648.367,4.112,0.0003,0.9781
10649.359,4.112,0,0.9781
10650.366,4.112,-0.0001,0.9781
10651.362,4.112,0,0.9781
10652.368,4.112,0,0.9781
10653.368,4.108,0,0.9781
10654.359,4.112,-0.0001,0.9781
10655.355,4.112,0.0003,0.9781
10656.355,4.112,0.0001,0.9781
10657.354,4.116,0,0.9781
10658.367,4.112,-0.0002,0.9781
10659.354,4.112,-0.0001,0.9781
10660.362,4.112,0.0001,0.9781
10661.358,4.112,0,0.9781
10662.366,4.112,-0.0001,0.9781
10663.361,4.112,-0.0002,0.9781
10664.36,4.112,-0.0002,0.9781
10665.359,4.112,0.0002,0.9781
10666.359,4.112,0.0001,0.9781
10667.357,4.112,0,0.9781
10668.353,4.108,0.0001,0.9781
10669.357,4.112,0.0001,0.9781
10670.365,4.112,0.0001,0.9781
10671.364,4.112,0,0.9781
10672.369,4.112,0.0001,0.9781
10673.362,4.112,0.0001,0.9781
10674.364,4.112,-0.0002,0.9781
10675.353,4.116,0.0001,0.9781
10676.362,4.112,0.0001,0.9781
10677.355,4.112,-0.0002,0.9781
10678.356,4.112,0.0002,0.9781
10679.359,4.112,0.0001,0.9781
10680.359,4.112,0,0.9781
10681.361,4.112,0,0.9781
10682.359,4.112,0.0001,0.9781
10683.357,4.108,0.0001,0.9781
10684.354,4.112,-0.0001,0.9781
10685.36,4.108,0.0001,0.9781
10686.36,4.112,-0.0001,0.9781
10687.358,4.112,0,0.9781
10688.355,4.112,-0.0001,0.9781
10689.353,4.112,-0.0001,0.9781
10690.358,4.112,0.0001,0.9781
10691.358,4.112,0,0.9781
10692.357,4.112,0,0.9781
10693.358,4.112,0,0.9781
10694.363,4.112,-0.0002,0.9781
10695.367,4.112,-0.0001,0.9781
10696.364,4.112,-0.0002,0.9781
10697.366,4.112,0,0.9781
10698.366,4.112,-0.0001,0.9781
10699.361,4.116,0,0.9781
10700.355,4.112,-0.0001,0.9781
10701.367,4.112,0.0001,0.9781
10702.362,4.112,-0.0002,0.9781
10703.358,4.116,0.0001,0.9781
10704.366,4.112,-0.0001,0.9781
10705.366,4.112,-0.0001,0.9781
10706.361,4.112,-0.0002,0.9781
10707.356,4.112,0,0.9781
10708.358,4.112,0.0003,0.9781
10709.358,4.112,0,0.9781
10710.366,4.112,-0.0001,0.9781
10711.356,4.112,0.0001,0.9781
10712.367,4.112,-0.0001,0.9781
10713.366,4.112,0.0002,0.9781
10714.363,4.112,0,0.9781
10715.359,4.112,0,0.9781
10716.358,4.112,-0.0001,0.9781
10717.362,4.116,0.0001,0.9781
10718.354,4.116,0,0.9781
10719.352,4.112,0,0.9781
10720.366,4.112,0.0001,0.9781
10721.352,4.112,-0.0001,0.9781
10722.357,4.112,0.0002,0.9781
10723.353,4.112,-0.0002,0.9781
10724.353,4.112,0,0.9781
10725.362,4.112,0.0001,0.9781
10726.355,4.112,0,0.9781
10727.354,4.112,0,0.9781
10728.366,4.112,0,0.9781
10729.359,4.112,0.0001,0.9781
10730.359,4.112,0,0.9781
10731.364,4.112,0,0.9781
10732.357,4.112,-0.0002,0.9781
10733.367,4.112,0.0001,0.9781
10734.362,4.112,-0.0001,0.9781
10735.355,4.112,-0.0002,0.9781
10736.359,4.112,0.0001,0.9781
10737.367,4.112,-0.0001,0.9781
10738.356,4.112,0,0.9781
10739.362,4.116,-0.0001,0.9781
10740.359,4.112,0.0001,0.9781
10741.358,4.112,0,0.9781
10742.357,4.112,0,0.9781
10743.357,4.112,0.0001,0.9781
10744.355,4.112,0.0001,0.9781
10745.354,4.112,-0.0001,0.9781
10746.352,4.112,0.0002,0.9781
10747.356,4.112,0,0.9781
10748.358,4.112,-0.0002,0.9781
10749.356,4.112,0,0.9781
10750.352,4.112,-0.0001,0.9781
10751.359,4.112,-0.0003,0.9781
10752.358,4.112,-0.0002,0.9781
10753.355,4.112,0.0001,0.9781
10754.36,4.112,0,0.9781
10755.361,4.112,-0.0001,0.9781
10756.355,4.112,0,0.9781
10757.358,4.112,0.0002,0.9781
10758.36,4.112,0,0.9781
10759.359,4.112,0,0.9781
10760.354,4.112,-0.0002,0.9781
10761.359,4.112,0,0.9781
10762.357,4.112,-0.0002,0.9781
10763.354,4.112,0,0.9781
10764.357,4.108,-0.0001,0.9781
10765.357,4.112,0.0001,0.9781
10766.358,4.112,-0.0002,0.9781
10767.356,4.112,0.0001,0.9781
10768.36,4.112,-0.0001,0.9781
10769.357,4.112,0.0001,0.9781
10770.353,4.108,0,0.9781
10771.36,4.112,0.0001,0.9781
10772.361,4.112,-0.0001,0.9781
10773.354,4.112,0.0002,0.9781
10774.363,4.112,0.0001,0.9781
10775.371,4.112,-0.0002,0.9781
10776.365,4.112,0.0001,0.9781
10777.364,4.116,-0.0002,0.9781
10778.361,4.112,-0.0001,0.9781
10779.362,4.112,0.0001,0.9781
10780.356,4.112,0.0001,0.9781
10781.361,4.112,0.0001,0.9781
10782.353,4.112,0.0004,0.9781
10783.356,4.112,0,0.9781
10784.358,4.112,0,0.9781
10785.361,4.112,0.0001,0.9781
10786.352,4.112,-0.0001,0.9781
10787.353,4.108,0,0.9781
10788.357,4.112,0.0001,0.9781
10789.364,4.112,0.0002,0.9781
10790.359,4.108,0,0.9781
10791.358,4.112,-0.0002,0.9781
10792.359,4.112,-0.0002,0.9781
10793.353,4.112,0.0001,0.9781
10794.353,4.112,0.0001,0.9781
10795.352,4.112,0,0.9781
10796.357,4.112,0.0001,0.9781
10797.352,4.112,0.0002,0.9781
10798.352,4.112,0.0001,0.9781
10799.351,4.108,-0.0001,0.9781
10800.365,4.112,0,0.9781
10801.353,4.112,-0.0001,0.9781
10802.352,4.112,0.0001,0.9781
10803.351,4.108,0.0002,0.9781
10804.363,4.112,-0.0001,0.9781
10805.354,4.112,-0.0001,0.9781
10806.353,4.112,-0.0001,0.9781
10807.356,4.112,-0.0003,0.9781
10808.356,4.112,0.0001,0.9781
10809.355,4.112,-0.0002,0.9781
10810.355,4.112,0,0.9781
10811.356,4.112,0,0.9781
10812.358,4.112,0,0.9781
10813.358,4.112,0,0.9781
10814.358,4.112,0.0001,0.9781
10815.36,4.108,0.0001,0.9781
10816.356,4.112,0.0001,0.9781
10817.359,4.112,0.0003,0.9781
10818.356,4.112,0.0001,0.9781
10819.358,4.112,0,0.9781
10820.359,4.112,0.0002,0.9781
10821.358,4.112,0.0001,0.9781
10822.357,4.112,0.0002,0.9781
10823.365,4.112,-0.0001,0.9781
10824.358,4.112,0.0001,0.9781
10825.359,4.112,0,0.9781
10826.356,4.108,-0.0003,0.9781
10827.359,4.112,0,0.9781
10828.359,4.112,-0.0001,0.9781
10829.358,4.112,0,0.9781
10830.359,4.112,-0.0001,0.9781
10831.35,4.108,0,0.9781
10832.36,4.112,-0.0001,0.9781
10833.36,4.108,-0.0001,0.9781
10834.36,4.112,-0.0002,0.9781
10835.36,4.112,0.0001,0.9781
10836.362,4.112,-0.0001,0.9781
10837.36,4.112,-0.0001,0.9781
10838.361,4.112,0,0.9781
10839.361,4.112,-0.0001,0.9781
10840.361,4.112,0,0.9781
10841.363,4.112,-0.0002,0.9781
10842.362,4.112,-0.0001,0.9781
10843.361,4.108,0.0001,0.9781
10844.36,4.108,-0.0001,0.9781
10845.358,4.112,0.0002,0.9781
10846.348,4.112,-0.0002,0.9781
10847.363,4.112,-0.0001,0.9781
10848.363,4.112,0.0001,0.9781
10849.363,4.112,0.0001,0.9781
10850.349,4.112,0.0001,0.9781
10851.356,4.112,-0.0002,0.9781
10852.35,4.112,0.0001,0.9781
10853.349,4.112,0.0002,0.9781
10854.349,4.112,-0.0002,0.9781
10855.372,4.112,-0.0001,0.9781
10856.351,4.112,0,0.9781
10857.357,4.112,0.0002,0.9781
10858.349,4.112,-0.0002,0.9781
10859.349,4.112,0.0001,0.9781
10860.349,4.112,0.0001,0.9781
10861.35,4.108,-0.0004,0.9781
10862.348,4.112,-0.0002,0.9781
10863.349,4.108,0,0.9781
10864.348,4.108,0,0.9781
10865.351,4.112,0,0.9781
10866.351,4.112,-0.0002,0.9781
10867.353,4.112,0.0002,0.9781
10868.352,4.112,0.0001,0.9781
10869.348,4.112,0,0.9781
10870.353,4.108,-0.0002,0.9781
10871.35,4.112,0,0.9781
10872.352,4.112,0.0003,0.9781
10873.351,4.112,-0.0002,0.9781
10874.361,4.116,0.0001,0.9781
10875.353,4.112,0.0001,0.9781
10876.352,4.112,0,0.9781
10877.349,4.112,0.0001,0.9781
10878.35,4.112,-0.0001,0.9781
10879.352,4.108,0,0.9781
10880.352,4.112,0.0001,0.9781
10881.369,4.112,-0.0002,0.9781
10882.354,4.112,-0.0001,0.9781
10883.353,4.112,-0.0001,0.9781
10884.353,4.112,0.0001,0.9781
10885.354,4.112,0.0002,0.9781
10886.353,4.112,0.0002,0.9781
10887.354,4.112,0,0.9781
10888.354,4.108,0.0002,0.9781
10889.354,4.112,0,0.9781
10890.355,4.112,-0.0002,0.9781
10891.355,4.112,-0.0002,0.9781
10892.355,4.108,-0.0001,0.9781
10893.352,4.108,0.0001,0.9781
10894.355,4.112,-0.0001,0.9781
10895.358,4.112,0.0001,0.9781
10896.355,4.112,-0.0002,0.9781
10897.356,4.112,0,0.9781
10898.356,4.112,0.0001,0.9781
10899.355,4.112,0.0001,0.9781
10900.357,4.112,0.0001,0.9781
10901.357,4.112,0.0001,0.9781
10902.357,4.112,-0.0001,0.9781
10903.357,4.108,0,0.9781
10904.36,4.112,0.0002,0.9781
10905.357,4.112,0.0001,0.9781
10906.361,4.112,0,0.9781
10907.358,4.112,0.0001,0.9781
10908.357,4.112,0.0001,0.9781
10909.358,4.112,0.0001,0.9781
10910.36,4.112,-0.0001,0.9781
10911.347,4.108,0.0002,0.9781
10912.358,4.112,-0.0003,0.9781
10913.36,4.112,0,0.9781
10914.359,4.112,0.0001,0.9781
10915.357,4.108,-0.0001,0.9781
10916.359,4.108,0,0.9781
10917.36,4.108,-0.0001,0.9781
10918.39,4.112,-0.0001,0.9781
10919.361,4.112,0.0001,0.9781
10920.362,4.112,-0.0001,0.9781
10921.361,4.108,0,0.9781
10922.349,4.112,0,0.9781
10923.346,4.112,-0.0001,0.9781
10924.36,4.108,-0.0003,0.9781
10925.35,4.112,-0.0002,0.9781
10926.349,4.112,-0.0001,0.9781
10927.348,4.112,0.0001,0.9781
10928.348,4.112,0,0.9781
10929.351,4.112,-0.0001,0.9781
10930.349,4.112,0,0.9781
10931.346,4.112,-0.0002,0.9781
10932.346,4.108,0.0001,0.9781
10933.347,4.112,0,0.9781
10934.347,4.112,0.0001,0.9781
10935.347,4.112,-0.0001,0.9781
10936.347,4.112,0.0003,0.9781
10937.347,4.112,0.0002,0.9781
10938.348,4.112,-0.0002,0.9781
10939.37,4.112,0,0.9781
10940.359,4.112,-0.0001,0.9781
10941.35,4.112,0,0.9781
10942.361,4.112,0,0.9781
10943.347,4.112,-0.0002,0.9781
10944.347,4.108,-0.0001,0.9781
10945.357,4.112,0.0001,0.9781
10946.349,4.112,-0.0002,0.9781
10947.36,4.112,-0.0003,0.9781
10948.349,4.112,-0.0001,0.9781
10949.348,4.112,0,0.9781
10950.346,4.112,0,0.9781
10951.349,4.112,0,0.9781
10952.348,4.108,0,0.9781
10953.351,4.112,-0.0002,0.9781
10954.366,4.116,0.0002,0.9781
10955.348,4.112,-0.0001,0.9781
10956.349,4.112,-0.0001,0.9781
10957.352,4.108,0,0.9781
10958.349,4.112,0.0001,0.9781
10959.381,4.108,-0.0001,0.9781
10960.355,4.108,-0.0002,0.9781
10961.359,4.112,0.0001,0.9781
10962.357,4.112,0.0001,0.9781
10963.353,4.108,-0.0002,0.9781
10964.346,4.112,0.0001,0.9781
10965.357,4.112,0.0003,0.9781
10966.352,4.108,0.0001,0.9781
10967.346,4.112,0.0002,0.9781
10968.358,4.108,0,0.9781
10969.356,4.112,-0.0001,0.9781
10970.352,4.112,0.0001,0.9781
10971.354,4.108,0.0003,0.9781
10972.345,4.112,0.0001,0.9781
10973.353,4.112,0.0001,0.9781
10974.358,4.112,-0.0002,0.9781
10975.358,4.112,-0.0003,0.9781
10976.353,4.108,0.0002,0.9781
10977.363,4.112,-0.0001,0.9781
10978.358,4.112,0.0001,0.9781
10979.356,4.112,0.0002,0.9781
10980.355,4.108,0,0.9781
10981.359,4.112,-0.0001,0.9781
10982.355,4.112,0,0.9781
10983.346,4.112,-0.0001,0.9781
10984.352,4.108,0,0.9781
10985.35,4.112,0,0.9781
10986.355,4.112,-0.0001,0.9781
10987.351,4.112,-0.0001,0.9781
10988.358,4.108,0,0.9781
10989.356,4.112,0.0001,0.9781
10990.344,4.108,0,0.9781
10991.347,4.112,0,0.9781
10992.358,4.112,-0.0001,0.9781
10993.354,4.112,-0.0001,0.9781
10994.357,4.112,0.0001,0.9781
10995.344,4.112,-0.0003,0.9781
10996.344,4.108,0.0002,0.9781
10997.357,4.112,0.0001,0.9781
10998.348,4.112,0.0002,0.9781
10999.358,4.112,-0.0002,0.9781
11000.359,4.112,0.0003,0.9781
11001.359,4.108,-0.0001,0.9781
11002.358,4.108,0.0002,0.9781
11003.344,4.112,0.0001,0.9781
11004.346,4.112,0.0001,0.9781
11005.346,4.108,0.0002,0.9781
11006.344,4.108,0,0.9781
11007.345,4.112,-0.0002,0.9781
11008.345,4.112,0,0.9781
11009.345,4.112,0,0.9781
11010.345,4.108,0,0.9781
11011.345,4.112,0,0.9781
11012.349,4.112,-0.0001,0.9781
11013.346,4.108,0,0.9781
11014.352,4.112,-0.0001,0.9781
11015.346,4.112,0.0001,0.9781
11016.345,4.112,0.0001,0.9781
11017.35,4.112,-0.0001,0.9781
11018.346,4.108,0.0001,0.9781
11019.347,4.108,-0.0001,0.9781
11020.343,4.108,-0.0001,0.9781
11021.347,4.112,0,0.9781
11022.348,4.112,-0.0002,0.9781
11023.357,4.112,0.0001,0.9781
11024.35,4.112,0,0.9781
11025.347,4.112,-0.0001,0.9781
11026.348,4.112,0.0001,0.9781
11027.344,4.112,-0.0001,0.9781
11028.348,4.108,0.0003,0.9781
11029.348,4.112,-0.0002,0.9781
11030.346,4.112,-0.0002,0.9781
11031.35,4.108,0,0.9781
11032.349,4.108,0.0002,0.9781
11033.355,4.108,0.0002,0.9781
11034.35,4.112,0,0.9781
11035.35,4.112,0,0.9781
11036.352,4.112,0,0.9781
11037.35,4.112,0.0002,0.9781
11038.348,4.112,-0.0001,0.9781
11039.349,4.108,0.0001,0.9781
11040.353,4.112,0.0001,0.9781
11041.353,4.108,0,0.9781
11042.352,4.108,0.0001,0.9781
11043.352,4.112,0.0002,0.9781
11044.351,4.108,0.0003,0.9781
11045.352,4.112,-0.0001,0.9781
11046.356,4.112,0.0002,0.9781
11047.353,4.112,0,0.9781
11048.353,4.108,-0.0001,0.9781
11049.353,4.112,-0.0001,0.9781
11050.353,4.108,-0.0001,0.9781
11051.354,4.108,0.0001,0.9781
11052.353,4.108,0.0001,0.9781
11053.354,4.112,0.0002,0.9781
11054.35,4.108,0,0.9781
11055.355,4.108,0,0.9781
11056.357,4.112,-0.0002,0.9781
11057.342,4.108,0,0.9781
11058.357,4.112,0.0001,0.9781
11059.355,4.112,-0.0002,0.9781
11060.353,4.112,-0.0001,0.9781
11061.356,4.108,0.0002,0.9781
11062.343,4.108,-0.0001,0.9781
11063.342,4.112,-0.0001,0.9781
11064.355,4.108,0,0.9781
11065.345,4.108,-0.0001,0.9781
11066.346,4.112,0.0001,0.9781
11067.344,4.112,-0.0001,0.9781
11068.344,4.112,0,0.9781
11069.356,4.112,0.0001,0.9781
11070.342,4.112,0.0002,0.9781
11071.37,4.112,-0.0001,0.9781
11072.346,4.112,-0.0003,0.9781
11073.356,4.112,-0.0002,0.9781
11074.344,4.112,0,0.9781
11075.346,4.108,0,0.9781
11076.357,4.108,-0.0003,0.9781
11077.343,4.112,0,0.9781
11078.358,4.112,-0.0001,0.9781
11079.344,4.112,0.0002,0.9781
11080.355,4.108,-0.0257,0.9781
11081.343,4.132,0.2561,0.9781
11082.343,4.136,0.252,0.9782
11083.343,4.132,0.2538,0.9783
11084.343,4.136,0.2537,0.9783
11085.342,4.136,0.2528,0.9784
11086.343,4.136,0.2487,0.9784
11087.346,4.136,0.2458,0.9785
11088.347,4.136,0.2374,0.9785
11089.342,4.136,0.2375,0.9786
11090.345,4.136,0.2357,0.9787
11091.344,4.14,0.2363,0.9787
11092.349,4.136,0.2356,0.9788
11093.346,4.136,0.2342,0.9788
11094.344,4.14,0.2333,0.9789
11095.345,4.136,0.2314,0.9789
11096.346,4.14,0.2314,0.979
11097.344,4.14,0.2366,0.979
11098.346,4.14,0.2372,0.9791
11099.345,4.14,0.2397,0.9791
11100.35,4.144,0.2365,0.9792
11101.346,4.144,0.2378,0.9793
11102.347,4.14,0.2345,0.9793
11103.347,4.14,0.2351,0.9794
11104.347,4.144,0.2341,0.9794
11105.348,4.14,0.231,0.9795
11106.352,4.144,0.2316,0.9795
11107.348,4.144,0.2267,0.9796
11108.348,4.144,0.2318,0.9796
11109.348,4.144,0.228,0.9797
11110.349,4.144,0.2281,0.9797
11111.352,4.144,0.2293,0.9798
11112.349,4.144,0.2298,0.9798
11113.352,4.148,0.2217,0.9799
11114.341,4.144,0.2248,0.9799
11115.349,4.148,0.2233,0.98
11116.35,4.148,0.2181,0.9801
11117.35,4.144,0.2154,0.9801
11118.35,4.144,0.2106,0.9802
11119.35,4.148,0.2101,0.9802
11120.35,4.148,0.2139,0.9802
11121.351,4.148,0.2195,0.9803
11122.343,4.148,0.2213,0.9804
11123.353,4.148,0.2177,0.9804
11124.351,4.148,0.2156,0.9805
11125.351,4.148,0.215,0.9805
11126.354,4.148,0.2218,0.9806
11127.352,4.152,0.2121,0.9806
11128.352,4.148,0.2065,0.9806
11129.354,4.148,0.2066,0.9807
11130.342,4.148,0.2044,0.9807
11131.346,4.152,0.2057,0.9808
11132.34,4.148,0.2025,0.9808
11133.349,4.148,0.2039,0.9809
11134.353,4.148,0.2103,0.9809
11135.34,4.148,0.2036,0.981
11136.341,4.148,0.2057,0.981
11137.342,4.148,0.2065,0.9811
11138.343,4.152,0.2037,0.9811
11139.342,4.148,0.2077,0.9812
11140.34,4.148,0.203,0.9812
11141.353,4.148,0.1969,0.9813
11142.352,4.152,0.204,0.9813
11143.353,4.148,0.1993,0.9814
11144.352,4.152,0.2038,0.9814
11145.355,4.152,0.207,0.9815
11146.349,4.152,0.1968,0.9815
11147.341,4.152,0.199,0.9815
11148.342,4.152,0.2007,0.9816
11149.34,4.152,0.2058,0.9816
11150.339,4.148,0.2017,0.9817
11151.342,4.152,0.1999,0.9817
11152.342,4.152,0.2026,0.9818
11153.355,4.152,0.2008,0.9818
11154.356,4.152,0.1993,0.9819
11155.353,4.152,0.1919,0.9819
11156.352,4.152,0.1904,0.982
11157.348,4.152,0.1907,0.982
11158.347,4.148,0.1909,0.982
11159.354,4.152,0.1942,0.9821
11160.347,4.152,0.1909,0.9821
11161.342,4.152,0.1968,0.9822
11162.342,4.152,0.1963,0.9822
11163.347,4.156,0.1953,0.9823
11164.355,4.152,0.1951,0.9823
11165.343,4.152,0.1876,0.9824
11166.344,4.152,0.1899,0.9824
11167.343,4.152,0.1955,0.9825
11168.345,4.152,0.1948,0.9825
11169.344,4.152,0.1977,0.9825
11170.348,4.156,0.1992,0.9826
11171.348,4.152,0.1886,0.9826
11172.345,4.156,0.185,0.9827
11173.348,4.152,0.1861,0.9827
11174.352,4.156,0.1915,0.9828
11175.345,4.156,0.1954,0.9828
11176.339,4.152,0.1849,0.9829
11177.345,4.156,0.1882,0.9829
11178.349,4.156,0.1851,0.9829
11179.35,4.152,0.1812,0.983
11180.348,4.156,0.1828,0.983
11181.347,4.152,0.184,0.9831
11182.346,4.156,0.179,0.9831
11183.345,4.156,0.181,0.9831
11184.347,4.156,0.1882,0.9832
11185.347,4.156,0.187,0.9832
11186.35,4.152,0.1852,0.9833
11187.347,4.156,0.1862,0.9833
11188.349,4.156,0.1892,0.9834
11189.352,4.156,0.1831,0.9834
11190.339,4.156,0.1839,0.9834
11191.342,4.156,0.1877,0.9835
11192.348,4.156,0.1848,0.9835
11193.344,4.156,0.1825,0.9836
11194.363,4.16,0.1808,0.9836
11195.349,4.156,0.1867,0.9837
11196.353,4.156,0.1819,0.9837
11197.349,4.156,0.1746,0.9837
11198.34,4.156,0.1732,0.9838
11199.343,4.156,0.172,0.9838
11200.354,4.156,0.1719,0.9839
11201.339,4.156,0.1749,0.9839
11202.338,4.152,0.1664,0.9839
11203.339,4.156,0.169,0.984
11204.351,4.156,0.1786,0.984
11205.351,4.16,0.1761,0.9841
11206.344,4.16,0.1741,0.9841
11207.342,4.156,0.1766,0.9841
11208.339,4.156,0.1754,0.9842
11209.339,4.156,0.1713,0.9842
11210.34,4.156,0.167,0.9843
11211.339,4.156,0.1666,0.9843
11212.342,4.156,0.1717,0.9843
11213.339,4.156,0.1708,0.9844
11214.34,4.152,0.1702,0.9844
11215.343,4.16,0.1751,0.9845
11216.34,4.16,0.1764,0.9845
11217.341,4.16,0.167,0.9845
11218.341,4.16,0.1651,0.9846
11219.341,4.156,0.1691,0.9846
11220.347,4.156,0.1662,0.9847
11221.352,4.156,0.17,0.9847
11222.341,4.16,0.1781,0.9847
11223.339,4.16,0.1761,0.9848
11224.338,4.16,0.1749,0.9848
11225.343,4.16,0.1716,0.9849
11226.343,4.16,0.173,0.9849
11227.339,4.16,0.172,0.9849
11228.343,4.164,0.1722,0.985
11229.342,4.156,0.1652,0.985
11230.342,4.156,0.161,0.9851
11231.339,4.16,0.1636,0.9851
11232.339,4.16,0.1647,0.9851
11233.34,4.16,0.1707,0.9852
11234.338,4.16,0.1704,0.9852
11235.344,4.16,0.168,0.9852
11236.344,4.16,0.1676,0.9853
11237.344,4.16,0.1614,0.9853
11238.345,4.16,0.1637,0.9854
11239.345,4.16,0.1574,0.9854
11240.347,4.16,0.1628,0.9854
11241.346,4.16,0.1626,0.9855
11242.345,4.16,0.1647,0.9855
11243.342,4.16,0.1701,0.9856
11244.342,4.16,0.1638,0.9856
11245.343,4.164,0.1672,0.9856
11246.347,4.16,0.1622,0.9857
11247.346,4.164,0.1617,0.9857
11248.343,4.16,0.1645,0.9857
11249.343,4.16,0.1591,0.9858
11250.344,4.164,0.1695,0.9858
11251.343,4.16,0.173,0.9859
11252.342,4.16,0.1694,0.9859
11253.344,4.16,0.1678,0.9859
11254.344,4.16,0.1719,0.986
11255.344,4.164,0.1672,0.986
11256.358,4.16,0.1602,0.9861
11257.347,4.16,0.1649,0.9861
11258.346,4.164,0.1645,0.9861
11259.346,4.164,0.1639,0.9862
11260.343,4.164,0.1617,0.9862
11261.346,4.16,0.1631,0.9862
11262.347,4.164,0.1617,0.9863
11263.344,4.16,0.1568,0.9863
11264.346,4.164,0.1548,0.9863
11265.348,4.164,0.1523,0.9864
11266.341,4.164,0.1513,0.9864
11267.348,4.164,0.1517,0.9865
11268.342,4.164,0.1483,0.9865
11269.338,4.16,0.149,0.9865
11270.338,4.16,0.1464,0.9866
11271.347,4.16,0.1496,0.9866
11272.345,4.164,0.1547,0.9866
11273.348,4.16,0.154,0.9867
11274.346,4.164,0.1474,0.9867
11275.346,4.164,0.1538,0.9867
11276.348,4.164,0.1539,0.9868
11277.349,4.164,0.1553,0.9868
11278.349,4.16,0.1544,0.9868
11279.349,4.16,0.1542,0.9869
11280.349,4.16,0.1547,0.9869
11281.35,4.164,0.1547,0.9869
11282.351,4.164,0.16,0.987
11283.348,4.164,0.1465,0.987
11284.338,4.164,0.1477,0.9871
11285.34,4.164,0.1494,0.9871
11286.351,4.164,0.1485,0.9871
11287.349,4.16,0.1456,0.9872
11288.349,4.16,0.1483,0.9872
11289.35,4.164,0.1534,0.9872
11290.347,4.16,0.1512,0.9873
11291.359,4.164,0.15,0.9873
11292.339,4.164,0.1463,0.9873
11293.351,4.164,0.1492,0.9874
11294.335,4.164,0.145,0.9874
11295.344,4.164,0.142,0.9874
11296.345,4.164,0.1424,0.9875
11297.336,4.164,0.1448,0.9875
11298.341,4.164,0.1463,0.9875
11299.343,4.168,0.1558,0.9876
11300.336,4.164,0.1577,0.9876
11301.337,4.168,0.1545,0.9876
11302.337,4.168,0.1564,0.9877
11303.337,4.168,0.1519,0.9877
11304.345,4.164,0.158,0.9877
11305.337,4.164,0.1543,0.9878
11306.338,4.168,0.1502,0.9878
11307.338,4.164,0.1452,0.9879
11308.342,4.164,0.1472,0.9879
11309.337,4.164,0.1426,0.9879
11310.339,4.164,0.1482,0.988
11311.335,4.168,0.1469,0.988
11312.343,4.168,0.1428,0.988
11313.339,4.168,0.146,0.9881
11314.346,4.164,0.1484,0.9881
11315.343,4.168,0.1488,0.9881
11316.34,4.164,0.149,0.9882
11317.34,4.164,0.1502,0.9882
11318.34,4.168,0.1447,0.9882
11319.34,4.168,0.1444,0.9883
11320.347,4.168,0.144,0.9883
11321.335,4.164,0.1424,0.9883
11322.339,4.168,0.1425,0.9884
11323.344,4.168,0.1486,0.9884
11324.345,4.164,0.1414,0.9884
11325.347,4.168,0.1418,0.9885
11326.342,4.168,0.1477,0.9885
11327.343,4.168,0.1486,0.9885
11328.343,4.168,0.1438,0.9886
11329.347,4.168,0.141,0.9886
11330.343,4.164,0.1389,0.9886
11331.335,4.168,0.1406,0.9887
11332.344,4.164,0.1379,0.9887
11333.336,4.168,0.1376,0.9887
11334.346,4.164,0.1379,0.9888
11335.349,4.168,0.1359,0.9888
11336.348,4.168,0.14,0.9888
11337.347,4.168,0.1391,0.9888
11338.345,4.168,0.1374,0.9889
11339.345,4.168,0.1405,0.9889
11340.335,4.168,0.1391,0.9889
11341.35,4.164,0.1322,0.989
11342.349,4.168,0.1418,0.989
11343.343,4.164,0.1309,0.989
11344.335,4.168,0.1369,0.9891
11345.344,4.168,0.1345,0.9891
11346.345,4.168,0.1328,0.9891
11347.368,4.168,0.1338,0.9892
11348.341,4.168,0.1337,0.9892
11349.359,4.168,0.1349,0.9892
11350.347,4.168,0.137,0.9893
11351.348,4.168,0.1407,0.9893
11352.336,4.168,0.1439,0.9893
11353.348,4.168,0.1358,0.9894
11354.342,4.168,0.1329,0.9894
11355.344,4.168,0.1331,0.9894
11356.337,4.168,0.1389,0.9894
11357.336,4.168,0.1353,0.9895
11358.336,4.168,0.1441,0.9895
11359.334,4.168,0.1417,0.9895
11360.335,4.168,0.1387,0.9896
11361.348,4.168,0.1342,0.9896
11362.353,4.168,0.1341,0.9896
11363.337,4.168,0.1393,0.9897
11364.335,4.168,0.1409,0.9897
11365.35,4.172,0.136,0.9897
11366.337,4.168,0.1363,0.9898
11367.336,4.168,0.1353,0.9898
11368.338,4.168,0.1364,0.9898
11369.338,4.168,0.1312,0.9899
11370.338,4.172,0.1314,0.9899
11371.337,4.168,0.1307,0.9899
11372.338,4.168,0.1339,0.99
11373.339,4.168,0.1405,0.99
11374.34,4.168,0.1339,0.99
11375.34,4.168,0.1316,0.99
11376.339,4.168,0.1299,0.9901
11377.34,4.172,0.1269,0.9901
11378.339,4.168,0.1294,0.9901
11379.339,4.172,0.1298,0.9902
11380.339,4.168,0.138,0.9902
11381.34,4.168,0.1299,0.9902
11382.34,4.172,0.1372,0.9903
11383.339,4.168,0.1337,0.9903
11384.341,4.172,0.1304,0.9903
11385.337,4.168,0.1305,0.9904
11386.341,4.172,0.128,0.9904
11387.342,4.172,0.1272,0.9904
11388.342,4.168,0.1307,0.9904
11389.343,4.168,0.1293,0.9905
11390.342,4.172,0.1315,0.9905
11391.343,4.172,0.1263,0.9905
11392.342,4.172,0.127,0.9906
11393.344,4.172,0.1272,0.9906
11394.342,4.168,0.1344,0.9906
11395.338,4.172,0.1318,0.9907
11396.34,4.172,0.1251,0.9907
11397.335,4.172,0.127,0.9907
11398.339,4.168,0.1221,0.9907
11399.345,4.168,0.122,0.9908
11400.345,4.172,0.1244,0.9908
11401.335,4.172,0.1199,0.9908
11402.345,4.172,0.1253,0.9909
11403.344,4.172,0.1261,0.9909
11404.346,4.172,0.1273,0.9909
11405.345,4.172,0.121,0.9909
11406.346,4.172,0.1243,0.991
11407.335,4.172,0.1211,0.991
11408.344,4.172,0.1269,0.991
11409.333,4.172,0.1237,0.9911
11410.345,4.172,0.1234,0.9911
11411.346,4.168,0.1309,0.9911
11412.347,4.172,0.1281,0.9911
11413.343,4.172,0.1258,0.9912
11414.345,4.172,0.1292,0.9912
11415.344,4.172,0.1275,0.9912
11416.344,4.172,0.1299,0.9913
11417.332,4.172,0.124,0.9913
11418.333,4.172,0.1287,0.9913
11419.346,4.176,0.1288,0.9913
11420.336,4.172,0.1301,0.9914
11421.344,4.172,0.1247,0.9914
11422.341,4.168,0.1174,0.9914
11423.334,4.172,0.1265,0.9915
11424.345,4.172,0.1273,0.9915
11425.335,4.168,0.1279,0.9915
11426.334,4.172,0.1272,0.9916
11427.349,4.172,0.1253,0.9916
11428.344,4.172,0.1173,0.9916
11429.339,4.172,0.1153,0.9916
11430.343,4.172,0.1237,0.9917
11431.344,4.172,0.1226,0.9917
11432.344,4.176,0.1244,0.9917
11433.345,4.172,0.119,0.9917
11434.341,4.172,0.1165,0.9918
11435.346,4.172,0.1203,0.9918
11436.342,4.172,0.1175,0.9918
11437.345,4.172,0.1165,0.9919
11438.342,4.172,0.1172,0.9919
11439.345,4.176,0.1196,0.9919
11440.343,4.172,0.1236,0.9919
11441.345,4.172,0.1192,0.992
11442.346,4.172,0.1175,0.992
11443.34,4.172,0.1196,0.992
11444.336,4.172,0.1195,0.9921
11445.345,4.172,0.1264,0.9921
11446.341,4.172,0.1257,0.9921
11447.346,4.172,0.1242,0.9921
11448.343,4.172,0.1202,0.9922
11449.335,4.172,0.1176,0.9922
11450.335,4.172,0.1192,0.9922
11451.342,4.176,0.124,0.9922
11452.335,4.176,0.1175,0.9923
11453.336,4.172,0.1185,0.9923
11454.336,4.172,0.1169,0.9923
11455.336,4.172,0.1182,0.9924
11456.335,4.172,0.1169,0.9924
11457.336,4.172,0.1177,0.9924
11458.333,4.172,0.1146,0.9924
11459.359,4.172,0.1172,0.9925
11460.343,4.176,0.1219,0.9925
11461.338,4.176,0.1172,0.9925
11462.336,4.176,0.1179,0.9925
11463.333,4.176,0.1206,0.9926
11464.341,4.176,0.1129,0.9926
11465.336,4.176,0.1187,0.9926
11466.341,4.164,-0.0001,0.9926
11467.333,4.164,0.0001,0.9926
11468.337,4.164,-0.0001,0.9926
11469.346,4.164,0.0002,0.9926
11470.341,4.16,-0.0002,0.9926
11471.342,4.16,-0.0001,0.9926
11472.339,4.16,0.0002,0.9926
11473.34,4.16,0,0.9926
11474.344,4.16,0.0001,0.9926
11475.34,4.16,-0.0001,0.9926
11476.331,4.16,-0.0001,0.9926
11477.34,4.16,-0.0001,0.9926
11478.344,4.16,0.0001,0.9926
11479.339,4.16,-0.0001,0.9926
11480.332,4.156,0.0001,0.9926
11481.339,4.156,-0.0002,0.9926
11482.333,4.16,0.0002,0.9926
11483.335,4.156,-0.0001,0.9926
11484.34,4.156,0,0.9926
11485.341,4.156,0,0.9926
11486.331,4.156,-0.0001,0.9926
11487.337,4.156,0.0001,0.9926
11488.338,4.156,0,0.9926
11489.337,4.156,-0.0001,0.9926
11490.341,4.156,0.0001,0.9926
11491.342,4.156,0,0.9926
11492.34,4.156,-0.0001,0.9926
11493.336,4.156,0.0001,0.9926
11494.339,4.16,0,0.9926
11495.342,4.152,-0.0002,0.9926
11496.332,4.156,0,0.9926
11497.33,4.152,0.0001,0.9926
11498.331,4.152,0,0.9926
11499.33,4.156,-0.0002,0.9926
11500.331,4.156,-0.0001,0.9926
11501.344,4.152,0.0001,0.9926
11502.343,4.152,0.0001,0.9926
11503.332,4.152,0.0001,0.9926
11504.343,4.152,0,0.9926
11505.331,4.156,0.0001,0.9926
11506.33,4.152,-0.0001,0.9926
11507.33,4.152,-0.0001,0.9926
11508.333,4.152,-0.0001,0.9926
11509.335,4.152,-0.0002,0.9926
11510.333,4.152,0.0002,0.9926
11511.334,4.152,0,0.9926
11512.333,4.152,-0.0001,0.9926
11513.33,4.152,0,0.9926
11514.33,4.152,0,0.9926
11515.33,4.152,0.0001,0.9926
11516.33,4.152,0.0001,0.9926
11517.33,4.152,0,0.9926
11518.331,4.148,-0.0001,0.9926
11519.334,4.148,0,0.9926
11520.334,4.148,0,0.9926
11521.336,4.152,0.0001,0.9926
11522.335,4.148,0,0.9926
11523.335,4.148,0.0003,0.9926
11524.336,4.148,-0.0001,0.9926
11525.334,4.152,0,0.9926
11526.336,4.152,-0.0001,0.9926
11527.336,4.152,-0.0002,0.9926
11528.337,4.148,0.0004,0.9926
11529.333,4.152,-0.0002,0.9926
11530.333,4.148,0,0.9926
11531.333,4.152,0,0.9926
11532.334,4.148,0.0001,0.9926
11533.333,4.148,0,0.9926
11534.335,4.148,0,0.9926
11535.334,4.148,-0.0001,0.9926
11536.334,4.148,0.0001,0.9926
11537.335,4.148,-0.0001,0.9926
11538.34,4.152,-0.0001,0.9926
11539.335,4.148,-0.0001,0.9926
11540.341,4.148,-0.0001,0.9926
11541.331,4.148,0,0.9926
11542.329,4.148,0.0001,0.9926
11543.337,4.148,-0.0002,0.9926
11544.337,4.152,0,0.9926
11545.337,4.148,0.0001,0.9926
11546.341,4.148,-0.0001,0.9926
11547.341,4.148,0.0002,0.9926
11548.341,4.148,0,0.9926
11549.338,4.152,0.0002,0.9926
11550.341,4.148,0,0.9926
11551.338,4.152,0.0001,0.9926
11552.342,4.148,-0.0001,0.9926
11553.34,4.144,0.0002,0.9926
11554.341,4.148,-0.0001,0.9926
11555.343,4.148,0.0001,0.9926
11556.342,4.148,0.0001,0.9926
11557.331,4.148,0,0.9926
11558.337,4.148,-0.0001,0.9926
11559.339,4.148,0.0001,0.9926
11560.339,4.148,0,0.9926
11561.339,4.148,0,0.9926
11562.338,4.148,-0.0002,0.9926
11563.329,4.144,0,0.9926
11564.328,4.148,0,0.9926
11565.353,4.144,-0.0002,0.9926
11566.328,4.148,-0.0001,0.9926
11567.328,4.148,-0.0002,0.9926
11568.33,4.144,0,0.9926
11569.331,4.144,0,0.9926
11570.33,4.148,-0.0002,0.9926
11571.329,4.148,-0.0001,0.9926
11572.329,4.144,0.0001,0.9926
11573.33,4.148,-0.0002,0.9926
11574.33,4.144,-0.0001,0.9926
11575.33,4.148,0.0002,0.9926
11576.33,4.148,-0.0002,0.9926
11577.329,4.144,0.0003,0.9926
11578.33,4.144,0,0.9926
11579.342,4.148,0.0001,0.9926
11580.347,4.148,0,0.9926
11581.331,4.148,-0.0002,0.9926
11582.332,4.144,0.0001,0.9926
11583.327,4.144,0.0002,0.9926
11584.328,4.144,0.0002,0.9926
11585.328,4.144,0.0001,0.9926
11586.33,4.144,0.0002,0.9926
11587.332,4.144,0,0.9926
11588.328,4.144,0.0001,0.9926
11589.329,4.144,0.0001,0.9926
11590.33,4.144,-0.0002,0.9926
11591.329,4.144,-0.0001,0.9926
11592.332,4.144,-0.0002,0.9926
11593.333,4.148,0.0002,0.9926
11594.329,4.144,-0.0001,0.9926
11595.329,4.144,0,0.9926
11596.334,4.144,0,0.9926
11597.334,4.148,0.0001,0.9926
11598.331,4.144,-0.0002,0.9926
11599.334,4.144,-0.0001,0.9926
11600.335,4.144,-0.0001,0.9926
11601.331,4.144,-0.0001,0.9926
11602.333,4.144,0,0.9926
11603.334,4.144,0,0.9926
11604.335,4.144,-0.0002,0.9926
11605.332,4.144,0.0001,0.9926
11606.335,4.144,0,0.9926
11607.335,4.144,0.0001,0.9926
11608.337,4.144,0.0001,0.9926
11609.328,4.14,0,0.9926
11610.336,4.144,0,0.9926
11611.336,4.144,-0.0001,0.9926
11612.337,4.144,0.0001,0.9926
11613.332,4.144,0,0.9926
11614.336,4.144,-0.0001,0.9926
11615.332,4.144,0,0.9926
11616.338,4.144,-0.0001,0.9926
11617.338,4.144,0.0001,0.9926
11618.339,4.14,0.0002,0.9926
11619.338,4.144,0.0001,0.9926
11620.335,4.144,0,0.9926
11621.338,4.144,0,0.9926
11622.339,4.144,-0.0001,0.9926
11623.326,4.144,0.0001,0.9926
11624.341,4.144,0.0001,0.9926
11625.34,4.144,0.0001,0.9926
11626.34,4.144,0,0.9926
11627.337,4.144,0,0.9926
11628.336,4.144,0,0.9926
11629.34,4.144,0,0.9926
11630.34,4.144,0.0002,0.9926
11631.34,4.144,-0.0001,0.9926
11632.34,4.14,0,0.9926
11633.342,4.14,0,0.9926
11634.34,4.144,0,0.9926
11635.341,4.144,0.0002,0.9926
11636.34,4.144,0.0002,0.9926
11637.338,4.144,0,0.9926
11638.36,4.14,-0.0001,0.9926
11639.327,4.144,0.0001,0.9926
11640.326,4.144,-0.0003,0.9926
11641.326,4.14,0.0001,0.9926
11642.327,4.144,-0.0001,0.9926
11643.341,4.14,0,0.9926
11644.329,4.144,-0.0002,0.9926
11645.327,4.144,0,0.9926
11646.328,4.144,0,0.9926
11647.326,4.14,-0.0001,0.9926
11648.326,4.144,-0.0002,0.9926
11649.326,4.14,0,0.9926
11650.33,4.14,-0.0001,0.9926
11651.328,4.14,-0.0001,0.9926
11652.329,4.14,-0.0001,0.9926
11653.34,4.144,0.0002,0.9926
11654.326,4.14,-0.0001,0.9926
11655.332,4.14,0.0002,0.9926
11656.329,4.14,-0.0001,0.9926
11657.326,4.14,0,0.9926
11658.325,4.144,0.0001,0.9926
11659.33,4.144,0,0.9926
11660.326,4.144,0.0001,0.9926
11661.33,4.14,0,0.9926
11662.327,4.14,0.0002,0.9926
11663.329,4.14,0,0.9926
11664.327,4.14,-0.0003,0.9926
11665.337,4.14,-0.0001,0.9926
11666.326,4.14,0.0001,0.9926
11667.328,4.14,-0.0001,0.9926
11668.328,4.14,-0.0002,0.9926
11669.327,4.14,0.0001,0.9926
11670.328,4.14,0,0.9926
11671.326,4.14,0.0001,0.9926
11672.325,4.14,0,0.9926
11673.329,4.14,0.0001,0.9926
11674.329,4.14,0,0.9926
11675.329,4.14,0.0002,0.9926
11676.332,4.144,0,0.9926
11677.325,4.144,0,0.9926
11678.328,4.144,-0.0003,0.9926
11679.344,4.14,0,0.9926
11680.33,4.144,-0.0002,0.9926
11681.33,4.14,0.0005,0.9926
11682.338,4.14,-0.0001,0.9926
11683.328,4.14,-0.0002,0.9926
11684.338,4.144,0,0.9926
11685.334,4.14,0,0.9926
11686.331,4.14,-0.0001,0.9926
11687.332,4.14,0.0002,0.9926
11688.333,4.14,0.0002,0.9926
11689.332,4.14,0,0.9926
11690.336,4.14,0.0002,0.9926
11691.336,4.14,0.0001,0.9926
11692.335,4.14,0.0001,0.9926
11693.335,4.14,-0.0001,0.9926
11694.336,4.14,0,0.9926
11695.336,4.14,0.0001,0.9926
11696.337,4.14,-0.0001,0.9926
11697.337,4.14,0,0.9926
11698.334,4.14,0,0.9926
11699.325,4.14,0,0.9926
11700.328,4.14,0,0.9926
11701.338,4.144,0,0.9926
11702.336,4.14,0,0.9926
11703.338,4.144,-0.0002,0.9926
11704.336,4.14,0,0.9926
11705.338,4.144,0.0001,0.9926
11706.34,4.14,-0.0001,0.9926
11707.339,4.14,-0.0003,0.9926
11708.338,4.136,0,0.9926
11709.339,4.14,0,0.9926
11710.324,4.14,-0.0001,0.9926
11711.325,4.14,-0.0001,0.9926
11712.332,4.14,0,0.9926
11713.324,4.14,0,0.9926
11714.325,4.14,0,0.9926
11715.326,4.14,0,0.9926
11716.326,4.14,0.0001,0.9926
11717.327,4.14,0,0.9926
11718.325,4.14,0,0.9926
11719.324,4.14,0,0.9926
11720.326,4.14,0.0001,0.9926
11721.327,4.14,0,0.9926
11722.327,4.14,0,0.9926
11723.324,4.14,0.0001,0.9926
11724.326,4.14,0,0.9926
11725.327,4.14,0.0001,0.9926
11726.327,4.14,-0.0003,0.9926
11727.328,4.14,-0.0001,0.9926
11728.323,4.14,0.0003,0.9926
11729.324,4.14,0,0.9926
11730.324,4.14,0.0001,0.9926
11731.324,4.14,0,0.9926
11732.323,4.136,0.0002,0.9926
11733.324,4.136,-0.0002,0.9926
11734.327,4.14,0,0.9926
11735.328,4.136,0.0001,0.9926
11736.323,4.14,0,0.9926
11737.325,4.14,0.0001,0.9926
11738.324,4.14,0,0.9926
11739.325,4.14,0.0001,0.9926
11740.326,4.14,0.0001,0.9926
11741.326,4.136,-0.0002,0.9926
11742.326,4.14,0.0001,0.9926
11743.326,4.14,-0.0001,0.9926
11744.326,4.14,0,0.9926
11745.327,4.14,0.0002,0.9926
11746.327,4.14,0.0002,0.9926
11747.325,4.14,0,0.9926
11748.332,4.14,-0.0001,0.9926
11749.331,4.14,0,0.9926
11750.333,4.136,0,0.9926
11751.327,4.136,0,0.9926
11752.334,4.14,-0.0002,0.9926
11753.329,4.14,0.0002,0.9926
11754.336,4.14,0.0001,0.9926
11755.331,4.14,0.0001,0.9926
11756.332,4.14,0.0002,0.9926
11757.328,4.136,0.0001,0.9926
11758.329,4.136,0,0.9926
11759.334,4.14,0.0001,0.9926
11760.335,4.14,0.0001,0.9926
11761.334,4.14,0,0.9926
11762.337,4.136,0.0002,0.9926
11763.33,4.14,-0.0001,0.9926
11764.323,4.136,-0.0003,0.9926
11765.323,4.136,0.0001,0.9926
11766.329,4.14,0.0001,0.9926
11767.335,4.136,0,0.9926
11768.33,4.136,-0.0001,0.9926
11769.329,4.14,0.0001,0.9926
11770.326,4.14,0.0001,0.9926
11771.332,4.14,0,0.9926
11772.33,4.14,-0.0002,0.9926
11773.332,4.14,0.0001,0.9926
11774.334,4.136,-0.0002,0.9926
11775.328,4.136,-0.0002,0.9926
11776.332,4.14,-0.0002,0.9926
11777.322,4.136,0.0003,0.9926
11778.334,4.14,0.0001,0.9926
11779.322,4.14,-0.0004,0.9926
11780.323,4.136,0.0001,0.9926
11781.322,4.136,0.0001,0.9926
11782.322,4.136,-0.0001,0.9926
11783.322,4.136,0,0.9926
11784.337,4.136,0,0.9926
11785.322,4.136,-0.0001,0.9926
11786.322,4.136,-0.0002,0.9926
11787.322,4.14,-0.0002,0.9926
11788.323,4.136,0.0003,0.9926
11789.323,4.14,0,0.9926
11790.323,4.14,0,0.9926
11791.323,4.136,-0.0001,0.9926
11792.324,4.14,-0.0001,0.9926
11793.321,4.136,0,0.9926
11794.324,4.14,-0.0001,0.9926
11795.323,4.136,0.0001,0.9926
11796.325,4.136,-0.0002,0.9926
11797.326,4.14,0.0001,0.9926
11798.325,4.136,0.0001,0.9926
11799.332,4.14,0.0001,0.9926
11800.327,4.136,-0.0001,0.9926
11801.326,4.136,0,0.9926
11802.322,4.136,-0.0001,0.9926
11803.324,4.136,0,0.9926
11804.346,4.14,0.0001,0.9926
11805.325,4.136,0.0001,0.9926
11806.327,4.136,0.0001,0.9926
11807.323,4.136,0.0001,0.9926
11808.322,4.14,0,0.9926
11809.322,4.136,-0.0001,0.9926
11810.324,4.14,-0.0001,0.9926
11811.324,4.14,0.0001,0.9926
11812.327,4.14,-0.0001,0.9926
11813.325,4.14,0.0001,0.9926
11814.329,4.14,0,0.9926
11815.329,4.136,-0.0001,0.9926
11816.325,4.14,0,0.9926
11817.325,4.14,0.0001,0.9926
11818.327,4.136,-0.0001,0.9926
11819.328,4.14,0.0001,0.9926
11820.328,4.14,-0.0001,0.9926
11821.332,4.136,0,0.9926
11822.326,4.14,0,0.9926
11823.326,4.14,-0.0002,0.9926
11824.325,4.14,-0.0001,0.9926
11825.33,4.136,0,0.9926
11826.33,4.136,-0.0001,0.9926
11827.326,4.136,0.0001,0.9926
11828.33,4.136,0,0.9926
11829.328,4.136,-0.0002,0.9926
11830.327,4.136,-0.0001,0.9926
11831.327,4.136,0,0.9926
11832.328,4.136,0.0001,0.9926
11833.328,4.136,-0.0001,0.9926
11834.328,4.14,-0.0001,0.9926
11835.328,4.136,0.0001,0.9926
11836.332,4.136,0.0001,0.9926
11837.329,4.14,0.0001,0.9926
11838.332,4.136,0,0.9926
11839.329,4.136,-0.0002,0.9926
11840.331,4.136,0.0002,0.9926
11841.329,4.14,0.0001,0.9926
11842.329,4.136,-0.0001,0.9926
11843.334,4.136,0,0.9926
11844.33,4.14,0.0001,0.9926
11845.33,4.136,0.0002,0.9926
11846.33,4.136,-0.0002,0.9926
11847.331,4.136,0.0001,0.9926
11848.331,4.136,0.0001,0.9926
11849.331,4.136,0.0001,0.9926
11850.331,4.136,0,0.9926
11851.331,4.136,0.0002,0.9926
11852.331,4.14,0.0005,0.9926
11853.332,4.14,-0.0001,0.9926
11854.332,4.136,0.0002,0.9926
11855.335,4.136,-0.0002,0.9926
11856.325,4.136,-0.0002,0.9926
11857.331,4.136,0.0001,0.9926
11858.334,4.14,-0.0002,0.9926
11859.322,4.136,0,0.9926
11860.322,4.136,-0.0002,0.9926
11861.322,4.136,0.0002,0.9926
11862.321,4.136,-0.0001,0.9926
11863.32,4.136,0,0.9926
11864.322,4.136,-0.0002,0.9926
11865.322,4.14,0,0.9926
11866.321,4.136,-0.0001,0.9926
11867.334,4.136,0,0.9926
11868.333,4.136,0,0.9926
11869.324,4.136,0.0001,0.9926
11870.322,4.136,0,0.9926
11871.322,4.136,-0.0001,0.9926
11872.321,4.136,0,0.9926
11873.319,4.136,-0.0001,0.9926
11874.319,4.136,0,0.9926
11875.319,4.132,0,0.9926
11876.319,4.136,0.0001,0.9926
11877.319,4.136,0.0001,0.9926
11878.32,4.136,0,0.9926
11879.322,4.136,0,0.9926
11880.323,4.136,-0.0001,0.9926
11881.322,4.136,0.0002,0.9926
11882.323,4.136,0.0002,0.9926
11883.321,4.136,0.0001,0.9926
11884.331,4.136,-0.0003,0.9926
11885.321,4.14,0.0001,0.9926
11886.322,4.136,0,0.9926
11887.329,4.136,0,0.9926
11888.322,4.136,-0.0002,0.9926
11889.326,4.136,0,0.9926
11890.328,4.136,0.0002,0.9926
11891.322,4.136,0,0.9926
11892.323,4.136,0.0001,0.9926
11893.323,4.136,0,0.9926
11894.323,4.136,-0.0001,0.9926
11895.323,4.136,0,0.9926
11896.323,4.136,0,0.9926
11897.323,4.132,0.0002,0.9926
11898.329,4.14,0,0.9926
11899.325,4.136,0,0.9926
11900.325,4.136,0.0001,0.9926
11901.326,4.136,0.0002,0.9926
11902.326,4.136,-0.0001,0.9926
11903.328,4.136,-0.0001,0.9926
11904.326,4.132,0.0001,0.9926
11905.326,4.136,0.0001,0.9926
11906.326,4.136,0.0001,0.9926
11907.326,4.136,0.0001,0.9926
11908.327,4.136,-0.0002,0.9926
11909.319,4.136,-0.0001,0.9926
11910.331,4.136,0.0001,0.9926
11911.327,4.132,-0.0001,0.9926
11912.318,4.136,0.0001,0.9926
11913.333,4.136,0.0001,0.9926
11914.331,4.136,-0.0001,0.9926
11915.327,4.136,0.0001,0.9926
11916.327,4.136,0.0003,0.9926
11917.318,4.136,0.0001,0.9926
11918.321,4.136,0.0001,0.9926
11919.324,4.136,-0.0001,0.9926
11920.325,4.136,-0.0002,0.9926
11921.319,4.136,-0.0002,0.9926
11922.325,4.136,0.0001,0.9926
11923.327,4.136,0.0001,0.9926
11924.32,4.136,0,0.9926
11925.327,4.136,0,0.9926
11926.318,4.136,0,0.9926
11927.318,4.136,0,0.9926
11928.318,4.14,0,0.9926
11929.318,4.136,0.0001,0.9926
11930.318,4.136,0.0001,0.9926
11931.321,4.136,0.0001,0.9926
11932.318,4.136,0,0.9926
11933.318,4.136,0,0.9926
11934.321,4.132,0.0002,0.9926
11935.318,4.136,0,0.9926
11936.319,4.136,0,0.9926
11937.319,4.136,0,0.9926
11938.319,4.136,0,0.9926
11939.32,4.136,0.0001,0.9926
11940.32,4.136,-0.0002,0.9926
11941.32,4.136,0.0001,0.9926
11942.32,4.132,-0.0002,0.9926
11943.321,4.136,-0.0001,0.9926
11944.32,4.136,-0.0002,0.9926
11945.321,4.136,0,0.9926
11946.317,4.136,0.0002,0.9926
11947.32,4.136,-0.0001,0.9926
11948.321,4.136,0,0.9926
11949.317,4.136,0,0.9926
11950.317,4.136,-0.0002,0.9926
11951.318,4.136,0.0003,0.9926
11952.318,4.136,0,0.9926
11953.32,4.136,0.0001,0.9926
11954.319,4.136,0.0001,0.9926
11955.319,4.132,0,0.9926
11956.319,4.136,-0.0001,0.9926
11957.319,4.132,0.0001,0.9926
11958.319,4.136,-0.0001,0.9926
11959.324,4.136,0.0001,0.9926
11960.32,4.136,0,0.9926
11961.32,4.136,-0.0001,0.9926
11962.32,4.136,0.0001,0.9926
11963.32,4.132,-0.0003,0.9926
11964.32,4.136,0.0004,0.9926
11965.321,4.136,0.0002,0.9926
11966.321,4.136,0,0.9926
11967.321,4.136,0.0001,0.9926
11968.321,4.136,-0.0002,0.9926
11969.321,4.136,0.0002,0.9926
11970.322,4.136,-0.0003,0.9926
11971.326,4.136,0.0001,0.9926
11972.322,4.136,0,0.9926
11973.32,4.136,0,0.9926
11974.323,4.136,0.0001,0.9926
11975.322,4.136,0,0.9926
11976.318,4.136,0.0001,0.9926
11977.321,4.136,-0.0002,0.9926
11978.328,4.136,-0.0001,0.9926
11979.324,4.136,0.0001,0.9926
11980.327,4.136,0,0.9926
11981.317,4.136,0,0.9926
11982.325,4.136,0,0.9926
11983.324,4.136,0.0001,0.9926
11984.325,4.136,0,0.9926
11985.325,4.136,0.0001,0.9926
11986.325,4.132,0,0.9926
11987.325,4.132,0.0001,0.9926
11988.326,4.136,0,0.9926
11989.326,4.136,0.0001,0.9926
11990.33,4.136,0.0002,0.9926
11991.317,4.136,0.0001,0.9926
11992.318,4.132,0,0.9926
11993.324,4.136,0,0.9926
11994.327,4.136,0.0001,0.9926
11995.331,4.132,0.0001,0.9926
11996.327,4.136,-0.0001,0.9926
11997.326,4.14,0,0.9926
11998.316,4.136,-0.0002,0.9926
11999.328,4.136,0,0.9926
12000.316,4.136,0,0.9926
12001.316,4.136,0.0002,0.9926
12002.316,4.136,0,0.9926
12003.318,4.136,-0.0001,0.9926
12004.329,4.136,-0.0001,0.9926
12005.317,4.136,-0.0002,0.9926
12006.347,4.132,0.0003,0.9926
12007.319,4.136,0.0002,0.9926
12008.322,4.132,0.0001,0.9926
12009.316,4.136,0.0002,0.9926
12010.315,4.136,0,0.9926
12011.317,4.132,0.0001,0.9926
12012.317,4.132,-0.0001,0.9926
12013.32,4.132,0,0.9926
12014.321,4.132,-0.0001,0.9926
12015.318,4.132,-0.0001,0.9926
12016.318,4.132,-0.0001,0.9926
12017.319,4.136,0.0001,0.9926
12018.32,4.136,-0.0001,0.9926
12019.319,4.132,-0.0001,0.9926
12020.316,4.132,-0.0001,0.9926
12021.315,4.136,0.0002,0.9926
12022.315,4.132,-0.0001,0.9926
12023.316,4.136,-0.0002,0.9926
12024.316,4.136,0.0002,0.9926
12025.316,4.136,0,0.9926
12026.321,4.136,0.0002,0.9926
12027.316,4.136,0,0.9926
12028.317,4.132,-0.0003,0.9926
12029.317,4.132,-0.0003,0.9926
12030.317,4.136,0.0001,0.9926
12031.322,4.136,0.0001,0.9926
12032.317,4.136,0,0.9926
12033.318,4.136,0,0.9926
12034.318,4.132,-0.0001,0.9926
12035.332,4.132,0,0.9926
12036.318,4.132,0,0.9926
12037.316,4.136,-0.0001,0.9926
12038.321,4.136,0,0.9926
12039.317,4.132,0.0001,0.9926
12040.317,4.136,-0.0001,0.9926
12041.326,4.136,0.0001,0.9926
12042.323,4.132,-0.0001,0.9926
12043.319,4.136,-0.0001,0.9926
12044.323,4.132,0.0001,0.9926
12045.325,4.136,0.0002,0.9926
12046.321,4.136,0.0002,0.9926
12047.321,4.136,0.0002,0.9926
12048.322,4.132,0,0.9926
12049.319,4.136,0.0001,0.9926
12050.317,4.132,0.0001,0.9926
12051.318,4.132,0.0001,0.9926
12052.324,4.132,0.0002,0.9926
12053.326,4.136,-0.0001,0.9926
12054.322,4.136,0.0002,0.9926
12055.314,4.132,0.0001,0.9926
12056.318,4.132,0.0001,0.9926
12057.319,4.132,0,0.9926
12058.322,4.132,0.0001,0.9926
12059.319,4.132,-0.0001,0.9926
12060.314,4.132,0.0001,0.9926
12061.317,4.136,0,0.9926
12062.321,4.136,0.0002,0.9926
12063.328,4.136,0.0001,0.9926
12064.327,4.132,0,0.9926
12065.328,4.136,-0.0001,0.9926
12066.316,4.132,-0.0002,0.9926
12067.324,4.136,0,0.9926
12068.326,4.132,0,0.9926
12069.318,4.132,0,0.9926
12070.323,4.136,0,0.9926
12071.314,4.132,0.0001,0.9926
12072.314,4.132,0.0002,0.9926
12073.319,4.132,-0.0001,0.9926
12074.32,4.136,-0.0002,0.9926
12075.317,4.136,0.0002,0.9926
12076.325,4.132,0,0.9926
12077.315,4.136,0.0001,0.9926
12078.314,4.132,-0.0001,0.9926
12079.328,4.132,0,0.9926
12080.314,4.132,0,0.9926
12081.314,4.136,0.0001,0.9926
12082.316,4.132,-0.0001,0.9926
12083.315,4.136,0.0002,0.9926
12084.315,4.132,-0.0001,0.9926
12085.314,4.132,0,0.9926
12086.317,4.136,0,0.9926
12087.315,4.132,0,0.9926
12088.316,4.132,-0.0001,0.9926
12089.316,4.136,-0.0001,0.9926
12090.316,4.132,-0.0001,0.9926
12091.315,4.132,-0.0001,0.9926
12092.316,4.132,-0.0001,0.9926
12093.313,4.132,0.0001,0.9926
12094.314,4.136,0,0.9926
12095.313,4.136,0.0001,0.9926
12096.314,4.132,-0.0003,0.9926
12097.317,4.136,0.0001,0.9926
12098.314,4.132,-0.0001,0.9926
12099.317,4.132,0.0001,0.9926
12100.316,4.132,-0.0001,0.9926
12101.315,4.132,0.0002,0.9926
12102.315,4.132,-0.0001,0.9926
12103.315,4.136,0.0001,0.9926
12104.316,4.132,0.0001,0.9926
12105.316,4.136,0,0.9926
12106.316,4.132,0,0.9926
12107.316,4.132,0.0002,0.9926
12108.316,4.136,0.0002,0.9926
12109.319,4.132,0.0001,0.9926
12110.316,4.136,0.0002,0.9926
12111.317,4.132,-0.0001,0.9926
12112.317,4.132,0.0001,0.9926
12113.317,4.132,0.0002,0.9926
12114.318,4.136,-0.0001,0.9926
12115.317,4.132,-0.0003,0.9926
12116.32,4.132,-0.0002,0.9926
12117.318,4.132,0.0001,0.9926
12118.318,4.136,0,0.9926
12119.319,4.132,-0.0001,0.9926
12120.319,4.132,-0.0001,0.9926
12121.319,4.132,0.0001,0.9926
12122.319,4.136,-0.0001,0.9926
12123.319,4.132,-0.0001,0.9926
12124.32,4.136,-0.0001,0.9926
12125.32,4.132,0.0001,0.9926
12126.32,4.132,0,0.9926
12127.321,4.132,0,0.9926
12128.313,4.132,-0.0001,0.9926
12129.324,4.132,0,0.9926
12130.323,4.132,-0.0002,0.9926
12131.32,4.132,-0.0001,0.9926
12132.319,4.132,0,0.9926
12133.314,4.132,0.0001,0.9926
12134.317,4.136,-0.0001,0.9926
12135.316,4.136,-0.0002,0.9926
12136.319,4.136,-0.0002,0.9926
12137.316,4.136,0,0.9926
12138.32,4.132,0.0002,0.9926
12139.316,4.132,0,0.9926
12140.315,4.132,-0.0002,0.9926
12141.322,4.132,0.0001,0.9926
12142.323,4.132,-0.0002,0.9926
12143.324,4.136,0,0.9926
12144.323,4.132,-0.0002,0.9926
12145.322,4.132,0,0.9926
12146.321,4.132,0.0002,0.9926
12147.32,4.132,-0.0001,0.9926
12148.32,4.132,-0.0003,0.9926
12149.311,4.132,0,0.9926
12150.317,4.132,0.0003,0.9926
12151.321,4.132,-0.0001,0.9926
12152.313,4.136,0.0001,0.9926
12153.323,4.132,-0.0001,0.9926
12154.324,4.132,-0.0002,0.9926
12155.324,4.136,0,0.9926
12156.325,4.132,0,0.9926
12157.316,4.132,0.0001,0.9926
12158.327,4.132,0,0.9926
12159.324,4.132,0.0002,0.9926
12160.325,4.132,0.0003,0.9926
12161.316,4.132,-0.0002,0.9926
12162.325,4.132,0.0001,0.9926
12163.326,4.132,0,0.9926
12164.325,4.132,0.0003,0.9926
12165.325,4.132,0.0001,0.9926
12166.315,4.136,0,0.9926
12167.319,4.132,0,0.9926
12168.326,4.132,-0.0001,0.9926
12169.314,4.136,0,0.9926
12170.317,4.132,-0.0001,0.9926
12171.319,4.132,-0.0002,0.9926
12172.311,4.132,-0.0002,0.9926
12173.317,4.132,-0.0002,0.9926
12174.313,4.132,-0.0002,0.9926
12175.314,4.132,-0.0002,0.9926
12176.313,4.132,0,0.9926
12177.313,4.132,-0.0001,0.9926
12178.326,4.132,0.0001,0.9926
12179.326,4.132,0.0001,0.9926
12180.324,4.136,0.0001,0.9926
12181.314,4.132,0.0001,0.9926
12182.315,4.132,0.0003,0.9926
12183.326,4.136,0,0.9926
12184.326,4.132,0.0001,0.9926
12185.31,4.132,0,0.9926
12186.311,4.132,0,0.9926
12187.314,4.132,0.0001,0.9926
12188.322,4.132,0.0001,0.9926
12189.317,4.132,-0.0004,0.9926
12190.311,4.132,-0.0001,0.9926
12191.318,4.132,0,0.9926
12192.321,4.132,0,0.9926
12193.314,4.136,0,0.9926
12194.322,4.132,-0.0001,0.9926
12195.32,4.132,0,0.9926
12196.316,4.136,-0.0002,0.9926
12197.321,4.136,0.0002,0.9926
12198.316,4.132,-0.0005,0.9926
12199.314,4.132,0,0.9926
12200.323,4.136,0,0.9926
12201.324,4.132,0.0002,0.9926
12202.311,4.132,0.0001,0.9926
12203.319,4.132,0,0.9926
12204.312,4.132,-0.0001,0.9926
12205.31,4.132,-0.0001,0.9926
12206.314,4.132,0.0001,0.9926
12207.322,4.132,0,0.9926
12208.315,4.132,-0.0002,0.9926
12209.319,4.132,-0.0002,0.9926
12210.317,4.132,-0.0003,0.9926
12211.318,4.132,0.0001,0.9926
12212.311,4.132,0,0.9926
12213.32,4.132,-0.0001,0.9926
12214.32,4.132,0,0.9926
12215.31,4.132,0,0.9926
12216.31,4.132,0,0.9926
12217.318,4.132,-0.0001,0.9926
12218.323,4.136,0.0001,0.9926
12219.324,4.128,0.0002,0.9926
12220.314,4.132,0.0001,0.9926
12221.316,4.132,0,0.9926
12222.322,4.132,-0.0001,0.9926
12223.325,4.132,0,0.9926
12224.315,4.132,-0.0001,0.9926
12225.312,4.132,0,0.9926
12226.321,4.132,0,0.9926
12227.311,4.132,-0.0002,0.9926
12228.314,4.132,0.0002,0.9926
12229.313,4.132,-0.0001,0.9926
12230.322,4.132,0,0.9926
12231.318,4.132,-0.0001,0.9926
12232.323,4.132,0.0002,0.9926
12233.321,4.136,0.0001,0.9926
12234.322,4.132,0,0.9926
12235.321,4.132,0.0003,0.9926
12236.322,4.132,0.0001,0.9926
12237.321,4.132,-0.0001,0.9926
12238.312,4.132,-0.0002,0.9926
12239.315,4.132,-0.0001,0.9926
12240.323,4.132,0,0.9926
12241.314,4.136,-0.0002,0.9926
12242.311,4.132,0,0.9926
12243.32,4.132,0.0001,0.9926
12244.319,4.136,0,0.9926
12245.309,4.132,0.0001,0.9926
12246.323,4.136,0.0001,0.9926
12247.32,4.132,0,0.9926
12248.31,4.132,0.0002,0.9926
12249.339,4.132,-0.0001,0.9926
12250.32,4.132,0.0001,0.9926
12251.312,4.132,0,0.9926
12252.319,4.132,0.0001,0.9926
12253.313,4.132,0,0.9926
12254.317,4.132,0.0001,0.9926
12255.323,4.132,0,0.9926
12256.312,4.128,0.0002,0.9926
12257.322,4.132,-0.0001,0.9926
12258.309,4.132,-0.0001,0.9926
12259.311,4.132,0.0001,0.9926
12260.314,4.136,0.0001,0.9926
12261.313,4.132,0.0001,0.9926
12262.31,4.132,0,0.9926
12263.315,4.132,-0.0001,0.9926
12264.312,4.128,0.0001,0.9926
12265.319,4.132,0.0001,0.9926
12266.318,4.128,0.0002,0.9926
12267.322,4.132,-0.0003,0.9926
12268.317,4.132,0.0001,0.9926
12269.319,4.132,0,0.9926
12270.313,4.132,0.0002,0.9926
12271.309,4.132,0.0002,0.9926
12272.337,4.132,0.0003,0.9926
12273.314,4.132,0.0001,0.9926
12274.314,4.132,0.0001,0.9926
12275.315,4.132,-0.0001,0.9926
12276.322,4.132,0,0.9926
12277.308,4.132,0,0.9926
12278.31,4.132,0.0001,0.9926
12279.308,4.132,0,0.9926
12280.32,4.132,-0.0001,0.9926
12281.327,4.132,-0.0001,0.9926
12282.332,4.132,-0.0001,0.9926
12283.321,4.132,-0.0001,0.9926
12284.417,4.132,0,0.9926
12285.332,4.136,-0.0001,0.9926
12286.419,4.132,0,0.9926
12287.339,4.132,-0.0003,0.9926
12288.327,4.132,0.0002,0.9926
12289.311,4.132,-0.0001,0.9926
12290.314,4.136,0.0001,0.9926
12291.316,4.132,0,0.9926
12292.328,4.132,0.0001,0.9926
12293.312,4.132,-0.0001,0.9926
12294.307,4.132,0.0001,0.9926
12295.311,4.132,0,0.9926
12296.307,4.132,0.0001,0.9926
12297.317,4.132,0,0.9926
12298.307,4.132,0.0001,0.9926
12299.317,4.132,0.0002,0.9926
12300.322,4.132,0.0001,0.9926
12301.312,4.132,0.0002,0.9926
12302.325,4.132,0,0.9926
12303.352,4.132,0,0.9926
12304.316,4.132,0.0001,0.9926
12305.32,4.132,-0.0001,0.9926
12306.31,4.132,0,0.9926
12307.318,4.132,-0.0002,0.9926
12308.312,4.132,-0.0002,0.9926
12309.313,4.132,-0.0001,0.9926
12310.307,4.132,0.0002,0.9926
12311.314,4.132,0.0001,0.9926
12312.314,4.132,0.0001,0.9926
12313.322,4.132,0.0002,0.9926
12314.31,4.132,0.0001,0.9926
12315.312,4.132,0,0.9926
12316.316,4.128,0.0001,0.9926
12317.311,4.132,0,0.9926
12318.311,4.132,0,0.9926
12319.31,4.132,0.0001,0.9926
12320.313,4.132,0,0.9926
12321.322,4.132,-0.0002,0.9926
12322.312,4.132,0,0.9926
12323.322,4.132,0,0.9926
12324.319,4.128,0,0.9926
12325.31,4.132,0,0.9926
12326.313,4.128,0,0.9926
12327.314,4.132,0.0003,0.9926
12328.316,4.132,-0.0001,0.9926
12329.307,4.136,-0.0003,0.9926
12330.308,4.132,-0.0002,0.9926
12331.316,4.132,-0.0001,0.9926
12332.318,4.128,0,0.9926
12333.311,4.132,-0.0001,0.9926
12334.307,4.132,0.0001,0.9926
12335.319,4.128,-0.0001,0.9926
12336.32,4.132,0,0.9926
12337.314,4.132,0.0001,0.9926
12338.317,4.132,0,0.9926
12339.31,4.132,0,0.9926
12340.308,4.128,-0.0001,0.9926
12341.314,4.132,0.0001,0.9926
12342.31,4.132,0.0002,0.9926
12343.308,4.132,0,0.9926
12344.32,4.132,0.0002,0.9926
12345.306,4.128,0.0002,0.9926
12346.32,4.132,0.0001,0.9926
12347.317,4.132,0,0.9926
12348.318,4.128,-0.0001,0.9926
12349.313,4.128,0.0002,0.9926
12350.318,4.132,0,0.9926
12351.321,4.132,-0.0001,0.9926
12352.308,4.128,0,0.9926
12353.315,4.132,0.0001,0.9926
12354.319,4.132,0.0001,0.9926
12355.321,4.132,0,0.9926
12356.318,4.128,0.0001,0.9926
12357.314,4.132,0.0001,0.9926
12358.305,4.132,0,0.9926
12359.314,4.132,-0.0002,0.9926
12360.315,4.132,0.0001,0.9926
12361.311,4.132,-0.0001,0.9926
12362.316,4.132,0,0.9926
12363.32,4.132,0.0001,0.9926
12364.308,4.132,0.0001,0.9926
12365.314,4.128,0,0.9926
12366.318,4.132,-0.0001,0.9926
12367.317,4.132,0.0001,0.9926
12368.317,4.132,0,0.9926
12369.317,4.132,0.0001,0.9926
12370.316,4.132,0.0001,0.9926
12371.317,4.132,-0.0001,0.9926
12372.316,4.132,-0.0001,0.9926
12373.312,4.132,0.0001,0.9926
12374.309,4.128,-0.0001,0.9926
12375.31,4.132,-0.0001,0.9926
12376.313,4.132,-0.0001,0.9926
12377.312,4.132,0.0001,0.9926
12378.312,4.132,-0.0001,0.9926
12379.319,4.132,-0.0003,0.9926
12380.319,4.132,-0.0001,0.9926
12381.312,4.128,0,0.9926
12382.31,4.132,-0.0002,0.9926
12383.316,4.132,-0.0001,0.9926
12384.316,4.128,0,0.9926
12385.316,4.132,0.0001,0.9926
12386.319,4.132,0.0001,0.9926
12387.305,4.132,-0.0002,0.9926
12388.306,4.132,0,0.9926
12389.305,4.132,0,0.9926
12390.317,4.132,-0.0001,0.9926
12391.305,4.132,0,0.9926
12392.319,4.132,0.0001,0.9926
12393.307,4.132,-0.0001,0.9926
12394.306,4.132,0.0001,0.9926
12395.308,4.132,0.0001,0.9926
12396.307,4.132,0,0.9926
12397.307,4.132,-0.0001,0.9926
12398.305,4.132,0,0.9926
12399.31,4.132,0.0003,0.9926
12400.308,4.132,0.0001,0.9926
12401.309,4.128,-0.0003,0.9926
12402.305,4.132,-0.0001,0.9926
12403.31,4.132,0.0001,0.9926
12404.308,4.132,0.0001,0.9926
12405.309,4.132,0.0001,0.9926
12406.314,4.132,0.0001,0.9926
12407.309,4.128,0,0.9926
12408.314,4.132,0,0.9926
12409.306,4.132,0,0.9926
12410.313,4.132,-0.0001,0.9926
12411.319,4.132,0.0001,0.9926
12412.32,4.132,0,0.9926
12413.319,4.132,0,0.9926
12414.311,4.132,0.0001,0.9926
12415.318,4.132,-0.0001,0.9926
12416.306,4.132,0.0001,0.9926
12417.308,4.132,0.0002,0.9926
12418.305,4.132,0.0001,0.9926
12419.311,4.132,-0.0001,0.9926
12420.304,4.132,0.0002,0.9926
12421.312,4.132,-0.0001,0.9926
12422.318,4.132,0.0004,0.9926
12423.305,4.132,-0.0001,0.9926
12424.31,4.128,0,0.9926
12425.308,4.132,-0.0003,0.9926
12426.307,4.132,0,0.9926
12427.308,4.132,0,0.9926
12428.307,4.132,-0.0001,0.9926
12429.307,4.132,-0.0001,0.9926
12430.316,4.132,0.0001,0.9926
12431.309,4.128,0,0.9926
12432.313,4.132,-0.0002,0.9926
12433.315,4.132,-0.0002,0.9926
12434.319,4.128,0.0001,0.9926
12435.306,4.128,0,0.9926
12436.307,4.132,-0.0002,0.9926
12437.314,4.132,0.0001,0.9926
12438.304,4.132,-0.0001,0.9926
12439.308,4.132,0.0002,0.9926
12440.314,4.132,0.0001,0.9926
12441.317,4.128,0,0.9926
12442.309,4.132,0,0.9926
12443.317,4.132,-0.0001,0.9926
12444.317,4.132,-0.0001,0.9926
12445.315,4.128,0.0002,0.9926
12446.306,4.128,-0.0001,0.9926
12447.309,4.132,-0.0002,0.9926
12448.317,4.132,0.0001,0.9926
12449.303,4.128,-0.0001,0.9926
12450.308,4.132,0.0002,0.9926
12451.314,4.128,0.0001,0.9926
12452.305,4.128,-0.0002,0.9926
12453.312,4.128,-0.0002,0.9926
12454.305,4.132,-0.0001,0.9926
12455.308,4.132,0.0002,0.9926
12456.312,4.132,0,0.9926
12457.315,4.128,-0.0001,0.9926
12458.306,4.132,0,0.9926
12459.304,4.132,0,0.9926
12460.31,4.132,-0.0001,0.9926
12461.304,4.128,0,0.9926
12462.306,4.132,0,0.9926
12463.308,4.132,-0.0001,0.9926
12464.307,4.132,0.0001,0.9926
12465.306,4.132,0,0.9926
12466.312,4.132,0.0003,0.9926
12467.317,4.128,0.0003,0.9926
12468.31,4.132,0,0.9926
12469.311,4.132,0,0.9926
12470.317,4.132,0.0003,0.9926
12471.308,4.132,0,0.9926
12472.316,4.132,0.0001,0.9926
12473.306,4.132,-0.0002,0.9926
12474.308,4.132,0,0.9926
12475.302,4.132,0.0001,0.9926
12476.311,4.128,-0.0001,0.9926
12477.315,4.132,0.0001,0.9926
12478.304,4.132,0,0.9926
12479.304,4.132,0.0001,0.9926
12480.308,4.132,-0.0002,0.9926
12481.305,4.132,0,0.9926
12482.318,4.128,0.0001,0.9926
12483.311,4.128,-0.0001,0.9926
12484.31,4.132,0,0.9926
12485.317,4.128,-0.0002,0.9926
12486.308,4.132,0,0.9926
12487.314,4.132,0,0.9926
12488.304,4.132,-0.0001,0.9926
12489.304,4.132,-0.0001,0.9926
12490.312,4.132,0.0001,0.9926
12491.305,4.132,-0.0001,0.9926
12492.31,4.132,-0.0002,0.9926
12493.312,4.132,-0.0001,0.9926
12494.307,4.132,0,0.9926
12495.307,4.132,0.0001,0.9926
12496.308,4.132,0.0001,0.9926
12497.312,4.128,-0.0001,0.9926
12498.316,4.132,-0.0001,0.9926
12499.316,4.132,0,0.9926
12500.302,4.132,0.0001,0.9926
12501.305,4.132,-0.0001,0.9926
12502.307,4.132,-0.0001,0.9926
12503.314,4.132,0,0.9926
12504.309,4.132,0.0001,0.9926
12505.314,4.132,0.0001,0.9926
12506.314,4.132,-0.0001,0.9926
12507.316,4.132,0,0.9926
12508.303,4.132,0.0001,0.9926
12509.304,4.132,-0.0001,0.9926
12510.31,4.132,0.0001,0.9926
12511.316,4.132,0.0002,0.9926
12512.309,4.132,0,0.9926
12513.315,4.132,0.0001,0.9926
12514.317,4.132,0.0001,0.9926
12515.309,4.132,0.0001,0.9926
12516.317,4.132,0,0.9926
12517.307,4.128,0,0.9926
12518.315,4.132,-0.0001,0.9926
12519.308,4.128,-0.0002,0.9926
12520.308,4.132,0,0.9926
12521.308,4.132,-0.0001,0.9926
12522.313,4.128,-0.0001,0.9926
12523.302,4.132,0,0.9926
12524.303,4.132,0.0001,0.9926
12525.311,4.132,0,0.9926
12526.304,4.132,0,0.9926
12527.307,4.132,0,0.9926
12528.315,4.132,0.0001,0.9926
12529.313,4.132,0,0.9926
12530.302,4.128,-0.0002,0.9926
12531.305,4.132,-0.0001,0.9926
12532.311,4.132,0.0001,0.9926
12533.313,4.132,0.0001,0.9926
12534.313,4.132,-0.0001,0.9926
12535.302,4.132,0,0.9926
12536.307,4.128,0,0.9926
12537.309,4.128,-0.0003,0.9926
12538.312,4.132,0.0001,0.9926
12539.304,4.132,0.0001,0.9926
12540.31,4.128,0.0002,0.9926
12541.312,4.132,-0.0001,0.9926
12542.301,4.132,0,0.9926
12543.302,4.128,0,0.9926
12544.301,4.132,0,0.9926
12545.305,4.132,0,0.9926
12546.307,4.128,0.0002,0.9926
12547.313,4.132,0.0001,0.9926
12548.312,4.128,0.0001,0.9926
12549.312,4.132,-0.0003,0.9926
12550.314,4.128,0.0001,0.9926
12551.302,4.132,0,0.9926
12552.301,4.132,0.0001,0.9926
12553.304,4.132,0,0.9926
12554.304,4.132,0.0001,0.9926
12555.305,4.128,0,0.9926
12556.309,4.132,0.0001,0.9926
12557.309,4.128,-0.0001,0.9926
12558.309,4.128,0,0.9926
12559.303,4.128,0.0002,0.9926
12560.303,4.128,0.0004,0.9926
12561.302,4.132,-0.0001,0.9926
12562.301,4.132,-0.0001,0.9926
12563.308,4.128,0.0001,0.9926
12564.305,4.128,0,0.9926
12565.313,4.132,-0.0001,0.9926
12566.301,4.132,-0.0002,0.9926
12567.309,4.128,0.0001,0.9926
12568.309,4.132,-0.0003,0.9926
12569.306,4.128,0.0001,0.9926
12570.309,4.128,0.0001,0.9926
12571.3,4.132,-0.0001,0.9926
12572.306,4.132,0,0.9926
12573.312,4.132,-0.0003,0.9926
12574.315,4.128,-0.0001,0.9926
12575.302,4.132,0.0001,0.9926
12576.31,4.128,0,0.9926
12577.299,4.128,0.0001,0.9926
12578.306,4.128,-0.0001,0.9926
12579.308,4.128,0.0001,0.9926
12580.299,4.132,0.0002,0.9926
12581.306,4.132,-0.0001,0.9926
12582.312,4.132,0.0001,0.9926
12583.306,4.128,0,0.9926
12584.313,4.128,-0.0002,0.9926
12585.308,4.132,0.0001,0.9926
12586.302,4.132,0.0001,0.9926
12587.308,4.128,-0.0001,0.9926
12588.315,4.132,-0.0002,0.9926
12589.314,4.132,0.0001,0.9926
12590.299,4.128,0.0001,0.9926
12591.301,4.132,0,0.9926
12592.306,4.128,0.0002,0.9926
12593.313,4.132,0.0001,0.9926
12594.299,4.132,-0.0001,0.9926
12595.301,4.128,-0.0001,0.9926
12596.301,4.128,-0.0001,0.9926
12597.304,4.132,0.0001,0.9926
12598.307,4.128,-0.0001,0.9926
12599.304,4.132,-0.0001,0.9926
12600.307,4.128,-0.0001,0.9926
12601.314,4.128,0,0.9926
12602.3,4.128,0,0.9926
12603.303,4.132,0.0002,0.9926
12604.305,4.132,0,0.9926
12605.309,4.132,0.0001,0.9926
12606.3,4.132,0.0002,0.9926
12607.309,4.128,-0.0001,0.9926
12608.302,4.132,0,0.9926
12609.302,4.132,-0.0001,0.9926
12610.31,4.128,-0.0002,0.9926
12611.303,4.132,0.0002,0.9926
12612.308,4.132,0,0.9926
12613.3,4.128,0,0.9926
12614.303,4.132,0,0.9926
12615.311,4.128,-0.0001,0.9926
12616.304,4.132,0,0.9926
12617.313,4.128,0,0.9926
12618.304,4.128,0,0.9926
12619.304,4.132,-0.0001,0.9926
12620.298,4.128,0,0.9926
12621.313,4.128,-0.0001,0.9926
12622.313,4.128,0.0001,0.9926
12623.301,4.128,-0.0001,0.9926
12624.304,4.132,-0.0001,0.9926
12625.31,4.128,0.0001,0.9926
12626.302,4.128,0.0002,0.9926
12627.305,4.132,-0.0001,0.9926
12628.306,4.128,0.0001,0.9926
12629.302,4.128,0.0001,0.9926
12630.3,4.128,0.0001,0.9926
12631.301,4.128,-0.0001,0.9926
12632.304,4.132,-0.0001,0.9926
12633.298,4.128,-0.0001,0.9926
12634.298,4.128,0.0001,0.9926
12635.303,4.128,0,0.9926
12636.311,4.128,-0.0001,0.9926
12637.313,4.128,0,0.9926
12638.306,4.132,-0.0001,0.9926
12639.308,4.128,-0.0001,0.9926
12640.301,4.132,0.0001,0.9926
12641.311,4.132,-0.0002,0.9926
12642.302,4.128,-0.0001,0.9926
12643.311,4.128,0.0004,0.9926
12644.305,4.132,0,0.9926
12645.314,4.132,0,0.9926
12646.303,4.128,-0.0001,0.9926
12647.308,4.128,0,0.9926
12648.305,4.128,-0.0257,0.9926
12649.305,4.128,0.0001,0.9926
12650.31,4.132,-0.0259,0.9926
12651.31,4.128,-0.0259,0.9926
12652.307,4.132,0.0001,0.9926
12653.305,4.124,0.0001,0.9926
12654.299,4.128,0.0001,0.9926
12655.301,4.132,0,0.9926
12656.309,4.132,-0.0001,0.9926
12657.309,4.132,0.0001,0.9926
12658.312,4.128,-0.0001,0.9926
12659.308,4.128,-0.0001,0.9926
12660.309,4.132,-0.0001,0.9926
12661.311,4.128,0.0002,0.9926
12662.308,4.132,0,0.9926
12663.312,4.128,-0.0002,0.9926
12664.311,4.128,0.0001,0.9926
12665.3,4.132,0.0001,0.9926
12666.306,4.128,-0.0002,0.9926
12667.308,4.128,-0.0001,0.9926
12668.299,4.128,-0.0002,0.9926
12669.307,4.128,0.0001,0.9926
12670.298,4.128,0.0001,0.9926
12671.301,4.128,0.0002,0.9926
12672.306,4.128,-0.0001,0.9926
12673.298,4.128,-0.0001,0.9926
12674.297,4.128,0,0.9926
12675.303,4.128,0.0001,0.9926
12676.31,4.128,-0.0001,0.9926
12677.302,4.128,0.0001,0.9926
12678.307,4.128,-0.0002,0.9926
12679.312,4.128,-0.0001,0.9926
12680.301,4.132,-0.0001,0.9926
12681.31,4.128,0,0.9926
12682.302,4.132,-0.0002,0.9926
12683.308,4.128,-0.0001,0.9926
12684.309,4.132,0,0.9926
12685.312,4.128,-0.0002,0.9926
12686.303,4.128,0.0001,0.9926
12687.309,4.128,0,0.9926
12688.3,4.128,0.0002,0.9926
12689.301,4.132,-0.0004,0.9926
12690.306,4.128,-0.0001,0.9926
12691.297,4.128,0.0002,0.9926
12692.304,4.132,-0.0002,0.9926
12693.297,4.132,0.0001,0.9926
12694.297,4.128,0.0001,0.9926
12695.301,4.132,0,0.9926
12696.303,4.132,-0.0001,0.9926
12697.303,4.128,0,0.9926
12698.301,4.132,0,0.9926
12699.311,4.132,-0.0004,0.9926
12700.302,4.132,0,0.9926
12701.31,4.132,0,0.9926
12702.303,4.132,0.0002,0.9926
12703.311,4.128,0,0.9926
12704.307,4.128,0.0001,0.9926
12705.311,4.132,-0.0002,0.9926
12706.301,4.128,0.0001,0.9926
12707.303,4.128,0,0.9926
12708.306,4.132,0.0001,0.9926
12709.3,4.132,-0.0001,0.9926
12710.298,4.128,0,0.9926
12711.306,4.128,-0.0002,0.9926
12712.299,4.132,0,0.9926
12713.304,4.128,0.0001,0.9926
12714.309,4.132,-0.0003,0.9926
12715.311,4.128,0,0.9926
12716.301,4.128,0.0002,0.9926
12717.299,4.128,0,0.9926
12718.309,4.128,0,0.9926
12719.299,4.128,-0.0001,0.9926
12720.3,4.128,0,0.9926
12721.308,4.128,0.0002,0.9926
12722.298,4.132,0,0.9926
12723.306,4.128,-0.0001,0.9926
12724.297,4.128,0,0.9926
12725.299,4.128,0.0002,0.9926
12726.302,4.128,0,0.9926
12727.296,4.128,0,0.9926
12728.3,4.132,-0.0002,0.9926
12729.302,4.128,-0.0001,0.9926
12730.297,4.128,-0.0002,0.9926
12731.306,4.128,0,0.9926
12732.301,4.128,0,0.9926
12733.296,4.128,0.0003,0.9926
12734.307,4.128,0.0001,0.9926
12735.297,4.128,0,0.9926
12736.296,4.132,0.0002,0.9926
12737.309,4.128,-0.0001,0.9926
12738.303,4.128,-0.0001,0.9926
12739.297,4.128,-0.0001,0.9926
12740.305,4.132,0,0.9926
12741.304,4.128,-0.0001,0.9926
12742.299,4.128,0.0001,0.9926
12743.298,4.128,0,0.9926
12744.298,4.128,0.0001,0.9926
12745.305,4.128,0,0.9926
12746.304,4.128,-0.0001,0.9926
12747.299,4.132,0,0.9926
12748.297,4.128,0,0.9926
12749.296,4.132,0.0001,0.9926
12750.307,4.132,0.0001,0.9926
12751.302,4.132,-0.0002,0.9926
12752.302,4.128,-0.0001,0.9926
12753.302,4.128,0,0.9926
12754.304,4.128,0.0002,0.9926
12755.297,4.128,0,0.9926
12756.308,4.128,0,0.9926
12757.303,4.128,0.0001,0.9926
12758.3,4.128,0,0.9926
12759.309,4.128,0,0.9926
12760.302,4.132,-0.0002,0.9926
12761.299,4.128,-0.0001,0.9926
12762.31,4.128,-0.0002,0.9926
12763.304,4.128,0.0004,0.9926
12764.295,4.128,0.0001,0.9926
12765.302,4.128,0,0.9926
12766.301,4.128,-0.0002,0.9926
12767.298,4.128,-0.0001,0.9926
12768.297,4.128,0,0.9926
12769.3,4.128,0.0001,0.9926
12770.295,4.132,-0.0002,0.9926
12771.297,4.128,0.0002,0.9926
12772.309,4.132,-0.0001,0.9926
12773.309,4.128,0.0001,0.9926
12774.307,4.128,-0.0001,0.9926
12775.299,4.132,0,0.9926
12776.3,4.128,-0.0001,0.9926
12777.295,4.128,-0.0001,0.9926
12778.307,4.128,-0.0005,0.9926
12779.307,4.128,0.0001,0.9926
12780.306,4.128,0,0.9926
12781.304,4.128,0.0002,0.9926
12782.305,4.132,-0.0001,0.9926
12783.309,4.128,-0.0001,0.9926
12784.295,4.128,-0.0001,0.9926
12785.295,4.128,0.0002,0.9926
12786.299,4.128,0,0.9926
12787.302,4.128,0.0002,0.9926
12788.302,4.132,0.0001,0.9926
12789.301,4.128,0,0.9926
12790.296,4.128,0,0.9926
12791.304,4.128,0.0001,0.9926
12792.304,4.128,0,0.9926
12793.307,4.132,0.0002,0.9926
12794.297,4.128,0,0.9926
12795.304,4.132,0.0003,0.9926
12796.304,4.128,-0.0003,0.9926
12797.304,4.128,-0.0001,0.9926
12798.299,4.128,0.0001,0.9926
12799.297,4.128,0,0.9926
12800.298,4.128,0.0001,0.9926
12801.303,4.128,-0.0001,0.9926
12802.303,4.128,0,0.9926
12803.308,4.128,-0.0002,0.9926
12804.302,4.128,0.0001,0.9926
12805.305,4.128,0.0003,0.9926
12806.299,4.132,0.0001,0.9926
12807.307,4.132,-0.0001,0.9926
12808.306,4.128,-0.0001,0.9926
12809.306,4.128,0,0.9926
12810.307,4.128,0,0.9926
12811.296,4.128,0.0002,0.9926
12812.298,4.128,0.0001,0.9926
12813.306,4.128,0,0.9926
12814.308,4.128,0.0001,0.9926
12815.296,4.128,0,0.9926
12816.293,4.132,0.0001,0.9926
12817.296,4.128,0,0.9926
12818.309,4.128,0,0.9926
12819.293,4.128,0.0001,0.9926
12820.293,4.128,0,0.9926
12821.293,4.128,-0.0001,0.9926
12822.293,4.128,-0.0001,0.9926
12823.293,4.132,0,0.9926
12824.297,4.128,0.0003,0.9926
12825.296,4.128,0.0001,0.9926
12826.294,4.128,0.0001,0.9926
12827.294,4.128,0,0.9926
12828.295,4.128,0.0001,0.9926
12829.294,4.128,-0.0001,0.9926
12830.294,4.128,-0.0001,0.9926
12831.297,4.128,0.0003,0.9926
12832.294,4.132,0,0.9926
12833.296,4.128,0.0002,0.9926
12834.296,4.132,0.0001,0.9926
12835.299,4.128,0.0001,0.9926
12836.296,4.128,-0.0001,0.9926
12837.296,4.128,-0.0002,0.9926
12838.296,4.132,-0.0001,0.9926
12839.297,4.128,0.0002,0.9926
12840.297,4.132,-0.0001,0.9926
12841.297,4.132,0.0001,0.9926
12842.297,4.128,0,0.9926
12843.297,4.128,-0.0001,0.9926
12844.297,4.128,0.0002,0.9926
12845.299,4.128,-0.0004,0.9926
12846.297,4.132,0.0002,0.9926
12847.299,4.128,0.0001,0.9926
12848.299,4.132,0,0.9926
12849.3,4.132,0.0001,0.9926
12850.3,4.132,-0.0001,0.9926
12851.299,4.132,-0.0002,0.9926
12852.299,4.128,0,0.9926
12853.3,4.128,0.0001,0.9926
12854.299,4.132,0.0001,0.9926
12855.3,4.128,0,0.9926
12856.3,4.128,0,0.9926
12857.3,4.128,-0.0002,0.9926
12858.302,4.128,0.0002,0.9926
12859.301,4.132,-0.0002,0.9926
12860.301,4.128,0,0.9926
12861.303,4.128,0.0002,0.9926
12862.301,4.128,0.0001,0.9926
12863.302,4.128,0,0.9926
12864.303,4.128,0.0001,0.9926
12865.304,4.132,-0.0001,0.9926
12866.302,4.128,-0.0002,0.9926
12867.302,4.128,0,0.9926
12868.304,4.128,0.0001,0.9926
12869.304,4.128,0,0.9926
12870.304,4.132,-0.0002,0.9926
12871.303,4.128,-0.0001,0.9926
12872.303,4.128,0.0001,0.9926
12873.304,4.128,0,0.9926
12874.304,4.132,0.0001,0.9926
12875.304,4.128,0.0001,0.9926
12876.304,4.132,0,0.9926
12877.305,4.132,0,0.9926
12878.305,4.128,0.0001,0.9926
12879.305,4.132,0,0.9926
12880.305,4.128,0,0.9926
12881.305,4.128,0.0002,0.9926
12882.307,4.128,-0.0001,0.9926
12883.306,4.128,0.0001,0.9926
12884.306,4.132,0,0.9926
12885.307,4.128,0.0002,0.9926
12886.306,4.128,-0.0002,0.9926
12887.307,4.128,-0.0003,0.9926
12888.307,4.132,0.0001,0.9926
12889.307,4.128,0.0003,0.9926
12890.291,4.128,-0.0003,0.9926
12891.291,4.128,0,0.9926
12892.307,4.128,0.0002,0.9926
12893.291,4.128,-0.0001,0.9926
12894.293,4.128,0.0001,0.9926
12895.292,4.128,-0.0002,0.9926
12896.295,4.132,0.0001,0.9926
12897.293,4.128,0,0.9926
12898.293,4.132,0,0.9926
12899.293,4.128,-0.0003,0.9926
12900.293,4.128,0,0.9926
12901.293,4.128,0.0001,0.9926
12902.293,4.128,-0.0002,0.9926
12903.294,4.128,-0.0001,0.9926
12904.294,4.128,0,0.9926
12905.295,4.128,0.0001,0.9926
12906.295,4.132,0.0002,0.9926
12907.294,4.128,0,0.9926
12908.295,4.128,0,0.9926
12909.294,4.128,-0.0002,0.9926
12910.295,4.128,0.0001,0.9926
12911.294,4.128,0.0001,0.9926
12912.295,4.132,0,0.9926
12913.298,4.128,-0.0002,0.9926
12914.295,4.128,0,0.9926
12915.295,4.128,0,0.9926
12916.296,4.132,0.0001,0.9926
12917.296,4.128,0.0001,0.9926
12918.296,4.128,0,0.9926
12919.299,4.132,-0.0001,0.9926
12920.296,4.128,-0.0001,0.9926
12921.295,4.128,-0.0001,0.9926
12922.296,4.128,0,0.9926
12923.296,4.128,-0.0002,0.9926
12924.298,4.128,0,0.9926
12925.297,4.128,0.0001,0.9926
12926.297,4.128,-0.0002,0.9926
12927.297,4.132,0.0001,0.9926
12928.297,4.128,0,0.9926
12929.303,4.128,0,0.9926
12930.298,4.128,-0.0002,0.9926
12931.304,4.128,0.0002,0.9926
12932.3,4.128,0,0.9926
12933.291,4.128,-0.0001,0.9926
12934.304,4.128,-0.0002,0.9926
12935.298,4.128,-0.0001,0.9926
12936.304,4.132,-0.0001,0.9926
12937.434,4.128,0.0001,0.9926
12938.293,4.128,-0.0002,0.9926
12939.289,4.128,0.0002,0.9926
12940.32,4.128,-0.0001,0.9926
12941.299,4.128,0,0.9926
12942.299,4.128,0.0001,0.9926
12943.298,4.128,0,0.9926
12944.297,4.132,0.0002,0.9926
12945.292,4.128,-0.0003,0.9926
12946.3,4.128,-0.0003,0.9926
12947.302,4.128,0.0001,0.9926
12948.291,4.132,-0.0002,0.9926
12949.302,4.128,0.0002,0.9926
12950.297,4.128,0.0001,0.9926
12951.29,4.128,0,0.9926
12952.301,4.132,-0.0001,0.9926
12953.301,4.132,-0.0002,0.9926
12954.299,4.128,0,0.9926
12955.303,4.128,0,0.9926
12956.304,4.128,0.0001,0.9926
12957.294,4.132,-0.0001,0.9926
12958.304,4.128,-0.0001,0.9926
12959.299,4.128,-0.0002,0.9926
12960.301,4.128,-0.0001,0.9926
12961.304,4.128,0.0001,0.9926
12962.289,4.128,-0.0001,0.9926
12963.304,4.128,0,0.9926
12964.289,4.128,0.0001,0.9926
12965.306,4.124,0,0.9926
12966.289,4.128,0.0002,0.9926
12967.306,4.128,0.0001,0.9926
12968.29,4.128,-0.0001,0.9926
12969.304,4.128,-0.0001,0.9926
12970.304,4.128,-0.0002,0.9926
12971.292,4.128,0.0001,0.9926
12972.301,4.128,0,0.9926
12973.303,4.128,0.0002,0.9926
12974.299,4.128,0.0002,0.9926
12975.299,4.132,-0.0003,0.9926
12976.303,4.132,-0.0001,0.9926
12977.289,4.132,-0.0001,0.9926
12978.304,4.128,0,0.9926
12979.295,4.128,-0.0004,0.9926
12980.302,4.128,0,0.9926
12981.289,4.128,0,0.9926
12982.291,4.128,0.0001,0.9926
12983.298,4.128,-0.0001,0.9926
12984.289,4.128,0,0.9926
12985.292,4.128,-0.0001,0.9926
12986.301,4.128,0.0001,0.9926
12987.289,4.128,0.0001,0.9926
12988.295,4.124,0,0.9926
12989.299,4.128,-0.0001,0.9926
12990.298,4.128,0,0.9926
12991.302,4.128,0.0001,0.9926
12992.288,4.128,0,0.9926
12993.293,4.128,0.0002,0.9926
12994.294,4.128,0,0.9926
12995.292,4.128,0.0001,0.9926
12996.291,4.128,-0.0002,0.9926
12997.293,4.128,-0.0001,0.9926
12998.289,4.128,-0.0002,0.9926
12999.3,4.128,0.0002,0.9926
13000.288,4.128,0,0.9926
13001.291,4.128,0,0.9926
13002.295,4.128,-0.0001,0.9926
13003.298,4.124,0,0.9926
13004.292,4.128,0.0001,0.9926
13005.288,4.124,0,0.9926
13006.29,4.132,0,0.9926
13007.293,4.128,0,0.9926
13008.294,4.128,0.0002,0.9926
13009.29,4.128,0,0.9926
13010.298,4.124,-0.0001,0.9926
13011.297,4.128,0.0001,0.9926
13012.299,4.128,0,0.9926
13013.297,4.128,0,0.9926
13014.302,4.128,-0.0002,0.9926
13015.299,4.128,0,0.9926
13016.299,4.128,0.0001,0.9926
13017.29,4.128,0.0001,0.9926
13018.306,4.128,0,0.9926
13019.296,4.128,-0.0001,0.9926
13020.298,4.128,0,0.9926
13021.302,4.128,-0.0001,0.9926
13022.3,4.128,0,0.9926
13023.298,4.132,0.0001,0.9926
13024.303,4.128,-0.0003,0.9926
13025.301,4.128,0,0.9926
13026.302,4.128,0.0002,0.9926
13027.301,4.128,-0.0003,0.9926
13028.301,4.128,0,0.9926
13029.302,4.128,0,0.9926
13030.303,4.128,0,0.9926
13031.303,4.124,0.0001,0.9926
13032.303,4.128,-0.0002,0.9926
13033.302,4.128,0,0.9926
13034.303,4.128,-0.0001,0.9926
13035.303,4.128,0.0002,0.9926
13036.303,4.128,0.0001,0.9926
13037.287,4.128,0,0.9926
13038.288,4.128,0,0.9926
13039.303,4.128,0,0.9926
13040.287,4.128,-0.0001,0.9926
13041.288,4.128,0,0.9926
13042.289,4.132,0.0001,0.9926
13043.287,4.128,0.0001,0.9926
13044.287,4.128,0.0001,0.9926
13045.288,4.124,-0.0001,0.9926
13046.288,4.132,-0.0001,0.9926
13047.288,4.128,-0.0001,0.9926
13048.289,4.128,-0.0001,0.9926
13049.289,4.128,-0.0001,0.9926
13050.288,4.128,-0.0001,0.9926
13051.29,4.128,-0.0001,0.9926
13052.288,4.128,0.0001,0.9926
13053.29,4.128,-0.0001,0.9926
13054.289,4.128,0.0001,0.9926
13055.288,4.132,0,0.9926
13056.29,4.128,0,0.9926
13057.298,4.128,0.0001,0.9926
13058.29,4.128,-0.0001,0.9926
13059.29,4.128,-0.0003,0.9926
13060.3,4.128,0.0001,0.9926
13061.29,4.128,0.0001,0.9926
13062.29,4.128,0,0.9926
13063.29,4.128,-0.0001,0.9926
13064.29,4.128,0.0001,0.9926
13065.291,4.128,-0.0002,0.9926
13066.291,4.128,-0.0002,0.9926
13067.286,4.128,-0.0002,0.9926
13068.291,4.128,0.0001,0.9926
13069.293,4.128,-0.0002,0.9926
13070.292,4.128,0.0001,0.9926
13071.293,4.128,0,0.9926
13072.288,4.128,0,0.9926
13073.294,4.128,0,0.9926
13074.293,4.128,-0.0003,0.9926
13075.293,4.128,0.0003,0.9926
13076.293,4.128,0.0002,0.9926
13077.296,4.128,0,0.9926
13078.294,4.128,0.0001,0.9926
13079.295,4.128,0.0002,0.9926
13080.294,4.132,-0.0002,0.9926
13081.295,4.128,0.0001,0.9926
13082.296,4.128,0.0001,0.9926
13083.295,4.128,0.0002,0.9926
13084.295,4.128,-0.0003,0.9926
13085.296,4.128,-0.0001,0.9926
13086.295,4.128,0.0001,0.9926
13087.296,4.128,-0.0001,0.9926
13088.296,4.128,-0.0001,0.9926
13089.297,4.128,0.0002,0.9926
13090.296,4.128,0,0.9926
13091.297,4.128,0,0.9926
13092.298,4.128,0.0001,0.9926
13093.297,4.128,-0.0001,0.9926
13094.296,4.128,-0.0001,0.9926
13095.295,4.128,0.0002,0.9926
13096.293,4.128,-0.0002,0.9926
13097.299,4.128,0,0.9926
13098.287,4.128,0.0001,0.9926
13099.297,4.128,0.0001,0.9926
13100.292,4.128,-0.0003,0.9926
13101.294,4.132,0,0.9926
13102.303,4.124,0.0001,0.9926
13103.3,4.128,-0.0001,0.9926
13104.291,4.128,0,0.9926
13105.29,4.132,0,0.9926
13106.3,4.128,0,0.9926
13107.301,4.132,0,0.9926
13108.301,4.128,0,0.9926
13109.3,4.124,0,0.9926
13110.3,4.128,0.0002,0.9926
13111.285,4.128,0,0.9926
13112.285,4.128,0,0.9926
13113.285,4.124,0.0001,0.9926
13114.287,4.128,0.0003,0.9926
13115.287,4.128,0.0002,0.9926
13116.286,4.128,0.0001,0.9926
13117.288,4.128,0.0002,0.9926
13118.287,4.128,0.0001,0.9926
13119.287,4.128,0.0002,0.9926
13120.287,4.132,-0.0001,0.9926
13121.287,4.128,0,0.9926
13122.288,4.128,-0.0002,0.9926
13123.286,4.132,0,0.9926
13124.289,4.128,-0.0001,0.9926
13125.295,4.128,-0.0001,0.9926
13126.294,4.128,-0.0001,0.9926
13127.288,4.128,0.0001,0.9926
13128.288,4.128,0,0.9926
13129.289,4.128,-0.0001,0.9926
13130.289,4.124,0.0001,0.9926
13131.291,4.128,0.0001,0.9926
13132.289,4.128,0,0.9926
13133.288,4.128,0,0.9926
13134.284,4.128,0.0003,0.9926
13135.291,4.128,0,0.9926
13136.29,4.128,0,0.9926
13137.29,4.128,0.0002,0.9926
13138.291,4.128,0.0001,0.9926
13139.29,4.128,0.0002,0.9926
13140.291,4.128,-0.0001,0.9926
13141.291,4.128,0,0.9926
13142.291,4.128,0,0.9926
13143.291,4.128,0.0001,0.9926
13144.291,4.128,0,0.9926
13145.291,4.128,0.0001,0.9926
13146.291,4.128,-0.0002,0.9926
13147.292,4.128,0.0001,0.9926
13148.294,4.128,-0.0001,0.9926
13149.292,4.128,0.0001,0.9926
13150.292,4.128,0.0003,0.9926
13151.293,4.128,-0.0001,0.9926
13152.293,4.124,0,0.9926
13153.293,4.128,0.0001,0.9926
13154.293,4.128,0,0.9926
13155.293,4.128,0.0002,0.9926
13156.292,4.128,0,0.9926
13157.294,4.128,0,0.9926
13158.295,4.124,0.0001,0.9926
13159.295,4.128,-0.0002,0.9926
13160.287,4.128,0.0001,0.9926
13161.295,4.128,0.0001,0.9926
13162.285,4.128,0.0002,0.9926
13163.292,4.128,0.0002,0.9926
13164.284,4.128,0.0001,0.9926
13165.296,4.124,0.0001,0.9926
13166.293,4.128,0,0.9926
13167.289,4.128,-0.0003,0.9926
13168.295,4.128,-0.0001,0.9926
13169.295,4.128,0,0.9926
13170.297,4.128,-0.0002,0.9926
13171.297,4.128,-0.0001,0.9926
13172.297,4.128,0,0.9926
13173.296,4.124,-0.0002,0.9926
13174.298,4.128,0.0001,0.9926
13175.298,4.128,-0.0002,0.9926
13176.297,4.128,0.0002,0.9926
13177.296,4.128,0.0001,0.9926
13178.299,4.128,0,0.9926
13179.298,4.128,0,0.9926
13180.282,4.128,-0.0001,0.9926
13181.298,4.128,0.0001,0.9926
13182.285,4.128,0.0002,0.9926
13183.283,4.128,0.0001,0.9926
13184.299,4.128,-0.0003,0.9926
13185.283,4.128,0.0001,0.9926
13186.285,4.128,0.0002,0.9926
13187.298,4.128,0,0.9926
13188.284,4.132,0.0001,0.9926
13189.284,4.128,0,0.9926
13190.284,4.128,-0.0001,0.9926
13191.285,4.132,0.0001,0.9926
13192.285,4.128,-0.0001,0.9926
13193.284,4.128,0.0001,0.9926
13194.285,4.128,0.0002,0.9926
13195.284,4.128,-0.0001,0.9926
13196.284,4.128,0.0001,0.9926
13197.286,4.128,0.0001,0.9926
13198.287,4.128,0,0.9926
13199.286,4.128,0,0.9926
13200.286,4.128,-0.0003,0.9926
13201.284,4.124,-0.0001,0.9926
13202.283,4.128,-0.0001,0.9926
13203.284,4.128,0,0.9926
13204.287,4.128,0,0.9926
13205.287,4.128,-0.0001,0.9926
13206.295,4.128,0,0.9926
13207.287,4.128,-0.0001,0.9926
13208.287,4.124,0,0.9926
13209.287,4.128,-0.0001,0.9926
13210.288,4.128,-0.0001,0.9926
13211.29,4.128,0.0001,0.9926
13212.284,4.128,0.0001,0.9926
13213.289,4.132,0,0.9926
13214.287,4.128,-0.0001,0.9926
13215.284,4.128,0,0.9926
13216.287,4.124,0.0001,0.9926
13217.29,4.128,0,0.9926
13218.289,4.128,0.0001,0.9926
13219.289,4.128,-0.0001,0.9926
13220.291,4.124,-0.0001,0.9926
13221.29,4.128,0.0002,0.9926
13222.286,4.128,0.0001,0.9926
13223.291,4.128,0.0001,0.9926
13224.289,4.128,0,0.9926
13225.29,4.124,0.0001,0.9926
13226.291,4.128,0,0.9926
13227.286,4.128,-0.0002,0.9926
13228.291,4.128,-0.0001,0.9926
13229.292,4.128,-0.0002,0.9926
13230.293,4.128,0,0.9926
13231.288,4.128,-0.0003,0.9926
13232.291,4.124,0.0001,0.9926
13233.291,4.128,0,0.9926
13234.293,4.128,0.0002,0.9926
13235.286,4.128,-0.0003,0.9926
13236.292,4.128,-0.0002,0.9926
13237.289,4.128,-0.0001,0.9926
13238.294,4.128,0,0.9926
13239.295,4.128,0,0.9926
13240.283,4.128,0.0001,0.9926
13241.294,4.128,-0.0002,0.9926
13242.294,4.128,0.0001,0.9926
13243.295,4.128,-0.0001,0.9926
13244.293,4.128,0.0004,0.9926
13245.295,4.128,0.0002,0.9926
13246.282,4.128,-0.0001,0.9926
13247.283,4.124,0.0001,0.9926
13248.294,4.128,0,0.9926
13249.296,4.128,0,0.9926
13250.28,4.128,0,0.9926
13251.291,4.128,0,0.9926
13252.297,4.128,-0.0001,0.9926
13253.345,4.128,-0.0001,0.9926
13254.296,4.128,0.0002,0.9926
13255.282,4.132,0,0.9926
13256.291,4.128,0,0.9926
13257.281,4.128,0.0001,0.9926
13258.287,4.128,0.0001,0.9926
13259.281,4.128,0,0.9926
13260.292,4.128,0,0.9926
13261.285,4.132,-0.0002,0.9926
13262.283,4.128,0.0002,0.9926
13263.28,4.128,0.0003,0.9926
13264.281,4.128,-0.0002,0.9926
13265.289,4.128,0,0.9926
13266.29,4.124,-0.0001,0.9926
13267.286,4.128,0,0.9926
13268.291,4.128,-0.0001,0.9926
13269.284,4.128,-0.0002,0.9926
13270.286,4.128,0,0.9926
13271.29,4.128,0.0001,0.9926
13272.284,4.128,-0.0001,0.9926
13273.282,4.132,-0.0001,0.9926
13274.288,4.128,0.0001,0.9926
13275.283,4.124,0.0001,0.9926
13276.292,4.128,0,0.9926
13277.293,4.128,0,0.9926
13278.291,4.128,-0.0001,0.9926
13279.28,4.128,0,0.9926
13280.284,4.128,0.0002,0.9926
13281.281,4.128,0,0.9926
13282.285,4.124,0.0001,0.9926
13283.284,4.128,0.0003,0.9926
13284.28,4.128,-0.0001,0.9926
13285.289,4.128,0.0002,0.9926
13286.292,4.128,0.0002,0.9926
13287.287,4.124,0,0.9926
13288.283,4.128,0.0001,0.9926
13289.285,4.128,0.0001,0.9926
13290.285,4.128,0.0001,0.9926
13291.28,4.128,-0.0001,0.9926
13292.286,4.128,0,0.9926
13293.284,4.128,0,0.9926
13294.287,4.128,0.0001,0.9926
13295.291,4.128,0,0.9926
13296.286,4.128,-0.0002,0.9926
13297.28,4.128,-0.0001,0.9926
13298.285,4.128,-0.0001,0.9926
13299.293,4.124,-0.0001,0.9926
13300.28,4.128,-0.0002,0.9926
13301.292,4.128,-0.0001,0.9926
13302.286,4.124,-0.0001,0.9926
13303.285,4.128,-0.0001,0.9926
13304.281,4.128,0.0001,0.9926
13305.287,4.128,0.0001,0.9926
13306.285,4.128,0.0001,0.9926
13307.288,4.128,0,0.9926
13308.294,4.128,0,0.9926
13309.282,4.128,0,0.9926
13310.285,4.128,0.0001,0.9926
13311.291,4.124,-0.0001,0.9926
13312.281,4.128,0.0001,0.9926
13313.283,4.124,-0.0001,0.9926
13314.289,4.128,0,0.9926
13315.289,4.128,0.0001,0.9926
13316.294,4.128,-0.0001,0.9926
13317.288,4.128,-0.0001,0.9926
13318.288,4.128,0.0002,0.9926
13319.289,4.128,0.0002,0.9926
13320.285,4.128,-0.0001,0.9926
13321.285,4.124,0.0001,0.9926
13322.283,4.124,0.0002,0.9926
13323.292,4.128,0.0001,0.9926
13324.291,4.128,0.0002,0.9926
13325.291,4.128,0.0001,0.9926
13326.289,4.128,0.0001,0.9926
13327.29,4.128,0.0001,0.9926
13328.293,4.128,-0.0002,0.9926
13329.294,4.128,0.0001,0.9926
13330.281,4.128,-0.0002,0.9926
13331.286,4.128,-0.0001,0.9926
13332.294,4.128,0.0001,0.9926
13333.294,4.128,0.0001,0.9926
13334.278,4.128,0.0001,0.9926
13335.284,4.128,0,0.9926
13336.29,4.128,-0.0001,0.9926
13337.283,4.128,0,0.9926
13338.281,4.128,0,0.9926
13339.289,4.128,-0.0003,0.9926
13340.279,4.128,0,0.9926
13341.281,4.128,-0.0003,0.9926
13342.286,4.128,0.0001,0.9926
13343.282,4.128,-0.0001,0.9926
13344.294,4.128,-0.0002,0.9926
13345.294,4.128,0.0002,0.9926
13346.282,4.128,0,0.9926
13347.283,4.128,-0.0001,0.9926
13348.285,4.128,-0.0001,0.9926
13349.282,4.128,0,0.9926
13350.291,4.124,-0.0003,0.9926
13351.282,4.128,-0.0003,0.9926
13352.281,4.124,0.0001,0.9926
13353.289,4.128,0.0001,0.9926
13354.287,4.128,0.0001,0.9926
13355.287,4.124,-0.0001,0.9926
13356.284,4.128,-0.0001,0.9926
13357.289,4.124,0.0001,0.9926
13358.284,4.124,-0.0001,0.9926
13359.281,4.128,-0.0001,0.9926
13360.291,4.128,0.0001,0.9926
13361.292,4.124,0,0.9926
13362.285,4.128,0.0001,0.9926
13363.283,4.128,-0.0001,0.9926
13364.285,4.128,0.0001,0.9926
13365.29,4.128,-0.0001,0.9926
13366.284,4.128,0,0.9926
13367.279,4.128,-0.0001,0.9926
13368.286,4.124,0,0.9926
13369.29,4.128,0,0.9926
13370.289,4.128,0,0.9926
13371.283,4.128,0,0.9926
13372.289,4.128,-0.0001,0.9926
13373.284,4.12,0.0001,0.9926
13374.283,4.124,0.0001,0.9926
13375.286,4.128,-0.0001,0.9926
13376.288,4.128,0.0001,0.9926
13377.286,4.128,0,0.9926
13378.283,4.128,0.0001,0.9926
13379.286,4.124,-0.0001,0.9926
13380.28,4.128,0,0.9926
13381.284,4.124,-0.0001,0.9926
13382.284,4.128,0.0004,0.9926
13383.277,4.128,0,0.9926
13384.286,4.128,0,0.9926
13385.286,4.132,-0.0001,0.9926
13386.291,4.128,0.0001,0.9926
13387.277,4.128,0.0002,0.9926
13388.285,4.128,0.0001,0.9926
13389.287,4.128,0.0001,0.9926
13390.289,4.124,-0.0001,0.9926
13391.281,4.128,0.0002,0.9926
13392.283,4.128,0,0.9926
13393.284,4.132,0,0.9926
13394.278,4.128,-0.0001,0.9926
13395.292,4.124,0.0002,0.9926
13396.291,4.128,0.0001,0.9926
13397.287,4.128,0.0001,0.9926
13398.287,4.128,0.0001,0.9926
13399.291,4.128,0.0001,0.9926
13400.286,4.128,0,0.9926
13401.287,4.128,0.0001,0.9926
13402.288,4.128,-0.0001,0.9926
13403.286,4.128,0.0001,0.9926
13404.284,4.128,0.0001,0.9926
13405.284,4.128,-0.0001,0.9926
13406.288,4.128,0,0.9926
13407.276,4.128,0.0001,0.9926
13408.276,4.124,0.0001,0.9926
13409.291,4.128,0.0001,0.9926
13410.291,4.128,0,0.9926
13411.284,4.128,0,0.9926
13412.29,4.128,0,0.9926
13413.284,4.128,0,0.9926
13414.286,4.128,0,0.9926
13415.28,4.128,-0.0001,0.9926
13416.279,4.124,-0.0001,0.9926
13417.276,4.128,-0.0002,0.9926
13418.288,4.128,-0.0001,0.9926
13419.276,4.124,0.0001,0.9926
13420.283,4.124,-0.0001,0.9926
13421.288,4.128,0.0003,0.9926
13422.285,4.128,-0.0003,0.9926
13423.289,4.128,0,0.9926
13424.279,4.124,0,0.9926
13425.284,4.128,0.0001,0.9926
13426.278,4.128,0,0.9926
13427.278,4.128,-0.0001,0.9926
13428.276,4.128,-0.0001,0.9926
13429.279,4.128,0,0.9926
13430.284,4.128,0,0.9926
13431.285,4.128,0.0002,0.9926
13432.281,4.128,0.0002,0.9926
13433.301,4.124,0.0001,0.9926
13434.286,4.128,-0.0003,0.9926
13435.28,4.124,0,0.9926
13436.279,4.128,-0.0001,0.9926
13437.286,4.128,-0.0001,0.9926
13438.29,4.124,-0.0001,0.9926
13439.289,4.128,-0.0001,0.9926
13440.285,4.128,-0.0001,0.9926
13441.281,4.128,0.0002,0.9926
13442.279,4.128,0,0.9926
13443.291,4.124,-0.0001,0.9926
13444.28,4.128,-0.0001,0.9926
13445.288,4.128,-0.0001,0.9926
13446.29,4.128,0,0.9926
13447.276,4.128,0.0001,0.9926
13448.285,4.128,0.0001,0.9926
13449.286,4.124,0.0001,0.9926
13450.284,4.128,-0.0001,0.9926
13451.284,4.124,-0.0001,0.9926
13452.277,4.124,-0.0001,0.9926
13453.284,4.124,-0.0001,0.9926
13454.286,4.128,0.0001,0.9926
13455.287,4.128,0,0.9926
13456.276,4.124,0,0.9926
13457.286,4.128,0.0003,0.9926
13458.283,4.128,0.0001,0.9926
13459.29,4.128,-0.0001,0.9926
13460.28,4.124,-0.0004,0.9926
13461.28,4.128,0,0.9926
13462.284,4.128,-0.0002,0.9926
13463.289,4.128,-0.0001,0.9926
13464.276,4.128,0,0.9926
13465.278,4.128,0,0.9926
13466.283,4.124,0,0.9926
13467.29,4.124,0.0001,0.9926
13468.281,4.128,0,0.9926
13469.285,4.128,0.0003,0.9926
13470.28,4.124,0,0.9926
13471.287,4.128,-0.0001,0.9926
13472.279,4.128,0.0001,0.9926
13473.275,4.124,0.0001,0.9926
13474.287,4.128,-0.0002,0.9926
13475.287,4.124,0,0.9926
13476.276,4.124,0,0.9926
13477.278,4.128,0,0.9926
13478.287,4.128,0,0.9926
13479.286,4.128,0,0.9926
13480.281,4.128,0.0004,0.9926
13481.288,4.128,0,0.9926
13482.275,4.128,0.0002,0.9926
13483.29,4.128,0,0.9926
13484.279,4.128,0,0.9926
13485.282,4.128,0,0.9926
13486.279,4.128,0,0.9926
13487.284,4.128,0.0001,0.9926
13488.275,4.124,-0.0002,0.9926
13489.278,4.124,0.0001,0.9926
13490.282,4.128,0.0001,0.9926
13491.276,4.128,-0.0001,0.9926
13492.278,4.128,0.0001,0.9926
13493.281,4.124,-0.0001,0.9926
13494.281,4.128,-0.0002,0.9926
13495.289,4.128,0,0.9926
13496.275,4.124,0.0002,0.9926
13497.282,4.128,0.0001,0.9926
13498.285,4.128,0.0001,0.9926
13499.284,4.128,0,0.9926
13500.276,4.128,-0.0001,0.9926
13501.28,4.124,0,0.9926
13502.286,4.124,0.0002,0.9926
13503.287,4.124,-0.0001,0.9926
13504.273,4.124,0.0001,0.9926
13505.276,4.128,0,0.9926
13506.278,4.128,0,0.9926
13507.274,4.128,0.0001,0.9926
13508.277,4.128,-0.0002,0.9926
13509.275,4.128,0.0002,0.9926
13510.285,4.128,0.0002,0.9926
13511.284,4.124,0.0002,0.9926
13512.288,4.124,0,0.9926
13513.277,4.128,0,0.9926
13514.286,4.128,-0.0001,0.9926
13515.286,4.128,0,0.9926
13516.276,4.124,0.0001,0.9926
13517.28,4.124,0,0.9926
13518.281,4.128,0.0001,0.9926
13519.283,4.124,0.0001,0.9926
13520.274,4.128,0,0.9926
13521.277,4.124,-0.0002,0.9926
13522.284,4.128,-0.0001,0.9926
13523.278,4.128,0,0.9926
13524.273,4.128,0.0001,0.9926
13525.281,4.128,0,0.9926
13526.28,4.124,-0.0001,0.9926
13527.288,4.128,0,0.9926
13528.273,4.124,0.0002,0.9926
13529.278,4.124,0,0.9926
13530.282,4.128,0,0.9926
13531.287,4.124,0,0.9926
13532.276,4.128,0,0.9926
13533.277,4.128,0,0.9926
13534.281,4.128,0,0.9926
13535.285,4.128,0,0.9926
13536.274,4.128,0.0001,0.9926
13537.279,4.124,-0.0001,0.9926
13538.286,4.128,0.0001,0.9926
13539.284,4.128,0,0.9926
13540.288,4.128,-0.0002,0.9926
13541.287,4.128,0.0001,0.9926
13542.286,4.124,0.0002,0.9926
13543.288,4.128,-0.0001,0.9926
13544.283,4.128,-0.0001,0.9926
13545.286,4.128,-0.0002,0.9926
13546.282,4.128,0.0001,0.9926
13547.276,4.128,0.0001,0.9926
13548.273,4.124,0,0.9926
13549.275,4.128,0.0001,0.9926
13550.279,4.128,-0.0001,0.9926
13551.284,4.128,-0.0001,0.9926
13552.273,4.124,0.0002,0.9926
13553.274,4.128,0.0001,0.9926
13554.277,4.128,-0.0001,0.9926
13555.276,4.128,-0.0001,0.9926
13556.272,4.128,0,0.9926
13557.274,4.124,0.0001,0.9926
13558.279,4.128,0.0001,0.9926
13559.279,4.128,-0.0002,0.9926
13560.276,4.128,0.0001,0.9926
13561.274,4.124,0.0001,0.9926
13562.274,4.128,-0.0001,0.9926
13563.281,4.128,-0.0001,0.9926
13564.274,4.128,-0.0003,0.9926
13565.277,4.124,0.0003,0.9926
13566.273,4.128,0.0002,0.9926
13567.273,4.124,0,0.9926
13568.272,4.128,0.0002,0.9926
13569.272,4.128,-0.0003,0.9926
13570.274,4.128,0.0002,0.9926
13571.281,4.124,0.0001,0.9926
13572.286,4.128,0.0002,0.9926
13573.278,4.128,0.0001,0.9926
13574.281,4.128,0.0001,0.9926
13575.275,4.128,0.0001,0.9926
13576.274,4.124,0.0001,0.9926
13577.274,4.128,0,0.9926
13578.282,4.128,0,0.9926
13579.274,4.124,-0.0002,0.9926
13580.283,4.124,0.0001,0.9926
13581.277,4.124,0,0.9926
13582.277,4.128,-0.0001,0.9926
13583.277,4.128,-0.0001,0.9926
13584.281,4.128,-0.0001,0.9926
13585.282,4.128,0.0002,0.9926
13586.271,4.128,-0.0001,0.9926
13587.281,4.128,-0.0001,0.9926
13588.282,4.128,0.0002,0.9926
13589.273,4.128,-0.0001,0.9926
13590.282,4.128,0.0001,0.9926
13591.271,4.124,0.0001,0.9926
13592.285,4.128,-0.0001,0.9926
13593.28,4.128,-0.0001,0.9926
13594.279,4.128,0,0.9926
13595.28,4.128,0,0.9926
13596.284,4.128,0.0001,0.9926
13597.283,4.124,0,0.9926
13598.275,4.128,0.0002,0.9926
13599.281,4.128,-0.0001,0.9926
13600.285,4.128,0.0001,0.9926
13601.283,4.124,-0.0001,0.9926
13602.28,4.124,0.0002,0.9926
13603.284,4.128,0.0001,0.9926
13604.282,4.128,0.0002,0.9926
13605.284,4.128,0.0001,0.9926
13606.283,4.128,-0.0002,0.9926
13607.284,4.128,0,0.9926
13608.274,4.128,0,0.9926
13609.273,4.128,-0.0002,0.9926
13610.283,4.124,0.0002,0.9926
13611.312,4.124,0,0.9926
13612.288,4.124,0,0.9926
13613.277,4.128,0.0001,0.9926
13614.328,4.128,0.0001,0.9926
13615.306,4.128,0.0002,0.9926
13616.285,4.128,-0.0002,0.9926
13617.301,4.128,0.0002,0.9926
13618.275,4.124,0.0001,0.9926
13619.271,4.128,0.0001,0.9926
13620.275,4.128,-0.0001,0.9926
13621.278,4.128,-0.0001,0.9926
13622.29,4.124,-0.0001,0.9926
13623.306,4.128,-0.0003,0.9926
13624.272,4.128,-0.0001,0.9926
13625.268,4.128,-0.0001,0.9926
13626.278,4.124,0,0.9926
13627.273,4.124,0,0.9926
13628.271,4.128,0.0002,0.9926
13629.285,4.128,0.0001,0.9926
13630.27,4.124,0.0002,0.9926
13631.286,4.124,0,0.9926
13632.274,4.128,0.0001,0.9926
13633.273,4.124,0.0001,0.9926
13634.273,4.128,0,0.9926
13635.273,4.128,-0.0001,0.9926
13636.273,4.124,-0.0001,0.9926
13637.276,4.124,-0.0002,0.9926
13638.276,4.128,0.0002,0.9926
13639.277,4.124,0.0001,0.9926
13640.275,4.128,0,0.9926
13641.274,4.124,0.0001,0.9926
13642.275,4.124,0.0001,0.9926
13643.277,4.128,0,0.9926
13644.273,4.128,0,0.9926
13645.274,4.128,0.0001,0.9926
13646.278,4.124,0.0001,0.9926
13647.276,4.124,0,0.9926
13648.274,4.128,0,0.9926
13649.277,4.128,0.0001,0.9926
13650.277,4.124,0,0.9926
13651.273,4.128,0.0001,0.9926
13652.276,4.128,0.0002,0.9926
13653.283,4.128,-0.0001,0.9926
13654.277,4.128,-0.0002,0.9926
13655.279,4.128,0.0003,0.9926
13656.27,4.128,-0.0002,0.9926
13657.277,4.128,-0.0001,0.9926
13658.279,4.128,-0.0001,0.9926
13659.278,4.128,0.0001,0.9926
13660.277,4.128,-0.0002,0.9926
13661.279,4.124,0,0.9926
13662.279,4.124,0.0002,0.9926
13663.281,4.124,0.0002,0.9926
13664.28,4.124,0.0002,0.9926
13665.284,4.128,-0.0003,0.9926
