time_s,voltage_V,current_A,soc_thuc
0.0,3.352,0.589,0.00015
1.009,3.356,0.589,0.00028333333333333335
2.006,3.36,0.589,0.00042500000000000003
3.0,3.36,0.589,0.0005583333333333333
4.002,3.368,0.589,0.0007
5.004,3.368,0.589,0.0008333333333333334
6.007,3.368,0.589,0.0009666666666666666
7.008,3.376,0.588,0.0011083333333333333
8.021,3.38,0.589,0.0012416666666666667
9.018,3.384,0.589,0.001375
10.021,3.384,0.588,0.0015166666666666668
11.02,3.392,0.588,0.00165
12.028,3.392,0.588,0.0017916666666666667
13.034,3.396,0.588,0.001925
14.025,3.4,0.588,0.0020583333333333335
15.036,3.4,0.588,0.0022
16.04,3.404,0.588,0.002333333333333333
17.041,3.408,0.588,0.0024666666666666665
18.03,3.408,0.588,0.002608333333333333
19.038,3.408,0.588,0.0027416666666666666
20.038,3.416,0.588,0.0028833333333333332
21.047,3.42,0.588,0.0030166666666666666
22.052,3.42,0.588,0.00315
23.042,3.424,0.588,0.0032916666666666667
24.048,3.424,0.588,0.003425
25.054,3.428,0.587,0.003558333333333333
26.045,3.432,0.588,0.0037
27.062,3.436,0.588,0.003833333333333333
28.053,3.432,0.588,0.003966666666666666
29.058,3.44,0.587,0.004108333333333333
30.06,3.444,0.587,0.004241666666666666
31.065,3.444,0.587,0.004375
32.07,3.444,0.588,0.004516666666666666
33.072,3.444,0.587,0.0046500000000000005
34.074,3.452,0.587,0.004783333333333334
35.074,3.452,0.587,0.004925
36.072,3.456,0.587,0.005058333333333334
37.068,3.456,0.587,0.0052
38.072,3.46,0.587,0.005333333333333334
39.076,3.46,0.587,0.0054666666666666665
40.083,3.464,0.587,0.005608333333333334
41.084,3.468,0.587,0.005741666666666667
42.08,3.468,0.587,0.005875
43.083,3.472,0.587,0.006016666666666667
44.092,3.472,0.587,0.00615
45.096,3.472,0.587,0.0062833333333333335
46.086,3.476,0.587,0.006425
47.092,3.476,0.587,0.0065583333333333335
48.099,3.48,0.587,0.006691666666666666
49.104,3.48,0.587,0.006833333333333333
50.093,3.484,0.587,0.006966666666666666
51.096,3.488,0.586,0.0070999999999999995
52.101,3.484,0.587,0.007241666666666666
53.102,3.492,0.587,0.007375
54.108,3.492,0.587,0.007508333333333333
55.106,3.492,0.586,0.00765
56.113,3.496,0.586,0.007783333333333333
57.117,3.496,0.586,0.007916666666666667
58.108,3.496,0.586,0.00805
59.122,3.496,0.586,0.008191666666666667
60.124,3.5,0.586,0.008325
61.114,3.504,0.586,0.008458333333333333
62.12,3.504,0.586,0.0086
63.123,3.504,0.586,0.008733333333333334
64.129,3.508,0.586,0.008866666666666667
65.134,3.512,0.586,0.009008333333333333
66.137,3.512,0.586,0.009141666666666668
67.14,3.508,0.586,0.009275
68.132,3.512,0.586,0.009416666666666667
69.136,3.516,0.586,0.009550000000000001
70.14,3.52,0.586,0.009683333333333332
71.144,3.52,0.586,0.009824999999999999
72.146,3.52,0.586,0.009958333333333333
73.153,3.524,0.586,0.010091666666666665
74.144,3.524,0.586,0.010225
75.15,3.524,0.586,0.010366666666666666
76.148,3.528,0.586,0.010499999999999999
77.151,3.528,0.586,0.010633333333333333
78.152,3.528,0.586,0.010775
79.165,3.532,0.586,0.010908333333333332
80.155,3.536,0.586,0.011041666666666667
81.17,3.532,0.585,0.011183333333333333
82.159,3.536,0.585,0.011316666666666668
83.162,3.536,0.585,0.01145
84.168,3.54,0.586,0.011583333333333334
85.173,3.54,0.586,0.011725000000000001
86.167,3.544,0.586,0.011858333333333334
87.174,3.544,0.586,0.011991666666666668
88.168,3.548,0.586,0.012133333333333335
89.174,3.548,0.585,0.012266666666666667
90.186,3.548,0.585,0.012400000000000001
91.178,3.552,0.585,0.012541666666666668
92.184,3.552,0.585,0.012675
93.193,3.552,0.585,0.012808333333333333
94.188,3.552,0.585,0.012941666666666666
95.182,3.556,0.585,0.013083333333333332
96.191,3.56,0.585,0.013216666666666666
97.192,3.556,0.585,0.013349999999999999
98.191,3.56,0.585,0.013491666666666667
99.196,3.56,0.585,0.013625000000000002
100.193,3.56,0.585,0.013758333333333334
101.206,3.56,0.585,0.013891666666666668
102.207,3.56,0.585,0.014033333333333333
103.202,3.568,0.585,0.014166666666666666
104.201,3.564,0.585,0.0143
105.213,3.568,0.585,0.014441666666666665
106.215,3.572,0.585,0.014575
107.212,3.572,0.585,0.014708333333333332
108.211,3.572,0.585,0.014841666666666666
109.218,3.576,0.585,0.014983333333333333
110.22,3.572,0.585,0.015116666666666667
111.215,3.576,0.585,0.015250000000000001
112.226,3.576,0.585,0.015383333333333334
113.221,3.58,0.585,0.015524999999999999
114.233,3.58,0.585,0.015658333333333333
115.224,3.584,0.585,0.015791666666666666
116.225,3.58,0.585,0.015933333333333334
117.237,3.584,0.585,0.016066666666666667
118.236,3.584,0.585,0.016200000000000003
119.23,3.584,0.585,0.016333333333333335
120.243,3.588,0.585,0.016475
121.24,3.588,0.585,0.016608333333333333
122.24,3.588,0.585,0.016741666666666665
123.25,3.592,0.585,0.016875
124.248,3.592,0.585,0.01701666666666667
125.247,3.592,0.584,0.01715
126.254,3.592,0.584,0.01728333333333333
127.258,3.596,0.585,0.017425
128.253,3.596,0.584,0.017558333333333332
129.25,3.596,0.585,0.017691666666666668
130.255,3.6,0.584,0.017825
131.262,3.6,0.585,0.017966666666666666
132.261,3.6,0.584,0.018099999999999998
133.273,3.604,0.584,0.018233333333333334
134.268,3.604,0.584,0.018366666666666667
135.263,3.604,0.584,0.018508333333333335
136.268,3.604,0.584,0.018641666666666667
137.27,3.604,0.584,0.018775
138.268,3.608,0.584,0.018908333333333336
139.284,3.608,0.584,0.01905
140.281,3.608,0.584,0.019183333333333333
141.284,3.612,0.584,0.019316666666666666
142.278,3.612,0.584,0.01945
143.288,3.612,0.584,0.019591666666666667
144.296,3.616,0.584,0.019725000000000003
145.291,3.616,0.584,0.019858333333333332
146.288,3.62,0.584,0.02
147.288,3.616,0.584,0.020133333333333333
148.29,3.62,0.584,0.020266666666666665
149.294,3.624,0.584,0.0204
150.307,3.624,0.583,0.020533333333333334
151.304,3.624,0.584,0.020675
152.3,3.624,0.584,0.02080833333333333
153.306,3.624,0.584,0.020941666666666667
154.301,3.628,0.584,0.021075
155.31,3.624,0.584,0.02121666666666667
156.316,3.628,0.584,0.02135
157.318,3.628,0.584,0.021483333333333333
158.322,3.632,0.584,0.02161666666666667
159.324,3.632,0.584,0.021758333333333334
160.321,3.628,0.584,0.021891666666666667
161.317,3.632,0.584,0.022025
162.318,3.636,0.584,0.022158333333333332
163.331,3.636,0.584,0.0223
164.328,3.636,0.584,0.022433333333333336
165.326,3.636,0.583,0.022566666666666665
166.324,3.64,0.583,0.022699999999999998
167.338,3.636,0.584,0.022841666666666666
168.336,3.64,0.583,0.022975
169.344,3.64,0.584,0.023108333333333335
170.34,3.644,0.583,0.023241666666666667
171.337,3.644,0.584,0.023383333333333332
172.336,3.644,0.584,0.023516666666666665
173.347,3.644,0.584,0.02365
174.34,3.648,0.584,0.023783333333333333
175.352,3.648,0.583,0.023925000000000002
176.347,3.644,0.583,0.024058333333333334
177.357,3.644,0.583,0.024191666666666667
178.361,3.648,0.583,0.024325
179.359,3.652,0.583,0.024466666666666668
180.356,3.652,0.583,0.0246
181.354,3.648,0.583,0.024733333333333333
182.365,3.652,0.583,0.024866666666666665
183.37,3.656,0.583,0.025008333333333334
184.366,3.66,0.583,0.02514166666666667
185.363,3.656,0.583,0.025275
186.364,3.652,0.583,0.02540833333333333
187.38,3.652,0.583,0.025541666666666664
188.375,3.66,0.583,0.025683333333333332
189.371,3.656,0.583,0.02581666666666667
190.374,3.66,0.583,0.02595
191.376,3.664,0.583,0.026083333333333333
192.386,3.664,0.583,0.026225
193.379,3.66,0.583,0.02635833333333333
194.388,3.664,0.583,0.026491666666666667
195.386,3.664,0.583,0.026625
196.397,3.664,0.583,0.026766666666666664
197.397,3.664,0.583,0.0269
198.392,3.668,0.583,0.027033333333333333
199.391,3.668,0.583,0.02716666666666667
200.4,3.672,0.583,0.027299999999999998
201.397,3.672,0.583,0.027441666666666666
202.41,3.668,0.583,0.027575000000000002
203.403,3.672,0.583,0.027708333333333335
204.399,3.672,0.583,0.027841666666666664
205.402,3.676,0.583,0.027983333333333332
206.416,3.672,0.583,0.02811666666666667
207.409,3.672,0.583,0.028249999999999997
208.418,3.676,0.583,0.028383333333333337
209.41,3.676,0.582,0.028516666666666666
210.419,3.676,0.583,0.028658333333333334
211.415,3.676,0.583,0.028791666666666663
212.426,3.68,0.583,0.028925
213.425,3.68,0.582,0.029058333333333332
214.421,3.68,0.583,0.0292
215.422,3.684,0.582,0.029333333333333336
216.434,3.68,0.583,0.029466666666666665
217.439,3.684,0.582,0.0296
218.434,3.684,0.583,0.029733333333333334
219.432,3.684,0.583,0.029875000000000002
220.444,3.684,0.583,0.03000833333333333
221.441,3.684,0.582,0.030141666666666667
222.436,3.688,0.582,0.030275
223.448,3.688,0.582,0.030408333333333336
224.446,3.688,0.582,0.030549999999999997
225.444,3.684,0.582,0.030683333333333333
226.457,3.688,0.582,0.030816666666666662
227.453,3.692,0.583,0.030950000000000002
228.454,3.692,0.582,0.03109166666666667
229.451,3.688,0.583,0.031225
230.464,3.692,0.582,0.031358333333333335
231.459,3.692,0.582,0.03149166666666667
232.456,3.692,0.582,0.031625
233.469,3.696,0.582,0.031766666666666665
234.464,3.7,0.582,0.0319
235.461,3.696,0.582,0.03203333333333333
236.469,3.7,0.582,0.03216666666666667
237.464,3.7,0.582,0.032299999999999995
238.476,3.696,0.582,0.03244166666666667
239.473,3.7,0.582,0.032575
240.472,3.7,0.582,0.03270833333333333
241.485,3.7,0.582,0.032841666666666665
242.48,3.704,0.582,0.032975
243.492,3.704,0.582,0.03311666666666667
244.483,3.708,0.582,0.03325
245.483,3.704,0.582,0.033383333333333334
246.486,3.704,0.582,0.03351666666666667
247.496,3.704,0.582,0.03365
248.496,3.708,0.582,0.033791666666666664
249.494,3.704,0.582,0.033925000000000004
250.494,3.708,0.582,0.03405833333333333
251.506,3.708,0.582,0.03419166666666667
252.504,3.712,0.581,0.034325
253.503,3.708,0.582,0.034466666666666666
254.502,3.712,0.582,0.034600000000000006
255.501,3.708,0.582,0.03473333333333333
256.515,3.712,0.582,0.03486666666666667
257.515,3.716,0.582,0.035
258.515,3.716,0.582,0.03514166666666667
259.51,3.712,0.582,0.035275
260.525,3.716,0.582,0.03540833333333333
261.521,3.716,0.582,0.035541666666666666
262.518,3.716,0.582,0.035675000000000005
263.521,3.716,0.582,0.03580833333333333
264.532,3.72,0.582,0.03595
265.533,3.72,0.582,0.03608333333333333
266.534,3.724,0.582,0.03621666666666667
267.533,3.724,0.582,0.03635
268.53,3.724,0.582,0.03648333333333333
269.53,3.724,0.582,0.036625000000000005
270.542,3.72,0.582,0.03675833333333333
271.539,3.724,0.582,0.03689166666666667
272.535,3.732,0.582,0.037025
273.551,3.724,0.582,0.037158333333333335
274.543,3.724,0.582,0.0373
275.552,3.732,0.581,0.03743333333333333
276.545,3.732,0.582,0.037566666666666665
277.549,3.732,0.582,0.037700000000000004
278.555,3.732,0.582,0.03783333333333333
279.554,3.728,0.582,0.037975
280.553,3.728,0.581,0.03810833333333333
281.565,3.732,0.581,0.03824166666666667
282.564,3.724,0.582,0.038375
283.56,3.732,0.582,0.03850833333333333
284.561,3.736,0.581,0.038641666666666664
285.569,3.732,0.581,0.03878333333333333
286.567,3.736,0.581,0.03891666666666667
287.567,3.728,0.582,0.03905
288.567,3.732,0.581,0.039183333333333334
289.578,3.736,0.581,0.039316666666666666
290.574,3.736,0.581,0.03945833333333333
291.577,3.736,0.581,0.039591666666666664
292.584,3.74,0.581,0.039725
293.585,3.74,0.581,0.03985833333333333
294.58,3.736,0.582,0.03999166666666667
295.593,3.732,0.581,0.04013333333333333
296.582,3.74,0.581,0.040266666666666666
297.587,3.744,0.581,0.0404
298.588,3.74,0.581,0.04053333333333333
299.593,3.744,0.581,0.04066666666666666
300.605,3.74,0.581,0.0408
301.6,3.74,0.581,0.04094166666666667
302.604,3.74,0.581,0.041075
303.607,3.744,0.581,0.04120833333333333
304.599,3.748,0.581,0.041341666666666665
305.602,3.752,0.581,0.041475000000000005
306.616,3.752,0.581,0.04160833333333333
307.607,3.744,0.581,0.04175
308.611,3.748,0.581,0.041883333333333335
309.608,3.748,0.581,0.04201666666666667
310.617,3.744,0.581,0.04215
311.623,3.752,0.581,0.04228333333333333
312.617,3.756,0.581,0.042425
313.618,3.752,0.581,0.04255833333333334
314.62,3.752,0.581,0.04269166666666666
315.632,3.752,0.581,0.042825
316.631,3.752,0.581,0.04295833333333333
317.625,3.748,0.581,0.04309166666666667
318.637,3.756,0.581,0.04323333333333334
319.633,3.744,0.581,0.043366666666666664
320.645,3.752,0.581,0.043500000000000004
321.633,3.76,0.581,0.04363333333333333
322.641,3.744,0.581,0.04376666666666667
323.639,3.752,0.581,0.0439
324.647,3.756,0.581,0.044041666666666666
325.645,3.76,0.581,0.044175
326.651,3.76,0.581,0.04430833333333333
327.652,3.76,0.581,0.044441666666666664
328.652,3.768,0.581,0.044575000000000004
329.659,3.768,0.581,0.04470833333333333
330.656,3.768,0.581,0.04485
331.663,3.76,0.581,0.044983333333333334
332.687,3.764,0.581,0.045116666666666666
333.656,3.764,0.58,0.04525
334.658,3.772,0.581,0.04538333333333333
335.661,3.764,0.581,0.045516666666666664
336.662,3.776,0.581,0.045658333333333335
337.673,3.764,0.581,0.04579166666666667
338.68,3.768,0.58,0.045925
339.673,3.764,0.58,0.04605833333333333
340.682,3.768,0.581,0.046191666666666666
341.68,3.768,0.581,0.046325000000000005
342.684,3.776,0.581,0.04645833333333333
343.683,3.768,0.581,0.0466
344.687,3.772,0.58,0.046733333333333335
345.687,3.772,0.581,0.04686666666666667
346.686,3.764,0.58,0.047
347.685,3.764,0.581,0.04713333333333333
348.692,3.768,0.581,0.047266666666666665
349.699,3.76,0.58,0.04740833333333334
350.691,3.772,0.58,0.04754166666666666
351.696,3.768,0.58,0.047675
352.701,3.772,0.58,0.047808333333333335
353.709,3.772,0.581,0.04794166666666667
354.701,3.772,0.58,0.048075
355.708,3.776,0.58,0.04820833333333333
356.702,3.772,0.58,0.048350000000000004
357.709,3.784,0.58,0.04848333333333333
358.72,3.788,0.58,0.04861666666666667
359.712,3.784,0.58,0.04875
360.721,3.776,0.58,0.04888333333333333
361.713,3.78,0.58,0.04901666666666667
362.716,3.772,0.58,0.04915
363.721,3.768,0.581,0.049291666666666664
364.722,3.78,0.581,0.049425000000000004
365.732,3.78,0.58,0.04955833333333333
366.726,3.772,0.58,0.04969166666666667
367.726,3.78,0.58,0.049825
368.726,3.772,0.58,0.049958333333333334
369.733,3.78,0.58,0.0501
370.743,3.78,0.58,0.05023333333333333
371.733,3.78,0.58,0.050366666666666664
372.742,3.776,0.58,0.0505
373.75,3.792,0.58,0.05063333333333333
374.738,3.776,0.58,0.05076666666666667
375.744,3.792,0.58,0.0509
376.752,3.784,0.58,0.051041666666666666
377.757,3.788,0.58,0.051175
378.747,3.788,0.58,0.05130833333333333
379.756,3.788,0.58,0.05144166666666666
380.761,3.796,0.58,0.051575
381.753,3.796,0.58,0.05170833333333333
382.755,3.792,0.58,0.05184166666666667
383.762,3.8,0.58,0.05198333333333333
384.772,3.8,0.58,0.052116666666666665
385.766,3.788,0.58,0.052250000000000005
386.774,3.784,0.58,0.05238333333333333
387.763,3.792,0.58,0.05251666666666667
388.774,3.796,0.58,0.05265
389.78,3.792,0.58,0.052783333333333335
390.774,3.8,0.58,0.052925
391.78,3.796,0.58,0.05305833333333333
392.78,3.792,0.58,0.053191666666666665
393.784,3.8,0.58,0.053325000000000004
394.792,3.808,0.58,0.05345833333333334
395.784,3.8,0.58,0.05359166666666667
396.791,3.784,0.58,0.053725
397.792,3.796,0.58,0.05386666666666667
398.787,3.788,0.58,0.054
399.799,3.792,0.58,0.054133333333333325
400.798,3.8,0.58,0.05426666666666667
401.793,3.788,0.58,0.054400000000000004
402.804,3.808,0.58,0.05453333333333333
403.8,3.808,0.58,0.05466666666666666
404.812,3.796,0.58,0.05480833333333333
405.808,3.804,0.58,0.05494166666666667
406.804,3.804,0.58,0.055075000000000006
407.803,3.796,0.58,0.05520833333333333
408.815,3.808,0.58,0.055341666666666664
409.809,3.8,0.58,0.055475
410.818,3.804,0.58,0.055608333333333336
411.813,3.8,0.58,0.05574166666666667
412.824,3.8,0.579,0.055883333333333333
413.819,3.796,0.58,0.056016666666666666
414.819,3.808,0.58,0.05615
415.832,3.812,0.58,0.05628333333333334
416.828,3.804,0.58,0.05641666666666667
417.823,3.796,0.579,0.056549999999999996
418.837,3.804,0.58,0.05668333333333333
419.835,3.8,0.58,0.056825
420.829,3.812,0.579,0.056958333333333326
421.844,3.804,0.58,0.05709166666666667
422.843,3.8,0.579,0.057225
423.839,3.816,0.58,0.05735833333333333
424.851,3.812,0.579,0.05749166666666666
425.847,3.8,0.579,0.057625
426.844,3.804,0.579,0.057758333333333335
427.856,3.82,0.579,0.05789166666666667
428.854,3.816,0.579,0.05803333333333333
429.855,3.812,0.579,0.058166666666666665
430.854,3.8,0.579,0.0583
431.863,3.816,0.579,0.05843333333333334
432.866,3.812,0.58,0.05856666666666667
433.861,3.808,0.579,0.058699999999999995
434.868,3.82,0.579,0.05883333333333333
435.86,3.824,0.58,0.058975
436.867,3.824,0.579,0.05910833333333334
437.874,3.816,0.579,0.05924166666666667
438.866,3.824,0.579,0.059375
439.875,3.82,0.579,0.05950833333333333
440.88,3.808,0.579,0.05964166666666666
441.87,3.812,0.579,0.059775
442.879,3.812,0.579,0.059908333333333334
443.888,3.82,0.579,0.06004166666666667
444.881,3.82,0.579,0.06018333333333333
445.89,3.824,0.579,0.060316666666666664
446.895,3.82,0.579,0.060450000000000004
447.887,3.812,0.579,0.060583333333333336
448.891,3.804,0.579,0.06071666666666667
449.897,3.808,0.579,0.060849999999999994
450.903,3.82,0.579,0.06098333333333334
451.895,3.82,0.579,0.061116666666666666
452.898,3.82,0.579,0.06125833333333334
453.903,3.824,0.579,0.06139166666666667
454.907,3.824,0.579,0.061524999999999996
455.913,3.816,0.579,0.06165833333333333
456.908,3.816,0.579,0.06179166666666667
457.915,3.82,0.579,0.061925
458.907,3.82,0.579,0.06205833333333333
459.912,3.82,0.579,0.062191666666666666
460.919,3.824,0.579,0.062325000000000005
461.911,3.82,0.579,0.06246666666666666
462.921,3.832,0.579,0.0626
463.93,3.824,0.579,0.06273333333333334
464.922,3.824,0.579,0.06286666666666667
465.932,3.832,0.579,0.063
466.925,3.828,0.579,0.06313333333333333
467.923,3.82,0.579,0.06326666666666667
468.929,3.824,0.579,0.0634
469.938,3.828,0.578,0.06354166666666666
470.932,3.832,0.579,0.063675
471.937,3.836,0.578,0.06380833333333333
472.944,3.84,0.579,0.06394166666666667
473.934,3.828,0.579,0.06407500000000001
474.94,3.824,0.579,0.06420833333333333
475.941,3.824,0.579,0.06434166666666666
476.941,3.836,0.579,0.064475
477.957,3.828,0.579,0.06460833333333334
478.959,3.832,0.579,0.06475
479.96,3.844,0.579,0.06488333333333333
480.963,3.832,0.579,0.06501666666666667
481.955,3.828,0.579,0.06515
482.959,3.824,0.579,0.06528333333333333
483.967,3.816,0.579,0.06541666666666666
484.958,3.844,0.579,0.06555
485.966,3.82,0.579,0.06568333333333333
486.975,3.832,0.579,0.06581666666666668
487.967,3.828,0.579,0.06595833333333334
488.974,3.836,0.579,0.06609166666666667
489.98,3.836,0.579,0.06622499999999999
490.974,3.828,0.579,0.06635833333333332
491.982,3.84,0.578,0.06649166666666667
492.974,3.832,0.579,0.066625
493.981,3.836,0.579,0.06675833333333334
494.988,3.832,0.579,0.06689166666666667
495.981,3.836,0.579,0.067025
496.988,3.836,0.579,0.06716666666666667
497.996,3.832,0.579,0.0673
498.985,3.832,0.579,0.06743333333333333
499.995,3.832,0.578,0.06756666666666666
501.001,3.824,0.579,0.0677
501.991,3.836,0.579,0.06783333333333334
502.998,3.836,0.579,0.06796666666666668
504.008,3.832,0.579,0.0681
504.999,3.824,0.579,0.06823333333333333
506.008,3.84,0.579,0.06837499999999999
507.001,3.844,0.579,0.06850833333333332
508.006,3.824,0.579,0.06864166666666667
509.013,3.848,0.578,0.068775
510.019,3.828,0.579,0.06890833333333334
511.01,3.836,0.579,0.06904166666666667
512.019,3.836,0.579,0.069175
513.025,3.832,0.579,0.06930833333333333
514.017,3.828,0.579,0.06944166666666667
515.025,3.836,0.578,0.069575
516.029,3.844,0.579,0.06971666666666666
517.033,3.848,0.579,0.06985
518.024,3.84,0.579,0.06998333333333334
519.033,3.844,0.579,0.07011666666666666
520.027,3.836,0.579,0.07024999999999999
521.034,3.828,0.579,0.07038333333333333
522.037,3.836,0.578,0.07051666666666667
523.044,3.84,0.578,0.07065
524.049,3.844,0.579,0.07078333333333334
525.043,3.848,0.579,0.070925
526.049,3.848,0.578,0.07105833333333333
527.055,3.828,0.579,0.07119166666666667
528.046,3.844,0.579,0.071325
529.053,3.836,0.578,0.07145833333333333
530.061,3.832,0.579,0.07159166666666666
531.051,3.844,0.579,0.071725
532.062,3.844,0.579,0.07185833333333334
533.064,3.836,0.578,0.07199166666666666
534.069,3.836,0.579,0.07213333333333334
535.056,3.832,0.579,0.07226666666666666
536.063,3.836,0.579,0.07239999999999999
537.069,3.848,0.579,0.07253333333333334
538.075,3.84,0.578,0.07266666666666667
539.067,3.84,0.579,0.0728
540.073,3.856,0.579,0.07293333333333334
541.075,3.836,0.579,0.07306666666666667
542.073,3.832,0.578,0.0732
543.072,3.844,0.578,0.07333333333333333
544.086,3.84,0.579,0.073475
545.087,3.844,0.578,0.07360833333333333
546.092,3.84,0.579,0.07374166666666666
547.083,3.836,0.579,0.07387500000000001
548.092,3.852,0.578,0.07400833333333333
549.094,3.84,0.579,0.07414166666666666
550.1,3.844,0.578,0.074275
551.093,3.848,0.578,0.07440833333333334
552.1,3.848,0.578,0.07454166666666667
553.093,3.848,0.578,0.074675
554.099,3.844,0.579,0.07481666666666667
555.107,3.852,0.579,0.07495
556.113,3.844,0.578,0.07508333333333334
557.106,3.84,0.579,0.07521666666666667
558.114,3.832,0.578,0.07535
559.108,3.836,0.578,0.07548333333333333
560.116,3.836,0.578,0.07561666666666667
561.117,3.84,0.579,0.07575
562.124,3.844,0.578,0.07588333333333333
563.115,3.856,0.579,0.07601666666666666
564.124,3.84,0.578,0.07615833333333333
565.129,3.848,0.578,0.07629166666666666
566.122,3.856,0.578,0.07642499999999999
567.13,3.836,0.579,0.07655833333333334
568.135,3.852,0.579,0.07669166666666667
569.129,3.848,0.578,0.076825
570.136,3.844,0.578,0.07695833333333332
571.128,3.848,0.578,0.07709166666666667
572.134,3.852,0.579,0.077225
573.145,3.836,0.579,0.07735833333333333
574.134,3.836,0.579,0.0775
575.142,3.848,0.579,0.07763333333333333
576.151,3.848,0.578,0.07776666666666666
577.14,3.848,0.578,0.0779
578.147,3.848,0.579,0.07803333333333333
579.148,3.84,0.578,0.07816666666666666
580.15,3.836,0.579,0.0783
581.162,3.856,0.578,0.07843333333333334
582.16,3.84,0.578,0.07856666666666667
583.163,3.852,0.579,0.07869999999999999
584.162,3.832,0.579,0.07884166666666667
585.164,3.844,0.578,0.078975
586.16,3.848,0.579,0.07910833333333334
587.163,3.84,0.579,0.07924166666666667
588.166,3.856,0.579,0.079375
589.173,3.86,0.578,0.07950833333333333
590.176,3.84,0.578,0.07964166666666667
591.181,3.852,0.578,0.079775
592.171,3.848,0.578,0.07990833333333333
593.176,3.836,0.578,0.08005
594.18,3.844,0.579,0.08018333333333333
595.184,3.856,0.579,0.08031666666666666
596.177,3.848,0.578,0.08045000000000001
597.182,3.84,0.578,0.08058333333333334
598.188,3.856,0.579,0.08071666666666667
599.195,3.848,0.578,0.08084999999999999
600.201,3.848,0.579,0.08098333333333334
601.193,3.852,0.578,0.08111666666666667
602.199,3.836,0.578,0.08125
603.205,3.84,0.578,0.08139166666666667
604.208,3.844,0.579,0.081525
605.199,3.852,0.579,0.08165833333333333
606.201,3.848,0.578,0.08179166666666667
607.204,3.856,0.578,0.081925
608.205,3.844,0.578,0.08205833333333333
609.215,3.86,0.579,0.08219166666666666
610.216,3.84,0.578,0.08232500000000001
611.218,3.844,0.579,0.08245833333333334
612.211,3.848,0.578,0.08259166666666666
613.218,3.86,0.578,0.08273333333333334
614.223,3.844,0.578,0.08286666666666666
615.225,3.856,0.578,0.08299999999999999
616.226,3.848,0.578,0.08313333333333334
617.23,3.84,0.578,0.08326666666666667
618.231,3.84,0.578,0.0834
619.232,3.832,0.578,0.08353333333333333
620.225,3.84,0.578,0.08366666666666667
621.23,3.848,0.579,0.0838
622.236,3.836,0.578,0.08393333333333333
623.243,3.848,0.578,0.08406666666666666
624.234,3.852,0.578,0.08420833333333333
625.239,3.848,0.578,0.08434166666666666
626.248,3.84,0.578,0.08447500000000001
627.24,3.856,0.578,0.08460833333333334
628.247,3.84,0.578,0.08474166666666666
629.253,3.856,0.578,0.08487499999999999
630.256,3.848,0.578,0.08500833333333334
631.249,3.848,0.578,0.08514166666666667
632.264,3.84,0.578,0.085275
633.254,3.848,0.578,0.08540833333333332
634.261,3.856,0.578,0.08555
635.269,3.856,0.578,0.08568333333333333
636.26,3.848,0.578,0.08581666666666667
637.263,3.852,0.578,0.08595
638.27,3.856,0.579,0.08608333333333333
639.276,3.852,0.578,0.08621666666666666
640.268,3.84,0.579,0.08635000000000001
641.276,3.848,0.578,0.08648333333333333
642.284,3.848,0.578,0.08661666666666666
643.276,3.848,0.578,0.08675
644.28,3.844,0.578,0.08689166666666666
645.29,3.848,0.578,0.087025
646.278,3.84,0.578,0.08715833333333334
647.286,3.844,0.578,0.08729166666666667
648.29,3.848,0.579,0.087425
649.284,3.852,0.578,0.08755833333333332
650.291,3.848,0.578,0.08769166666666667
651.296,3.856,0.578,0.087825
652.289,3.852,0.578,0.08795833333333333
653.294,3.852,0.578,0.08809166666666667
654.298,3.852,0.578,0.088225
655.302,3.856,0.578,0.08836666666666668
656.31,3.856,0.579,0.08850000000000001
657.3,3.856,0.579,0.08863333333333333
658.307,3.852,0.578,0.08876666666666666
659.315,3.852,0.578,0.0889
660.319,3.844,0.578,0.08903333333333334
661.31,3.856,0.578,0.08916666666666667
662.318,3.848,0.579,0.08929999999999999
663.324,3.852,0.578,0.08943333333333332
664.327,3.852,0.578,0.08956666666666667
665.32,3.852,0.578,0.08970833333333333
666.329,3.844,0.578,0.08984166666666667
667.321,3.84,0.578,0.089975
668.33,3.856,0.578,0.09010833333333333
669.338,3.856,0.578,0.09024166666666668
670.33,3.844,0.578,0.090375
671.336,3.852,0.578,0.09050833333333333
672.335,3.84,0.578,0.09064166666666666
673.334,3.864,0.578,0.09077500000000001
674.333,3.844,0.578,0.09090833333333334
675.334,3.864,0.578,0.09105
676.351,3.852,0.578,0.09118333333333334
677.345,3.844,0.578,0.09131666666666667
678.354,3.856,0.578,0.09144999999999999
679.345,3.84,0.578,0.09158333333333334
680.35,3.852,0.578,0.09171666666666667
681.36,3.86,0.578,0.09185
682.35,3.864,0.578,0.09198333333333333
683.366,3.852,0.578,0.09211666666666667
684.356,3.852,0.579,0.09225
685.359,3.856,0.578,0.09239166666666666
686.366,3.844,0.578,0.092525
687.373,3.856,0.578,0.09265833333333333
688.367,3.844,0.578,0.09279166666666666
689.375,3.856,0.578,0.09292500000000001
690.379,3.852,0.578,0.09305833333333334
691.371,3.856,0.578,0.09319166666666666
692.377,3.852,0.578,0.09332499999999999
693.385,3.844,0.578,0.09345833333333334
694.376,3.848,0.578,0.09359166666666667
695.376,3.86,0.578,0.093725
696.381,3.852,0.578,0.09386666666666667
697.389,3.856,0.578,0.094
698.382,3.84,0.578,0.09413333333333333
699.389,3.844,0.579,0.09426666666666667
700.396,3.852,0.578,0.0944
701.388,3.852,0.578,0.09453333333333333
702.397,3.848,0.578,0.09466666666666666
703.404,3.848,0.578,0.09480000000000001
704.396,3.848,0.578,0.09493333333333333
705.404,3.852,0.578,0.09506666666666666
706.398,3.852,0.578,0.09520833333333334
707.407,3.872,0.578,0.09534166666666666
708.411,3.856,0.578,0.09547499999999999
709.404,3.86,0.578,0.09560833333333334
710.412,3.848,0.578,0.09574166666666667
711.42,3.868,0.578,0.095875
712.412,3.856,0.578,0.09600833333333333
713.418,3.852,0.578,0.09614166666666667
714.425,3.856,0.578,0.096275
715.415,3.856,0.578,0.09640833333333333
716.422,3.856,0.578,0.09654166666666666
717.429,3.86,0.579,0.09668333333333333
718.422,3.86,0.578,0.09681666666666668
719.426,3.856,0.578,0.09695000000000001
720.435,3.856,0.578,0.09708333333333333
721.426,3.848,0.578,0.09721666666666666
722.432,3.864,0.579,0.09734999999999999
723.437,3.86,0.578,0.09748333333333334
724.443,3.852,0.578,0.09761666666666667
725.45,3.856,0.578,0.09775
726.44,3.86,0.578,0.09788333333333332
727.449,3.856,0.578,0.098025
728.441,3.844,0.578,0.09815833333333333
729.443,3.848,0.578,0.09829166666666667
730.452,3.852,0.578,0.098425
731.458,3.86,0.578,0.09855833333333333
732.449,3.852,0.578,0.09869166666666668
733.458,3.848,0.578,0.098825
734.466,3.852,0.578,0.09895833333333333
735.459,3.856,0.578,0.09909166666666666
736.464,3.856,0.578,0.099225
737.468,3.844,0.578,0.09935833333333334
738.475,3.848,0.578,0.0995
739.465,3.848,0.578,0.09963333333333334
740.478,3.852,0.578,0.09976666666666667
741.466,3.86,0.578,0.0999
742.481,3.86,0.578,0.10003333333333334
743.483,3.852,0.578,0.10016666666666667
744.484,3.86,0.578,0.1003
745.488,3.856,0.578,0.10043333333333333
746.48,3.86,0.578,0.10056666666666668
747.486,3.848,0.578,0.1007
748.491,3.852,0.578,0.10084166666666668
749.496,3.864,0.578,0.100975
750.486,3.864,0.578,0.10110833333333333
751.491,3.856,0.578,0.10124166666666666
752.496,3.856,0.578,0.101375
753.496,3.856,0.578,0.10150833333333334
754.498,3.86,0.578,0.10164166666666667
755.507,3.848,0.579,0.10177499999999999
756.511,3.852,0.578,0.10190833333333334
757.505,3.856,0.579,0.10204166666666667
758.513,3.86,0.578,0.102175
759.507,3.856,0.578,0.10231666666666667
760.513,3.868,0.578,0.10245
761.515,3.86,0.578,0.10258333333333333
762.521,3.868,0.578,0.10271666666666666
763.513,3.86,0.578,0.10285
764.52,3.856,0.578,0.10298333333333333
765.525,3.856,0.578,0.10311666666666666
766.518,3.86,0.578,0.10325000000000001
767.524,3.864,0.578,0.10338333333333334
768.532,3.848,0.578,0.10351666666666666
769.524,3.856,0.578,0.10364999999999999
770.527,3.844,0.578,0.10379166666666667
771.534,3.856,0.578,0.10392499999999999
772.539,3.864,0.578,0.10405833333333334
773.531,3.86,0.578,0.10419166666666667
774.535,3.864,0.578,0.104325
775.543,3.852,0.578,0.10445833333333333
776.545,3.864,0.578,0.10459166666666667
777.55,3.856,0.578,0.104725
778.541,3.852,0.578,0.10485833333333333
779.55,3.852,0.578,0.10499166666666666
780.558,3.864,0.578,0.10512500000000001
781.55,3.868,0.578,0.10526666666666666
782.557,3.86,0.578,0.10540000000000001
783.559,3.868,0.578,0.10553333333333334
784.566,3.864,0.578,0.10566666666666666
785.555,3.86,0.578,0.10579999999999999
786.56,3.86,0.578,0.10593333333333334
787.568,3.848,0.578,0.10606666666666667
788.559,3.868,0.578,0.1062
789.566,3.856,0.578,0.10633333333333334
790.576,3.868,0.578,0.10646666666666667
791.569,3.864,0.578,0.1066
792.577,3.852,0.578,0.10674166666666667
793.57,3.856,0.578,0.106875
794.579,3.852,0.578,0.10700833333333333
795.587,3.864,0.578,0.10714166666666666
796.577,3.856,0.578,0.107275
797.585,3.852,0.578,0.10740833333333333
798.581,3.852,0.578,0.10754166666666667
799.587,3.864,0.578,0.107675
800.594,3.86,0.578,0.10780833333333334
801.6,3.86,0.578,0.10794166666666667
802.591,3.86,0.578,0.10808333333333332
803.598,3.86,0.578,0.10821666666666668
804.599,3.856,0.578,0.10835
805.604,3.864,0.578,0.10848333333333333
806.606,3.86,0.578,0.10861666666666667
807.604,3.86,0.578,0.10875
808.601,3.856,0.578,0.10888333333333333
809.617,3.856,0.578,0.10901666666666666
810.604,3.86,0.578,0.10915
811.609,3.86,0.578,0.10928333333333332
812.615,3.868,0.578,0.10941666666666668
813.621,3.864,0.578,0.10955833333333333
814.613,3.86,0.578,0.10969166666666666
815.613,3.856,0.578,0.10982499999999999
816.62,3.864,0.578,0.10995833333333332
817.632,3.86,0.578,0.11009166666666668
818.624,3.848,0.578,0.110225
819.631,3.86,0.578,0.11035833333333334
820.639,3.868,0.578,0.11049166666666667
821.632,3.852,0.578,0.110625
822.636,3.86,0.578,0.11075833333333333
823.631,3.864,0.578,0.11089166666666667
824.634,3.864,0.578,0.11103333333333334
825.643,3.856,0.578,0.11116666666666668
826.635,3.856,0.578,0.1113
827.643,3.856,0.578,0.11143333333333333
828.653,3.852,0.578,0.11156666666666666
829.647,3.86,0.578,0.1117
830.655,3.864,0.578,0.11183333333333333
831.646,3.864,0.578,0.11196666666666667
832.653,3.864,0.578,0.1121
833.658,3.864,0.578,0.11223333333333334
834.665,3.86,0.578,0.11236666666666667
835.656,3.86,0.578,0.11250833333333332
836.665,3.856,0.578,0.11264166666666665
837.657,3.864,0.578,0.11277500000000001
838.663,3.856,0.578,0.11290833333333335
839.671,3.868,0.578,0.11304166666666667
840.677,3.86,0.578,0.113175
841.669,3.868,0.578,0.11330833333333333
842.677,3.86,0.578,0.11344166666666666
843.677,3.856,0.578,0.113575
844.678,3.864,0.578,0.11370833333333333
845.673,3.86,0.578,0.11384166666666667
846.676,3.86,0.578,0.11398333333333334
847.68,3.864,0.578,0.11411666666666666
848.686,3.86,0.578,0.11424999999999999
849.688,3.864,0.578,0.11438333333333332
850.695,3.86,0.578,0.11451666666666666
851.688,3.864,0.578,0.11465000000000002
852.694,3.864,0.578,0.11478333333333333
853.7,3.864,0.578,0.11491666666666667
854.703,3.864,0.578,0.11505
855.693,3.864,0.578,0.11518333333333333
856.698,3.852,0.578,0.11531666666666666
857.708,3.864,0.578,0.11545
858.702,3.86,0.578,0.11559166666666668
859.706,3.86,0.578,0.11572500000000001
860.713,3.856,0.578,0.11585833333333334
861.711,3.86,0.578,0.11599166666666666
862.717,3.868,0.578,0.11612499999999999
863.72,3.852,0.578,0.11625833333333332
864.712,3.864,0.578,0.11639166666666666
865.715,3.868,0.578,0.116525
866.73,3.872,0.578,0.11665833333333334
867.729,3.872,0.578,0.11679166666666667
868.728,3.868,0.578,0.116925
869.734,3.86,0.578,0.11706666666666665
870.736,3.856,0.578,0.11719999999999998
871.727,3.872,0.578,0.11733333333333335
872.74,3.864,0.578,0.11746666666666668
873.736,3.864,0.578,0.11760000000000001
874.734,3.868,0.578,0.11773333333333333
875.734,3.868,0.578,0.11786666666666666
876.737,3.86,0.578,0.118
877.742,3.872,0.578,0.11813333333333333
878.75,3.876,0.578,0.11826666666666666
879.756,3.872,0.578,0.1184
880.75,3.868,0.578,0.11854166666666667
881.758,3.852,0.578,0.118675
882.75,3.86,0.578,0.11880833333333332
883.758,3.868,0.578,0.11894166666666665
884.76,3.864,0.578,0.11907499999999999
885.764,3.868,0.578,0.11920833333333335
886.757,3.86,0.578,0.11934166666666668
887.765,3.856,0.578,0.119475
888.773,3.864,0.578,0.11960833333333333
889.764,3.864,0.578,0.11974166666666666
890.774,3.856,0.578,0.119875
891.764,3.864,0.578,0.12000833333333333
892.773,3.868,0.578,0.12015
893.768,3.868,0.578,0.12028333333333334
894.773,3.88,0.578,0.12041666666666667
895.778,3.868,0.578,0.12054999999999999
896.783,3.864,0.578,0.12068333333333332
897.79,3.864,0.578,0.12081666666666666
898.78,3.864,0.578,0.12094999999999999
899.79,3.88,0.578,0.12108333333333335
900.795,3.856,0.578,0.12121666666666667
901.789,3.868,0.578,0.12135
902.796,3.868,0.578,0.12148333333333333
903.795,3.872,0.578,0.12161666666666666
904.8,3.864,0.578,0.12175833333333334
905.808,3.872,0.578,0.12189166666666668
906.798,3.872,0.578,0.12202500000000001
907.808,3.864,0.578,0.12215833333333334
908.813,3.868,0.578,0.12229166666666667
909.801,3.872,0.578,0.12242499999999999
910.809,3.86,0.578,0.12255833333333332
911.815,3.864,0.578,0.12269166666666666
912.808,3.876,0.578,0.12282499999999999
913.814,3.864,0.578,0.12295833333333334
914.823,3.864,0.578,0.12309166666666667
915.815,3.876,0.578,0.123225
916.819,3.864,0.578,0.12336666666666667
917.828,3.868,0.578,0.12349999999999998
918.818,3.868,0.578,0.12363333333333335
919.824,3.856,0.578,0.12376666666666668
920.831,3.86,0.578,0.12390000000000001
921.838,3.868,0.578,0.12403333333333334
922.828,3.868,0.578,0.12416666666666666
923.834,3.876,0.578,0.1243
924.839,3.876,0.578,0.12443333333333333
925.84,3.868,0.578,0.12456666666666666
926.846,3.868,0.578,0.12469999999999999
927.836,3.86,0.578,0.12484166666666667
928.839,3.876,0.578,0.124975
929.848,3.864,0.578,0.12510833333333332
930.854,3.88,0.578,0.12524166666666667
931.847,3.86,0.578,0.125375
932.848,3.864,0.578,0.12550833333333333
933.856,3.872,0.578,0.12564166666666668
934.863,3.86,0.578,0.125775
935.856,3.876,0.578,0.12590833333333334
936.859,3.86,0.578,0.12604166666666666
937.858,3.876,0.578,0.126175
938.858,3.876,0.577,0.12630833333333333
939.87,3.868,0.578,0.12645
940.871,3.864,0.578,0.12658333333333333
941.871,3.876,0.578,0.12671666666666667
942.879,3.868,0.578,0.12685
943.871,3.868,0.578,0.12698333333333334
944.883,3.86,0.578,0.12711666666666666
945.88,3.856,0.578,0.12725
946.886,3.868,0.577,0.12738333333333335
947.877,3.88,0.578,0.12751666666666667
948.88,3.86,0.578,0.12765
949.891,3.88,0.578,0.12778333333333333
950.895,3.864,0.577,0.12791666666666668
951.886,3.868,0.578,0.12805833333333333
952.895,3.876,0.577,0.12819166666666668
953.903,3.868,0.578,0.128325
954.894,3.872,0.578,0.12845833333333334
955.899,3.868,0.577,0.12859166666666666
956.906,3.884,0.578,0.128725
957.909,3.868,0.578,0.12885833333333332
958.9,3.864,0.578,0.12899166666666667
959.906,3.864,0.578,0.129125
960.91,3.872,0.578,0.12925833333333334
961.918,3.872,0.578,0.12939166666666668
962.911,3.856,0.578,0.129525
963.913,3.872,0.578,0.12965833333333335
964.915,3.872,0.578,0.1298
965.922,3.88,0.578,0.12993333333333332
966.928,3.872,0.578,0.13006666666666666
967.92,3.876,0.578,0.1302
968.926,3.876,0.577,0.13033333333333333
969.931,3.868,0.578,0.13046666666666668
970.936,3.876,0.578,0.1306
971.926,3.876,0.578,0.13073333333333334
972.935,3.872,0.578,0.13086666666666666
973.94,3.872,0.578,0.13099999999999998
974.933,3.872,0.578,0.13113333333333335
975.943,3.872,0.578,0.13126666666666667
976.949,3.864,0.578,0.13140833333333332
977.943,3.876,0.578,0.13154166666666667
978.949,3.872,0.578,0.131675
979.94,3.876,0.578,0.13180833333333333
980.948,3.868,0.578,0.13194166666666668
981.955,3.872,0.578,0.132075
982.961,3.876,0.578,0.13220833333333334
983.953,3.872,0.578,0.13234166666666666
984.959,3.876,0.578,0.132475
985.961,3.876,0.577,0.13260833333333333
986.969,3.872,0.578,0.13274166666666665
987.957,3.876,0.578,0.132875
988.965,3.868,0.578,0.13301666666666667
989.973,3.888,0.578,0.13315
990.965,3.876,0.578,0.13328333333333334
991.975,3.876,0.577,0.13341666666666666
992.98,3.872,0.578,0.13355
993.974,3.876,0.578,0.13368333333333332
994.98,3.872,0.578,0.13381666666666667
995.986,3.876,0.578,0.13395
996.975,3.872,0.578,0.13408333333333333
997.984,3.868,0.578,0.13421666666666668
998.986,3.876,0.578,0.13435
999.995,3.868,0.578,0.13448333333333332
1000.989,3.872,0.578,0.13462500000000002
1001.995,3.876,0.578,0.13475833333333334
1002.986,3.872,0.578,0.13489166666666666
1004.002,3.864,0.577,0.135025
1005.002,3.884,0.578,0.13515833333333332
1006.002,3.864,0.578,0.13529166666666667
1007.004,3.88,0.577,0.135425
1008.006,3.868,0.578,0.13555833333333334
1009.013,3.876,0.577,0.13569166666666668
1010.006,3.868,0.578,0.135825
1011.011,3.864,0.578,0.13595833333333335
1012.017,3.88,0.577,0.13609166666666667
1013.008,3.872,0.577,0.136225
1014.018,3.872,0.578,0.13636666666666666
1015.02,3.872,0.578,0.1365
1016.026,3.868,0.578,0.13663333333333333
1017.02,3.88,0.578,0.13676666666666668
1018.025,3.876,0.578,0.1369
1019.031,3.888,0.578,0.13703333333333334
1020.022,3.88,0.578,0.13716666666666666
1021.028,3.888,0.578,0.1373
1022.034,3.872,0.578,0.13743333333333332
1023.041,3.888,0.578,0.13756666666666667
1024.028,3.872,0.578,0.13770000000000002
1025.033,3.876,0.577,0.13783333333333334
1026.041,3.88,0.578,0.137975
1027.047,3.884,0.578,0.13810833333333333
1028.039,3.88,0.577,0.13824166666666665
1029.043,3.88,0.577,0.138375
1030.051,3.876,0.578,0.13850833333333334
1031.056,3.88,0.578,0.13864166666666666
1032.051,3.88,0.577,0.138775
1033.045,3.88,0.578,0.13890833333333333
1034.051,3.88,0.578,0.13904166666666667
1035.06,3.872,0.578,0.139175
1036.065,3.876,0.578,0.1393083333333333
1037.057,3.88,0.577,0.13944166666666669
1038.063,3.884,0.577,0.139575
1039.06,3.876,0.578,0.13971666666666666
1040.066,3.884,0.578,0.13985
1041.074,3.88,0.578,0.13998333333333332
1042.067,3.884,0.578,0.14011666666666667
1043.07,3.88,0.578,0.14025
1044.078,3.876,0.578,0.14038333333333333
1045.081,3.876,0.577,0.14051666666666668
1046.073,3.876,0.577,0.14065
1047.077,3.876,0.577,0.14078333333333334
1048.082,3.884,0.578,0.14091666666666666
1049.092,3.872,0.577,0.14104999999999998
1050.083,3.88,0.578,0.14118333333333333
1051.094,3.876,0.577,0.14131666666666667
1052.088,3.868,0.577,0.14145833333333332
1053.096,3.88,0.577,0.14159166666666667
1054.101,3.884,0.577,0.141725
1055.095,3.868,0.578,0.14185833333333334
1056.097,3.876,0.578,0.14199166666666665
1057.107,3.884,0.578,0.142125
1058.1,3.884,0.578,0.14225833333333335
1059.106,3.884,0.577,0.14239166666666667
1060.113,3.876,0.578,0.142525
1061.107,3.876,0.578,0.14265833333333333
1062.112,3.876,0.578,0.14279166666666665
1063.118,3.876,0.578,0.142925
1064.11,3.872,0.578,0.14305833333333332
1065.116,3.876,0.578,0.1432
1066.122,3.884,0.578,0.14333333333333334
1067.113,3.876,0.577,0.14346666666666666
1068.12,3.88,0.578,0.1436
1069.127,3.868,0.578,0.14373333333333332
1070.128,3.884,0.578,0.14386666666666664
1071.133,3.88,0.577,0.14400000000000002
1072.136,3.884,0.577,0.14413333333333334
1073.137,3.892,0.577,0.14426666666666668
1074.128,3.876,0.578,0.1444
1075.136,3.884,0.578,0.14453333333333332
1076.144,3.888,0.577,0.14466666666666667
1077.136,3.88,0.578,0.14479999999999998
1078.142,3.88,0.577,0.14493333333333333
1079.148,3.88,0.578,0.145075
1080.141,3.88,0.578,0.14520833333333333
1081.149,3.876,0.577,0.14534166666666667
1082.159,3.888,0.578,0.145475
1083.149,3.88,0.577,0.1456083333333333
1084.151,3.876,0.578,0.14574166666666666
1085.158,3.884,0.577,0.145875
1086.164,3.876,0.577,0.14600833333333335
1087.155,3.884,0.577,0.14614166666666667
1088.16,3.88,0.578,0.146275
1089.162,3.88,0.577,0.14640833333333333
1090.167,3.884,0.577,0.14654166666666665
1091.176,3.892,0.577,0.146675
1092.17,3.884,0.577,0.14681666666666668
1093.176,3.884,0.577,0.14695
1094.167,3.884,0.577,0.14708333333333334
1095.173,3.888,0.578,0.14721666666666666
1096.182,3.884,0.578,0.14734999999999998
1097.173,3.884,0.577,0.14748333333333333
1098.18,3.892,0.577,0.14761666666666665
1099.189,3.888,0.577,0.14775000000000002
1100.193,3.884,0.577,0.14788333333333334
1101.187,3.888,0.578,0.14801666666666666
1102.194,3.884,0.578,0.14815
1103.2,3.884,0.577,0.14828333333333332
1104.187,3.888,0.577,0.14841666666666667
1105.197,3.884,0.577,0.14855
1106.205,3.884,0.578,0.14869166666666667
1107.193,3.884,0.577,0.148825
1108.201,3.888,0.577,0.14895833333333333
1109.202,3.888,0.577,0.14909166666666665
1110.214,3.88,0.578,0.149225
1111.202,3.884,0.577,0.14935833333333332
1112.209,3.88,0.577,0.14949166666666666
1113.216,3.896,0.577,0.149625
1114.206,3.888,0.577,0.14975833333333333
1115.215,3.888,0.578,0.14989166666666667
1116.222,3.884,0.577,0.150025
1117.214,3.884,0.578,0.15015833333333334
1118.22,3.884,0.577,0.15029166666666666
1119.229,3.884,0.578,0.150425
1120.221,3.884,0.577,0.15056666666666668
1121.229,3.884,0.578,0.1507
1122.235,3.888,0.577,0.15083333333333335
1123.24,3.884,0.577,0.15096666666666667
1124.232,3.884,0.577,0.15109999999999998
1125.238,3.884,0.578,0.15123333333333333
1126.231,3.884,0.578,0.15136666666666665
1127.239,3.888,0.577,0.1515
1128.247,3.888,0.578,0.15163333333333334
1129.239,3.888,0.578,0.15176666666666666
1130.247,3.888,0.578,0.1519
1131.254,3.884,0.577,0.15203333333333333
1132.245,3.904,0.578,0.15216666666666667
1133.254,3.888,0.577,0.15230833333333335
1134.257,3.892,0.578,0.15244166666666667
1135.258,3.884,0.577,0.15257500000000002
1136.258,3.888,0.577,0.15270833333333333
1137.258,3.884,0.578,0.15284166666666665
1138.259,3.88,0.577,0.152975
1139.259,3.884,0.577,0.15310833333333332
1140.265,3.888,0.577,0.15324166666666666
1141.267,3.888,0.578,0.153375
1142.278,3.888,0.577,0.15350833333333333
1143.266,3.888,0.577,0.15364166666666668
1144.272,3.888,0.577,0.153775
1145.279,3.884,0.577,0.15390833333333334
1146.271,3.888,0.577,0.15404166666666666
1147.281,3.896,0.577,0.15418333333333334
1148.286,3.888,0.578,0.15431666666666669
1149.291,3.888,0.577,0.15445
1150.281,3.888,0.578,0.15458333333333332
1151.29,3.888,0.577,0.15471666666666667
1152.283,3.896,0.577,0.15485
1153.293,3.872,0.577,0.15498333333333333
1154.286,3.888,0.577,0.15511666666666665
1155.291,3.884,0.577,0.15525
1156.302,3.88,0.578,0.15538333333333335
1157.305,3.892,0.577,0.15551666666666666
1158.297,3.892,0.578,0.15565
1159.306,3.892,0.578,0.15578333333333333
1160.313,3.884,0.577,0.15591666666666668
1161.304,3.888,0.577,0.15605
1162.314,3.892,0.577,0.15619166666666667
1163.304,3.888,0.577,0.156325
1164.309,3.888,0.577,0.15645833333333334
1165.318,3.888,0.577,0.15659166666666666
1166.32,3.888,0.578,0.156725
1167.314,3.892,0.577,0.15685833333333332
1168.32,3.888,0.577,0.15699166666666667
1169.325,3.896,0.577,0.15712500000000001
1170.333,3.892,0.577,0.15725833333333333
1171.324,3.892,0.578,0.15739166666666668
1172.331,3.892,0.577,0.157525
1173.339,3.892,0.578,0.15765833333333334
1174.331,3.888,0.577,0.15779166666666666
1175.339,3.892,0.577,0.15792499999999998
1176.344,3.9,0.577,0.15806666666666666
1177.336,3.888,0.577,0.1582
1178.345,3.888,0.577,0.15833333333333333
1179.337,3.884,0.577,0.15846666666666667
1180.344,3.892,0.578,0.1586
1181.354,3.892,0.577,0.15873333333333334
1182.343,3.896,0.577,0.15886666666666666
1183.353,3.892,0.577,0.159
1184.358,3.892,0.577,0.15913333333333335
1185.35,3.896,0.578,0.15926666666666667
1186.356,3.896,0.577,0.15940000000000001
1187.368,3.896,0.577,0.15953333333333333
1188.361,3.888,0.577,0.15966666666666665
1189.367,3.896,0.578,0.1598
1190.361,3.892,0.577,0.15994166666666668
1191.369,3.892,0.577,0.160075
1192.362,3.892,0.577,0.16020833333333334
1193.37,3.896,0.577,0.16034166666666666
1194.376,3.888,0.577,0.160475
1195.381,3.892,0.577,0.16060833333333333
1196.374,3.888,0.577,0.16074166666666664
1197.38,3.888,0.577,0.16087500000000002
1198.388,3.892,0.577,0.16100833333333334
1199.379,3.888,0.577,0.16114166666666668
1200.382,3.892,0.577,0.161275
1201.387,3.892,0.577,0.16140833333333332
1202.391,3.892,0.577,0.16154166666666667
1203.392,3.896,0.577,0.16167499999999999
1204.396,3.896,0.577,0.16180833333333333
1205.396,3.892,0.577,0.16195
1206.404,3.892,0.577,0.16208333333333333
1207.394,3.9,0.577,0.16221666666666668
1208.404,3.896,0.577,0.16235
1209.407,3.892,0.577,0.1624833333333333
1210.401,3.892,0.577,0.16261666666666666
1211.409,3.892,0.577,0.16275
1212.415,3.896,0.577,0.16288333333333335
1213.408,3.892,0.577,0.16301666666666667
1214.413,3.896,0.577,0.16315
1215.407,3.888,0.577,0.16328333333333334
1216.414,3.9,0.577,0.16341666666666665
1217.421,3.896,0.577,0.16355
1218.414,3.892,0.577,0.16368333333333332
1219.42,3.892,0.577,0.16381666666666667
1220.43,3.896,0.577,0.16395
1221.419,3.892,0.577,0.16409166666666666
1222.425,3.896,0.577,0.16422499999999998
1223.431,3.908,0.577,0.16435833333333333
1224.441,3.9,0.577,0.16449166666666665
1225.434,3.9,0.577,0.16462500000000002
1226.439,3.892,0.577,0.16475833333333334
1227.435,3.9,0.577,0.16489166666666666
1228.44,3.9,0.577,0.165025
1229.447,3.892,0.577,0.16515833333333332
1230.452,3.896,0.578,0.16529166666666667
1231.447,3.896,0.577,0.165425
1232.454,3.884,0.577,0.16555833333333334
1233.447,3.908,0.577,0.16569166666666668
1234.458,3.9,0.577,0.165825
1235.449,3.892,0.577,0.16595833333333335
1236.458,3.896,0.577,0.1661
1237.463,3.896,0.577,0.16623333333333332
1238.457,3.908,0.577,0.16636666666666666
1239.462,3.896,0.577,0.1665
1240.473,3.9,0.577,0.16663333333333333
1241.467,3.896,0.577,0.16676666666666667
1242.472,3.904,0.577,0.1669
1243.464,3.896,0.577,0.16703333333333334
1244.47,3.896,0.577,0.16716666666666666
1245.477,3.892,0.577,0.1673
1246.482,3.9,0.577,0.16743333333333332
1247.474,3.912,0.577,0.16756666666666667
1248.479,3.892,0.577,0.16770000000000002
1249.488,3.896,0.577,0.16783333333333333
1250.479,3.9,0.577,0.16796666666666668
1251.486,3.892,0.576,0.1681
1252.496,3.908,0.577,0.16824166666666665
1253.487,3.9,0.576,0.168375
1254.494,3.904,0.576,0.16850833333333334
1255.499,3.904,0.577,0.16864166666666666
1256.492,3.9,0.577,0.168775
1257.502,3.908,0.577,0.16890833333333333
1258.494,3.9,0.577,0.16904166666666667
1259.502,3.9,0.577,0.169175
1260.509,3.9,0.577,0.1693083333333333
1261.5,3.904,0.577,0.16944166666666668
1262.503,3.904,0.577,0.169575
1263.509,3.892,0.577,0.16970833333333335
1264.511,3.9,0.577,0.16984166666666667
1265.516,3.9,0.577,0.169975
1266.516,3.9,0.577,0.17010833333333333
1267.512,3.9,0.577,0.17024166666666665
1268.513,3.9,0.577,0.170375
1269.53,3.904,0.578,0.17051666666666668
1270.529,3.904,0.577,0.17065
1271.533,3.9,0.577,0.17078333333333334
1272.528,3.904,0.577,0.17091666666666666
1273.537,3.896,0.577,0.17104999999999998
1274.529,3.9,0.577,0.17118333333333333
1275.538,3.904,0.577,0.17131666666666667
1276.543,3.912,0.577,0.17145000000000002
1277.535,3.9,0.577,0.17158333333333334
1278.541,3.904,0.577,0.17171666666666666
1279.535,3.9,0.577,0.17185
1280.541,3.904,0.577,0.17198333333333332
1281.552,3.908,0.577,0.17211666666666667
1282.541,3.9,0.577,0.17225
1283.548,3.904,0.577,0.17238333333333333
1284.556,3.9,0.577,0.172525
1285.549,3.904,0.577,0.17265833333333333
1286.557,3.896,0.577,0.17279166666666665
1287.565,3.904,0.577,0.172925
1288.555,3.904,0.577,0.17305833333333331
1289.561,3.912,0.577,0.1731916666666667
1290.569,3.904,0.577,0.173325
1291.563,3.9,0.577,0.17345833333333333
1292.567,3.908,0.577,0.17359166666666667
1293.574,3.908,0.577,0.173725
1294.566,3.9,0.577,0.17385833333333334
1295.575,3.912,0.577,0.17399166666666666
1296.581,3.9,0.577,0.174125
1297.574,3.896,0.577,0.17425833333333335
1298.582,3.908,0.577,0.17439166666666667
1299.585,3.896,0.577,0.174525
1300.579,3.904,0.577,0.17465833333333333
1301.589,3.9,0.577,0.17479166666666668
1302.594,3.904,0.577,0.17493333333333333
1303.599,3.896,0.577,0.17506666666666668
1304.592,3.9,0.577,0.1752
1305.596,3.904,0.577,0.17533333333333334
1306.604,3.904,0.577,0.17546666666666666
1307.596,3.9,0.577,0.1756
1308.601,3.904,0.577,0.17573333333333332
1309.609,3.896,0.577,0.17586666666666667
1310.601,3.908,0.577,0.176
1311.609,3.904,0.577,0.17613333333333334
1312.601,3.908,0.577,0.17626666666666668
1313.609,3.908,0.577,0.1764
1314.617,3.908,0.577,0.17653333333333335
1315.61,3.904,0.577,0.17666666666666667
1316.62,3.896,0.577,0.17679999999999998
1317.612,3.9,0.577,0.17693333333333333
1318.618,3.912,0.577,0.17706666666666665
1319.625,3.9,0.576,0.17720833333333333
1320.619,3.908,0.577,0.17734166666666668
1321.619,3.904,0.577,0.177475
1322.627,3.912,0.577,0.17760833333333334
1323.632,3.908,0.577,0.17774166666666666
1324.632,3.904,0.577,0.17787499999999998
1325.64,3.908,0.577,0.17800833333333335
1326.631,3.908,0.577,0.17814166666666667
1327.639,3.908,0.577,0.17827500000000002
1328.643,3.908,0.577,0.17840833333333334
1329.645,3.908,0.577,0.17854166666666665
1330.638,3.908,0.577,0.178675
1331.644,3.912,0.577,0.17880833333333332
1332.647,3.908,0.577,0.17894166666666667
1333.646,3.908,0.577,0.17907499999999998
1334.646,3.904,0.577,0.17920833333333333
1335.66,3.912,0.577,0.17934166666666668
1336.661,3.912,0.576,0.179475
1337.651,3.904,0.577,0.17960833333333334
1338.66,3.908,0.577,0.17975
1339.669,3.912,0.577,0.17988333333333334
1340.662,3.908,0.577,0.18001666666666669
1341.671,3.916,0.577,0.18015
1342.663,3.908,0.577,0.18028333333333332
1343.671,3.908,0.577,0.18041666666666667
1344.679,3.908,0.577,0.18055
1345.672,3.908,0.577,0.18068333333333333
1346.679,3.908,0.577,0.18081666666666665
1347.671,3.916,0.577,0.18095
1348.68,3.912,0.576,0.18108333333333335
1349.687,3.908,0.576,0.18121666666666666
1350.679,3.912,0.577,0.18135
1351.685,3.908,0.576,0.18148333333333333
1352.693,3.924,0.577,0.18161666666666668
1353.685,3.92,0.576,0.18175
1354.695,3.916,0.576,0.1818833333333333
1355.702,3.912,0.576,0.18201666666666666
1356.691,3.912,0.577,0.18215
1357.701,3.9,0.577,0.18229166666666666
1358.708,3.912,0.577,0.182425
1359.701,3.904,0.576,0.18255833333333332
1360.708,3.908,0.577,0.18269166666666667
1361.699,3.912,0.577,0.182825
1362.706,3.904,0.577,0.18295833333333333
1363.716,3.908,0.576,0.18309166666666668
1364.708,3.908,0.576,0.183225
1365.715,3.912,0.576,0.18335833333333335
1366.724,3.916,0.577,0.18349166666666666
1367.716,3.912,0.577,0.18362499999999998
1368.725,3.912,0.577,0.18375833333333333
1369.716,3.912,0.577,0.18389166666666665
1370.726,3.908,0.577,0.18402500000000002
1371.72,3.912,0.577,0.18415833333333334
1372.725,3.912,0.577,0.18429166666666666
1373.733,3.916,0.577,0.184425
1374.739,3.912,0.577,0.18455833333333332
1375.731,3.912,0.577,0.18469166666666667
1376.742,3.904,0.577,0.18483333333333335
1377.733,3.916,0.577,0.18496666666666667
1378.743,3.912,0.577,0.18510000000000001
1379.736,3.912,0.577,0.18523333333333333
1380.743,3.912,0.577,0.18536666666666665
1381.75,3.912,0.577,0.1855
1382.743,3.916,0.577,0.18563333333333332
1383.748,3.912,0.577,0.18576666666666666
1384.758,3.912,0.577,0.1859
1385.746,3.912,0.577,0.18603333333333333
1386.755,3.912,0.577,0.18616666666666667
1387.762,3.916,0.577,0.1863
1388.767,3.916,0.577,0.18643333333333334
1389.754,3.908,0.576,0.18656666666666666
1390.758,3.912,0.577,0.1867
1391.768,3.916,0.577,0.18683333333333332
1392.761,3.92,0.577,0.18696666666666667
1393.768,3.912,0.577,0.18710000000000002
1394.776,3.916,0.577,0.18723333333333333
1395.77,3.924,0.577,0.18737499999999999
1396.781,3.912,0.576,0.18750833333333333
1397.781,3.916,0.577,0.18764166666666665
1398.787,3.916,0.577,0.187775
1399.784,3.912,0.577,0.18790833333333334
1400.787,3.912,0.577,0.18804166666666666
1401.787,3.916,0.577,0.188175
1402.793,3.912,0.577,0.18830833333333333
1403.785,3.916,0.576,0.18844166666666667
1404.795,3.916,0.577,0.188575
1405.79,3.924,0.576,0.1887083333333333
1406.796,3.916,0.577,0.18884166666666669
1407.805,3.92,0.576,0.188975
1408.796,3.92,0.577,0.18910833333333335
1409.803,3.916,0.577,0.18924166666666667
1410.796,3.916,0.576,0.189375
1411.806,3.912,0.576,0.18950833333333333
1412.815,3.916,0.576,0.18964166666666665
1413.805,3.916,0.576,0.189775
1414.814,3.916,0.577,0.18990833333333332
1415.819,3.916,0.577,0.19005
1416.813,3.916,0.577,0.19018333333333334
1417.819,3.916,0.577,0.19031666666666666
1418.826,3.924,0.577,0.19044999999999998
1419.818,3.916,0.577,0.19058333333333333
1420.826,3.916,0.577,0.19071666666666667
1421.818,3.916,0.576,0.19085000000000002
1422.825,3.916,0.576,0.19098333333333334
1423.832,3.912,0.576,0.19111666666666666
1424.824,3.92,0.577,0.19125
1425.832,3.912,0.577,0.19138333333333332
1426.837,3.916,0.576,0.19151666666666667
1427.831,3.916,0.576,0.19165
1428.843,3.92,0.576,0.19178333333333333
1429.85,3.916,0.577,0.19191666666666668
1430.843,3.916,0.577,0.19205
1431.849,3.916,0.576,0.19218333333333334
1432.844,3.916,0.577,0.19231666666666666
1433.85,3.916,0.577,0.19245
1434.855,3.916,0.577,0.19258333333333333
1435.846,3.92,0.576,0.192725
1436.849,3.92,0.577,0.19285833333333333
1437.857,3.92,0.576,0.19299166666666667
1438.861,3.916,0.576,0.193125
1439.87,3.916,0.576,0.19325833333333334
1440.861,3.916,0.576,0.19339166666666666
1441.869,3.92,0.576,0.193525
1442.86,3.916,0.576,0.19365833333333332
1443.869,3.916,0.576,0.19379166666666667
1444.871,3.912,0.576,0.19392500000000001
1445.876,3.92,0.576,0.19405833333333333
1446.869,3.916,0.576,0.19419166666666668
1447.875,3.924,0.577,0.194325
1448.885,3.92,0.577,0.19445833333333332
1449.875,3.92,0.577,0.19459166666666666
1450.879,3.92,0.576,0.19472499999999998
1451.886,3.924,0.576,0.19485833333333336
1452.895,3.924,0.576,0.19499166666666667
1453.887,3.908,0.576,0.195125
1454.894,3.928,0.576,0.19525833333333334
1455.888,3.916,0.576,0.19539166666666666
1456.893,3.924,0.577,0.195525
1457.902,3.916,0.577,0.19565833333333332
1458.892,3.924,0.576,0.1958
1459.901,3.924,0.576,0.19593333333333335
1460.908,3.92,0.576,0.19606666666666667
1461.913,3.92,0.576,0.19619999999999999
1462.905,3.92,0.576,0.19633333333333333
1463.904,3.92,0.576,0.19646666666666665
1464.905,3.924,0.576,0.1966
1465.918,3.924,0.576,0.19673333333333334
1466.917,3.928,0.576,0.19686666666666666
1467.915,3.92,0.576,0.197
1468.926,3.92,0.576,0.19713333333333333
1469.916,3.932,0.576,0.19726666666666667
1470.92,3.924,0.576,0.1974
1471.927,3.924,0.576,0.19753333333333334
1472.933,3.92,0.576,0.19766666666666666
1473.924,3.924,0.577,0.1978
1474.93,3.92,0.576,0.19793333333333335
1475.937,3.924,0.576,0.19806666666666667
1476.929,3.928,0.576,0.19820000000000002
1477.937,3.924,0.576,0.19833333333333333
1478.945,3.924,0.576,0.19846666666666665
1479.949,3.924,0.576,0.1986
1480.944,3.924,0.576,0.19873333333333332
1481.95,3.924,0.577,0.198875
1482.943,3.924,0.576,0.19900833333333334
1483.951,3.928,0.576,0.19914166666666666
1484.959,3.924,0.576,0.199275
1485.95,3.924,0.577,0.19940833333333333
1486.954,3.932,0.576,0.19954166666666664
1487.962,3.92,0.576,0.19967500000000002
1488.952,3.92,0.576,0.19980833333333334
1489.961,3.92,0.577,0.19994166666666668
1490.966,3.924,0.576,0.200075
1491.958,3.92,0.576,0.20020833333333332
1492.967,3.92,0.576,0.20034166666666667
1493.973,3.924,0.577,0.200475
1494.964,3.92,0.576,0.20060833333333333
1495.97,3.924,0.576,0.20074166666666665
1496.977,3.924,0.576,0.200875
1497.984,3.924,0.576,0.20100833333333334
1498.975,3.928,0.576,0.20114166666666666
1499.981,3.932,0.576,0.201275
1500.988,3.928,0.576,0.20140833333333333
1501.978,3.92,0.576,0.20154166666666667
1502.986,3.92,0.576,0.201675
1503.993,3.92,0.576,0.2018083333333333
1504.997,3.92,0.577,0.20194166666666669
1505.992,3.924,0.576,0.20208333333333334
1507.0,3.924,0.576,0.20221666666666666
1507.991,3.924,0.577,0.20235
1508.998,3.924,0.576,0.20248333333333332
1510.002,3.924,0.577,0.20261666666666667
1510.996,3.92,0.576,0.20275
1512.004,3.92,0.576,0.20288333333333333
1513.013,3.936,0.576,0.20301666666666668
1514.003,3.928,0.576,0.20315
1515.013,3.928,0.576,0.20328333333333334
1516.02,3.924,0.576,0.20341666666666666
1517.011,3.924,0.576,0.20354999999999998
1518.023,3.924,0.576,0.20368333333333333
1519.014,3.92,0.577,0.20381666666666667
1520.024,3.928,0.576,0.20395000000000002
1521.015,3.928,0.576,0.20408333333333334
1522.026,3.924,0.576,0.20421666666666666
1523.028,3.932,0.576,0.20435
1524.021,3.924,0.576,0.20448333333333332
1525.031,3.924,0.576,0.20461666666666667
1526.038,3.924,0.576,0.20475
1527.029,3.924,0.576,0.20488333333333333
1528.037,3.924,0.576,0.20501666666666668
1529.044,3.936,0.576,0.20515
1530.044,3.924,0.577,0.20529166666666665
1531.042,3.932,0.577,0.205425
1532.043,3.928,0.576,0.20555833333333332
1533.039,3.924,0.577,0.2056916666666667
1534.043,3.924,0.576,0.205825
1535.05,3.932,0.576,0.20595833333333333
1536.058,3.924,0.576,0.20609166666666667
1537.051,3.924,0.577,0.206225
1538.06,3.928,0.576,0.20635833333333334
1539.051,3.928,0.576,0.20649166666666666
1540.059,3.928,0.577,0.206625
1541.068,3.928,0.576,0.20675833333333335
1542.058,3.932,0.576,0.20689166666666667
1543.069,3.928,0.576,0.20702500000000001
1544.061,3.932,0.576,0.20715833333333333
1545.07,3.928,0.576,0.20729166666666668
1546.075,3.928,0.576,0.207425
1547.068,3.928,0.577,0.20755833333333332
1548.077,3.928,0.576,0.20769166666666666
1549.085,3.928,0.576,0.20782499999999998
1550.077,3.928,0.576,0.20795833333333336
1551.082,3.928,0.576,0.20809166666666667
1552.087,3.928,0.576,0.208225
1553.092,3.94,0.576,0.20836666666666667
1554.084,3.916,0.576,0.2085
1555.089,3.92,0.576,0.20863333333333334
1556.084,3.932,0.576,0.20876666666666668
1557.095,3.924,0.576,0.2089
1558.104,3.936,0.576,0.20903333333333335
1559.098,3.928,0.576,0.20916666666666667
1560.103,3.924,0.576,0.20929999999999999
1561.098,3.936,0.576,0.20943333333333333
1562.105,3.932,0.576,0.20956666666666665
1563.1,3.932,0.576,0.2097
1564.104,3.936,0.576,0.20983333333333334
1565.108,3.928,0.576,0.20996666666666666
1566.119,3.928,0.576,0.2101
1567.112,3.932,0.576,0.21023333333333333
1568.118,3.924,0.576,0.21036666666666667
1569.11,3.928,0.576,0.2105
1570.118,3.932,0.576,0.21063333333333334
1571.125,3.928,0.576,0.21076666666666666
1572.118,3.928,0.576,0.2109
1573.129,3.928,0.576,0.21103333333333335
1574.132,3.932,0.576,0.21116666666666667
1575.125,3.932,0.576,0.21130000000000002
1576.129,3.928,0.576,0.21143333333333333
1577.141,3.94,0.576,0.21156666666666665
1578.129,3.928,0.576,0.2117
1579.138,3.928,0.576,0.21183333333333332
1580.146,3.936,0.576,0.21196666666666666
1581.14,3.932,0.576,0.21210833333333334
1582.148,3.928,0.576,0.21224166666666666
1583.142,3.928,0.576,0.212375
1584.148,3.928,0.576,0.21250833333333333
1585.146,3.932,0.577,0.21264166666666665
1586.155,3.932,0.576,0.21277500000000002
1587.146,3.936,0.576,0.21290833333333334
1588.153,3.928,0.576,0.21304166666666668
1589.164,3.928,0.576,0.213175
1590.154,3.924,0.576,0.21330833333333332
1591.16,3.932,0.576,0.21344166666666667
1592.166,3.936,0.576,0.21357500000000001
1593.16,3.928,0.576,0.21370833333333333
1594.165,3.932,0.576,0.21384166666666668
1595.168,3.936,0.576,0.213975
1596.169,3.932,0.576,0.21410833333333334
1597.171,3.936,0.576,0.21424166666666664
1598.171,3.932,0.576,0.214375
1599.173,3.932,0.576,0.21450833333333336
1600.178,3.932,0.576,0.21464166666666665
1601.187,3.932,0.576,0.21477500000000002
1602.18,3.932,0.576,0.2149083333333333
1603.186,3.928,0.576,0.2150416666666667
1604.193,3.932,0.576,0.21517499999999998
1605.187,3.932,0.576,0.21530833333333332
1606.195,3.928,0.576,0.21544166666666664
1607.189,3.936,0.576,0.215575
1608.196,3.932,0.576,0.21571666666666667
1609.201,3.932,0.576,0.21585
1610.196,3.928,0.576,0.21598333333333333
1611.206,3.936,0.576,0.21611666666666665
1612.197,3.936,0.576,0.21625
1613.204,3.932,0.576,0.21638333333333334
1614.212,3.932,0.576,0.21651666666666666
1615.202,3.932,0.576,0.21665
1616.213,3.936,0.576,0.21678333333333333
1617.22,3.932,0.576,0.21691666666666667
1618.214,3.932,0.576,0.21705
1619.222,3.932,0.576,0.21718333333333334
1620.216,3.932,0.576,0.21731666666666663
1621.226,3.932,0.576,0.21745
1622.217,3.94,0.576,0.21758333333333335
1623.223,3.928,0.576,0.21771666666666667
1624.227,3.936,0.576,0.21785000000000002
1625.232,3.936,0.576,0.2179833333333333
1626.239,3.932,0.576,0.21811666666666668
1627.229,3.928,0.576,0.21824999999999997
1628.236,3.932,0.576,0.21838333333333335
1629.238,3.936,0.576,0.2185166666666667
1630.245,3.932,0.576,0.21864999999999998
1631.247,3.932,0.576,0.21878333333333336
1632.239,3.936,0.576,0.21891666666666665
1633.246,3.932,0.576,0.21905000000000002
1634.252,3.936,0.576,0.2191833333333333
1635.245,3.932,0.576,0.21931666666666666
1636.253,3.936,0.576,0.21945833333333334
1637.25,3.932,0.576,0.21959166666666666
1638.262,3.932,0.576,0.219725
1639.256,3.936,0.576,0.21985833333333332
1640.26,3.94,0.576,0.21999166666666667
1641.263,3.936,0.576,0.220125
1642.257,3.932,0.576,0.22025833333333333
1643.267,3.944,0.576,0.22039166666666668
1644.259,3.94,0.576,0.220525
1645.265,3.936,0.576,0.22065833333333335
1646.275,3.936,0.576,0.22079166666666666
1647.276,3.936,0.576,0.220925
1648.269,3.936,0.576,0.22105833333333333
1649.277,3.936,0.576,0.22119166666666668
1650.284,3.932,0.576,0.22132499999999997
1651.274,3.94,0.576,0.22145833333333334
1652.283,3.936,0.576,0.2215916666666667
1653.289,3.936,0.576,0.221725
1654.28,3.944,0.576,0.22185833333333335
1655.29,3.924,0.576,0.22199166666666664
1656.298,3.936,0.576,0.22212500000000002
1657.292,3.944,0.576,0.2222583333333333
1658.298,3.94,0.576,0.22239166666666668
1659.299,3.936,0.576,0.22252499999999997
1660.301,3.932,0.576,0.22265833333333332
1661.302,3.94,0.576,0.2227916666666667
1662.301,3.94,0.576,0.22292499999999998
1663.3,3.94,0.576,0.22305833333333336
1664.302,3.936,0.576,0.22319166666666665
1665.317,3.94,0.576,0.223325
1666.308,3.936,0.576,0.22345833333333331
1667.316,3.94,0.576,0.2236
1668.32,3.94,0.576,0.22373333333333334
1669.313,3.94,0.576,0.22386666666666666
1670.319,3.936,0.576,0.224
1671.327,3.94,0.576,0.22413333333333332
1672.316,3.936,0.576,0.22426666666666667
1673.324,3.936,0.576,0.2244
1674.331,3.944,0.576,0.22453333333333333
1675.322,3.936,0.576,0.22466666666666668
1676.331,3.936,0.576,0.2248
1677.336,3.944,0.576,0.22493333333333335
1678.328,3.936,0.576,0.22506666666666666
1679.335,3.94,0.576,0.2252
1680.344,3.94,0.576,0.2253333333333333
1681.336,3.936,0.576,0.22546666666666668
1682.34,3.94,0.576,0.22560000000000002
1683.344,3.94,0.576,0.22573333333333334
1684.354,3.936,0.576,0.2258666666666667
1685.344,3.936,0.576,0.22599999999999998
1686.347,3.94,0.576,0.22613333333333335
1687.355,3.94,0.576,0.22626666666666664
1688.349,3.94,0.576,0.22640000000000002
1689.355,3.94,0.576,0.2265333333333333
1690.361,3.94,0.576,0.22666666666666666
1691.369,3.94,0.576,0.22680000000000003
1692.357,3.936,0.576,0.22693333333333332
1693.368,3.936,0.576,0.2270666666666667
1694.374,3.94,0.576,0.22719999999999999
1695.365,3.948,0.576,0.22733333333333333
1696.375,3.944,0.576,0.22746666666666665
1697.378,3.94,0.576,0.2276
1698.381,3.936,0.576,0.22774166666666668
1699.373,3.94,0.576,0.227875
1700.383,3.94,0.576,0.22800833333333334
1701.375,3.944,0.576,0.22814166666666666
1702.381,3.94,0.576,0.228275
1703.391,3.94,0.576,0.22840833333333332
1704.383,3.944,0.576,0.22854166666666667
1705.392,3.94,0.576,0.22867500000000002
1706.384,3.944,0.576,0.22880833333333334
1707.389,3.944,0.576,0.22894166666666668
1708.398,3.944,0.576,0.229075
1709.391,3.94,0.576,0.22920833333333335
1710.398,3.94,0.576,0.22934166666666664
1711.409,3.936,0.576,0.229475
1712.403,3.944,0.576,0.2296083333333333
1713.408,3.94,0.576,0.22974166666666668
1714.415,3.94,0.576,0.22987500000000002
1715.408,3.944,0.576,0.23000833333333331
1716.415,3.94,0.576,0.2301416666666667
1717.407,3.948,0.576,0.23027499999999998
1718.413,3.94,0.576,0.23040833333333335
1719.423,3.94,0.576,0.23054166666666664
1720.411,3.94,0.576,0.230675
1721.421,3.944,0.576,0.23080833333333337
1722.428,3.936,0.576,0.23094166666666666
1723.433,3.94,0.576,0.23107500000000003
1724.427,3.944,0.576,0.23120833333333332
1725.431,3.944,0.576,0.23134166666666667
1726.432,3.944,0.576,0.231475
1727.431,3.944,0.576,0.23160833333333333
1728.433,3.948,0.576,0.23174166666666665
1729.433,3.936,0.576,0.231875
1730.437,3.944,0.576,0.23200833333333334
1731.446,3.944,0.576,0.23214166666666666
1732.438,3.948,0.576,0.23228333333333334
1733.448,3.944,0.576,0.23241666666666666
1734.44,3.944,0.576,0.23255
1735.451,3.94,0.576,0.23268333333333335
1736.457,3.944,0.576,0.23281666666666667
1737.447,3.944,0.576,0.23295000000000002
1738.452,3.944,0.576,0.23308333333333334
1739.465,3.944,0.576,0.23321666666666668
1740.457,3.936,0.576,0.23334999999999997
1741.465,3.94,0.576,0.23348333333333335
1742.457,3.944,0.576,0.23361666666666664
1743.461,3.944,0.576,0.23375
1744.468,3.948,0.576,0.23388333333333336
1745.474,3.944,0.576,0.23401666666666665
1746.466,3.948,0.576,0.23415000000000002
1747.474,3.944,0.576,0.23428333333333332
1748.467,3.944,0.576,0.2344166666666667
1749.479,3.948,0.576,0.23454999999999998
1750.485,3.948,0.576,0.23468333333333333
1751.478,3.944,0.576,0.23481666666666665
1752.479,3.948,0.576,0.23495
1753.488,3.952,0.576,0.23508333333333334
1754.48,3.964,0.576,0.23521666666666666
1755.489,3.944,0.576,0.23535
1756.496,3.956,0.576,0.23548333333333332
1757.5,3.948,0.576,0.23561666666666667
1758.493,3.944,0.576,0.23575
1759.502,3.944,0.576,0.23588333333333333
1760.496,3.94,0.576,0.23601666666666668
1761.503,3.94,0.576,0.23615
1762.496,3.948,0.576,0.23628333333333335
1763.504,3.948,0.576,0.23641666666666666
1764.511,3.944,0.576,0.23655
1765.505,3.944,0.576,0.23668333333333333
1766.511,3.944,0.576,0.23681666666666668
1767.519,3.948,0.576,0.23694999999999997
1768.512,3.948,0.576,0.23709166666666667
1769.519,3.944,0.575,0.23722500000000002
1770.526,3.944,0.576,0.2373583333333333
1771.521,3.948,0.576,0.23749166666666668
1772.527,3.94,0.576,0.23762499999999998
1773.518,3.944,0.576,0.23775833333333332
1774.523,3.948,0.576,0.2378916666666667
1775.531,3.952,0.576,0.238025
1776.524,3.944,0.576,0.23815833333333336
1777.528,3.948,0.576,0.23829166666666665
1778.537,3.948,0.576,0.238425
1779.542,3.944,0.576,0.23855833333333332
1780.534,3.948,0.576,0.23869166666666666
1781.542,3.944,0.576,0.23882499999999998
1782.549,3.944,0.576,0.23895833333333333
1783.539,3.952,0.576,0.23909166666666667
1784.546,3.948,0.576,0.239225
1785.554,3.948,0.576,0.23935833333333334
1786.543,3.948,0.576,0.23949166666666666
1787.552,3.948,0.576,0.239625
1788.558,3.948,0.576,0.23975833333333332
1789.562,3.948,0.576,0.23989166666666667
1790.557,3.948,0.576,0.240025
1791.56,3.948,0.576,0.24015833333333333
1792.563,3.952,0.576,0.24029166666666668
1793.562,3.948,0.576,0.240425
1794.562,3.948,0.576,0.24055833333333335
1795.563,3.944,0.576,0.24069166666666666
1796.568,3.948,0.576,0.240825
1797.575,3.956,0.575,0.2409583333333333
1798.581,3.948,0.576,0.24109166666666668
1799.572,3.952,0.576,0.24122500000000002
1800.583,3.948,0.576,0.24135833333333334
1801.575,3.948,0.576,0.2414916666666667
1802.578,3.948,0.576,0.24162499999999998
1803.581,3.948,0.576,0.24175833333333335
1804.583,3.956,0.576,0.24189166666666664
1805.586,3.952,0.576,0.24203333333333332
1806.583,3.948,0.576,0.2421666666666667
1807.586,3.948,0.576,0.2423
1808.593,3.948,0.576,0.24243333333333333
1809.595,3.952,0.576,0.24256666666666665
1810.605,3.948,0.576,0.2427
1811.595,3.944,0.576,0.24283333333333332
1812.605,3.948,0.576,0.24296666666666666
1813.598,3.948,0.576,0.2431
1814.604,3.948,0.576,0.24323333333333333
1815.614,3.948,0.576,0.24336666666666668
1816.604,3.948,0.576,0.2435
1817.61,3.948,0.576,0.24363333333333334
1818.615,3.948,0.576,0.24376666666666666
1819.624,3.952,0.576,0.2439
1820.615,3.952,0.576,0.24403333333333332
1821.622,3.948,0.576,0.24416666666666667
1822.615,3.948,0.576,0.24430000000000002
1823.622,3.952,0.576,0.24443333333333334
1824.632,3.948,0.576,0.24456666666666668
1825.623,3.948,0.576,0.2447
1826.632,3.948,0.576,0.24483333333333335
1827.639,3.952,0.576,0.24496666666666664
1828.632,3.952,0.576,0.2451
1829.641,3.944,0.576,0.2452333333333333
1830.632,3.952,0.576,0.24536666666666668
1831.641,3.952,0.576,0.24550000000000002
1832.634,3.944,0.576,0.24563333333333331
1833.641,3.948,0.576,0.2457666666666667
1834.642,3.952,0.576,0.24589999999999998
1835.649,3.952,0.576,0.24603333333333335
1836.657,3.956,0.576,0.24616666666666664
1837.65,3.956,0.576,0.2463
1838.66,3.952,0.576,0.24643333333333337
1839.649,3.952,0.576,0.24656666666666666
1840.659,3.952,0.576,0.24670000000000003
1841.652,3.948,0.576,0.24683333333333332
1842.661,3.948,0.576,0.24696666666666667
1843.668,3.956,0.576,0.2471
1844.66,3.948,0.576,0.24724166666666667
1845.669,3.948,0.576,0.247375
1846.674,3.948,0.576,0.24750833333333333
1847.668,3.948,0.576,0.24764166666666668
1848.674,3.952,0.575,0.247775
1849.682,3.952,0.576,0.24790833333333334
1850.674,3.952,0.576,0.24804166666666666
1851.685,3.952,0.576,0.248175
1852.674,3.948,0.576,0.24830833333333335
1853.683,3.96,0.575,0.24844166666666667
1854.691,3.956,0.576,0.24857500000000002
1855.68,3.964,0.575,0.24870833333333334
1856.691,3.94,0.575,0.24884166666666668
1857.688,3.944,0.576,0.24897499999999997
1858.688,3.952,0.576,0.24910833333333335
1859.69,3.952,0.576,0.24924166666666664
1860.691,3.948,0.576,0.249375
1861.705,3.956,0.576,0.24950833333333336
1862.696,3.952,0.576,0.24964166666666665
1863.7,3.948,0.576,0.24977500000000002
1864.703,3.948,0.576,0.24990833333333332
1865.706,3.952,0.576,0.25004166666666666
1866.71,3.952,0.576,0.250175
1867.704,3.948,0.576,0.25030833333333335
1868.708,3.96,0.576,0.2504416666666666
1869.715,3.956,0.576,0.250575
1870.709,3.952,0.575,0.25070833333333337
1871.714,3.944,0.576,0.2508416666666667
1872.725,3.956,0.576,0.250975
1873.731,3.956,0.576,0.2511083333333333
1874.722,3.948,0.576,0.2512416666666667
1875.73,3.956,0.576,0.25137499999999996
1876.723,3.952,0.576,0.25150833333333333
1877.729,3.952,0.576,0.2516416666666667
1878.737,3.944,0.576,0.25177499999999997
1879.729,3.956,0.576,0.25190833333333335
1880.735,3.952,0.576,0.25204166666666666
1881.743,3.956,0.576,0.25217500000000004
1882.747,3.952,0.576,0.2523083333333333
1883.74,3.956,0.576,0.2524416666666667
1884.748,3.952,0.576,0.252575
1885.743,3.956,0.576,0.2527083333333333
1886.752,3.956,0.576,0.25285
1887.759,3.956,0.575,0.25298333333333334
1888.752,3.952,0.576,0.25311666666666666
1889.761,3.956,0.576,0.25325
1890.752,3.956,0.576,0.25338333333333335
1891.76,3.952,0.576,0.25351666666666667
1892.768,3.956,0.575,0.25365
1893.755,3.956,0.575,0.25378333333333336
1894.761,3.956,0.576,0.2539166666666667
1895.77,3.952,0.576,0.25405
1896.776,3.956,0.575,0.2541833333333333
1897.769,3.956,0.576,0.2543166666666667
1898.775,3.956,0.576,0.25444999999999995
1899.782,3.96,0.575,0.25458333333333333
1900.772,3.952,0.575,0.2547166666666667
1901.779,3.956,0.576,0.25485
1902.786,3.952,0.576,0.25498333333333334
1903.778,3.96,0.576,0.25511666666666666
1904.79,3.956,0.576,0.25525000000000003
1905.794,3.96,0.576,0.2553833333333333
1906.787,3.96,0.575,0.25551666666666667
1907.795,3.956,0.576,0.25565
1908.788,3.956,0.576,0.2557833333333333
1909.796,3.956,0.575,0.2559166666666667
1910.805,3.952,0.576,0.25605
1911.797,3.952,0.576,0.2561833333333334
1912.803,3.956,0.576,0.25631666666666664
1913.796,3.956,0.575,0.25645
1914.803,3.956,0.576,0.25658333333333333
1915.811,3.952,0.575,0.25671666666666665
1916.803,3.96,0.575,0.25685
1917.812,3.956,0.576,0.25698333333333334
1918.819,3.964,0.575,0.25711666666666666
1919.808,3.956,0.576,0.25725
1920.818,3.96,0.576,0.25738333333333335
1921.827,3.96,0.576,0.25751666666666667
1922.815,3.96,0.576,0.25765
1923.816,3.96,0.576,0.2577833333333333
1924.832,3.96,0.576,0.2579166666666667
1925.831,3.948,0.576,0.25805
1926.831,3.956,0.576,0.2581833333333333
1927.835,3.96,0.576,0.2583166666666667
1928.839,3.952,0.575,0.25845
1929.83,3.956,0.575,0.25858333333333333
1930.837,3.96,0.575,0.25871666666666665
1931.844,3.96,0.576,0.25885
1932.833,3.964,0.576,0.2589833333333333
1933.843,3.956,0.576,0.25911666666666666
1934.852,3.96,0.576,0.25925000000000004
1935.847,3.956,0.576,0.25939166666666663
1936.856,3.964,0.575,0.259525
1937.848,3.96,0.576,0.2596583333333333
1938.855,3.956,0.576,0.25979166666666664
1939.862,3.96,0.575,0.259925
1940.852,3.952,0.575,0.26005833333333334
1941.861,3.952,0.575,0.26019166666666665
1942.869,3.964,0.575,0.260325
1943.861,3.956,0.576,0.26045833333333335
1944.866,3.956,0.576,0.26059166666666667
1945.86,3.952,0.576,0.260725
1946.868,3.964,0.575,0.2608583333333333
1947.876,3.956,0.576,0.2609916666666667
1948.866,3.96,0.576,0.261125
1949.874,3.96,0.575,0.2612583333333333
1950.883,3.96,0.575,0.2613916666666667
1951.876,3.952,0.575,0.261525
1952.886,3.96,0.575,0.2616583333333333
1953.876,3.952,0.575,0.26179166666666664
1954.885,3.956,0.575,0.261925
1955.892,3.952,0.576,0.26205833333333334
1956.883,3.972,0.576,0.26219166666666666
1957.888,3.96,0.576,0.26232500000000003
1958.898,3.952,0.576,0.26245833333333335
1959.889,3.96,0.575,0.26259166666666667
1960.896,3.96,0.576,0.262725
1961.902,3.96,0.575,0.26285833333333336
1962.902,3.968,0.575,0.2629916666666666
1963.908,3.96,0.575,0.263125
1964.901,3.96,0.576,0.26325833333333337
1965.908,3.964,0.575,0.26339166666666664
1966.912,3.976,0.575,0.263525
1967.904,3.96,0.576,0.26365833333333333
1968.914,3.96,0.576,0.2637916666666667
1969.922,3.956,0.575,0.26392499999999997
1970.916,3.96,0.576,0.26405833333333334
1971.92,3.952,0.576,0.26419166666666666
1972.915,3.964,0.575,0.264325
1973.923,3.972,0.575,0.26445833333333335
1974.918,3.968,0.575,0.26459166666666667
1975.927,3.96,0.575,0.264725
1976.934,3.964,0.576,0.2648583333333333
1977.927,3.968,0.576,0.2649916666666667
1978.931,3.96,0.576,0.265125
1979.941,3.96,0.575,0.2652583333333333
1980.932,3.96,0.576,0.2653916666666667
1981.94,3.964,0.575,0.265525
1982.942,3.964,0.575,0.26565833333333333
1983.935,3.96,0.575,0.26579166666666665
1984.943,3.96,0.575,0.265925
1985.95,3.968,0.576,0.26605833333333334
1986.943,3.96,0.576,0.26619166666666666
1987.95,3.956,0.575,0.266325
1988.951,3.96,0.575,0.26645833333333335
1989.95,3.96,0.576,0.26659166666666667
1990.953,3.96,0.576,0.266725
1991.953,3.968,0.575,0.26685833333333336
1992.953,3.956,0.575,0.2669916666666667
1993.957,3.96,0.576,0.267125
1994.961,3.96,0.576,0.2672583333333333
1995.971,3.964,0.575,0.26739999999999997
1996.961,3.96,0.575,0.26753333333333335
1997.97,3.964,0.576,0.26766666666666666
1998.976,3.956,0.576,0.26780000000000004
1999.969,3.964,0.575,0.2679333333333333
2000.976,3.952,0.575,0.2680666666666667
2001.98,3.96,0.576,0.2682
2002.974,3.964,0.575,0.2683333333333333
2003.98,3.96,0.575,0.2684666666666667
2004.988,3.972,0.575,0.2686
2005.981,3.964,0.576,0.2687333333333333
2006.989,3.968,0.576,0.26886666666666664
2007.992,3.96,0.576,0.269
2008.999,3.968,0.575,0.26913333333333334
2009.993,3.964,0.575,0.26926666666666665
2011.001,3.96,0.576,0.2694
2011.993,3.96,0.576,0.26953333333333335
2013.001,3.952,0.575,0.26966666666666667
2014.008,3.964,0.576,0.2698
2014.999,3.964,0.575,0.26993333333333336
2016.001,3.96,0.575,0.2700666666666667
2017.009,3.968,0.576,0.2702
2018.013,3.968,0.575,0.2703333333333333
2019.018,3.964,0.575,0.2704666666666667
2020.008,3.952,0.576,0.2706
2021.02,3.964,0.576,0.2707333333333333
2022.011,3.972,0.576,0.2708666666666667
2023.018,3.964,0.575,0.27099999999999996
2024.025,3.96,0.575,0.27113333333333334
2025.032,3.968,0.576,0.27126666666666666
2026.021,3.968,0.575,0.27140000000000003
2027.028,3.964,0.575,0.2715333333333333
2028.023,3.968,0.576,0.27166666666666667
2029.029,3.964,0.576,0.27180000000000004
2030.039,3.956,0.575,0.2719333333333333
2031.029,3.956,0.575,0.2720666666666667
2032.035,3.96,0.575,0.2722
2033.043,3.968,0.576,0.2723333333333333
2034.035,3.968,0.575,0.27246666666666663
2035.045,3.952,0.575,0.2726
2036.047,3.96,0.576,0.2727333333333333
2037.043,3.964,0.575,0.27286666666666665
2038.045,3.968,0.576,0.273
2039.051,3.964,0.575,0.27313333333333334
2040.059,3.976,0.576,0.27326666666666666
2041.053,3.968,0.575,0.2734
2042.062,3.964,0.575,0.27353333333333335
2043.065,3.968,0.576,0.27366666666666667
2044.056,3.964,0.575,0.2738
2045.06,3.964,0.575,0.27393333333333336
2046.065,3.964,0.575,0.2740666666666667
2047.072,3.964,0.575,0.2742
2048.065,3.956,0.576,0.2743333333333333
2049.073,3.96,0.575,0.2744666666666667
2050.079,3.968,0.575,0.2746
2051.071,3.972,0.576,0.27473333333333333
2052.077,3.968,0.575,0.27486666666666665
2053.086,3.964,0.575,0.275
2054.075,3.968,0.575,0.27513333333333334
2055.09,3.968,0.575,0.27526666666666666
2056.078,3.968,0.575,0.27540000000000003
2057.095,3.972,0.575,0.2755333333333333
2058.093,3.964,0.575,0.27566666666666667
2059.095,3.972,0.575,0.2758
2060.088,3.968,0.576,0.27593333333333336
2061.093,3.964,0.575,0.2760666666666666
2062.102,3.964,0.576,0.2762
2063.095,3.968,0.575,0.27634166666666665
2064.101,3.964,0.575,0.27647499999999997
2065.104,3.964,0.576,0.27660833333333334
2066.104,3.964,0.576,0.27674166666666666
2067.113,3.968,0.575,0.276875
2068.103,3.968,0.576,0.27700833333333336
2069.113,3.96,0.575,0.2771416666666667
2070.121,3.976,0.575,0.277275
2071.113,3.968,0.575,0.2774083333333333
2072.121,3.964,0.575,0.2775416666666667
2073.115,3.964,0.576,0.277675
2074.125,3.976,0.576,0.2778083333333333
2075.131,3.964,0.575,0.27794166666666664
2076.122,3.964,0.575,0.278075
2077.127,3.964,0.576,0.27820833333333334
2078.132,3.972,0.575,0.27834166666666665
2079.125,3.968,0.575,0.27847500000000003
2080.132,3.964,0.575,0.27860833333333335
2081.143,3.972,0.575,0.27874166666666667
2082.137,3.964,0.575,0.278875
2083.144,3.972,0.575,0.27900833333333336
2084.136,3.968,0.575,0.2791416666666667
2085.145,3.956,0.576,0.279275
2086.139,3.972,0.575,0.27940833333333337
2087.148,3.964,0.576,0.27954166666666663
2088.155,3.968,0.576,0.279675
2089.147,3.972,0.575,0.2798083333333333
2090.154,3.968,0.575,0.2799416666666667
2091.158,3.964,0.575,0.28007499999999996
2092.152,3.972,0.575,0.28020833333333334
2093.157,3.972,0.576,0.2803416666666667
2094.166,3.96,0.575,0.280475
2095.159,3.972,0.576,0.28060833333333335
2096.164,3.964,0.575,0.28074166666666667
2097.175,3.976,0.575,0.280875
2098.164,3.964,0.576,0.2810083333333333
2099.172,3.964,0.575,0.2811416666666667
2100.178,3.968,0.575,0.281275
2101.17,3.964,0.575,0.2814083333333333
2102.178,3.968,0.575,0.2815416666666667
2103.186,3.972,0.575,0.281675
2104.176,3.968,0.575,0.2818083333333333
2105.183,3.968,0.575,0.28194166666666665
2106.188,3.964,0.575,0.282075
2107.195,3.968,0.575,0.28220833333333334
2108.185,3.972,0.575,0.28234166666666666
2109.199,3.972,0.575,0.28247500000000003
2110.189,3.972,0.576,0.28260833333333335
2111.195,3.964,0.575,0.28274166666666667
2112.198,3.972,0.575,0.282875
2113.203,3.964,0.575,0.28300833333333336
2114.208,3.968,0.575,0.2831416666666666
2115.209,3.964,0.576,0.283275
2116.198,3.968,0.576,0.2834083333333333
2117.202,3.976,0.575,0.2835416666666667
2118.202,3.968,0.576,0.283675
2119.211,3.972,0.576,0.28380833333333333
2120.219,3.968,0.575,0.2839416666666667
2121.21,3.972,0.576,0.28407499999999997
2122.219,3.972,0.575,0.28420833333333334
2123.218,3.968,0.575,0.28434166666666666
2124.22,3.972,0.576,0.284475
2125.218,3.976,0.575,0.2846083333333333
2126.219,3.968,0.575,0.28474166666666667
2127.223,3.968,0.575,0.28487500000000004
2128.225,3.968,0.575,0.2850083333333333
2129.231,3.96,0.576,0.2851416666666667
2130.236,3.968,0.575,0.285275
2131.228,3.968,0.575,0.2854083333333333
2132.234,3.972,0.575,0.28554166666666664
2133.245,3.964,0.575,0.28568333333333334
2134.249,3.968,0.575,0.28581666666666666
2135.242,3.968,0.575,0.28595
2136.25,3.964,0.575,0.28608333333333336
2137.252,3.976,0.575,0.2862166666666667
2138.244,3.968,0.575,0.28635
2139.252,3.968,0.575,0.2864833333333333
2140.26,3.968,0.575,0.2866166666666667
2141.248,3.968,0.575,0.28675
2142.258,3.968,0.575,0.2868833333333333
2143.266,3.972,0.575,0.2870166666666667
2144.257,3.964,0.575,0.28714999999999996
2145.265,3.976,0.575,0.28728333333333333
2146.271,3.968,0.575,0.28741666666666665
2147.265,3.968,0.575,0.28755000000000003
2148.275,3.972,0.575,0.28768333333333335
2149.267,3.972,0.575,0.28781666666666667
2150.274,3.972,0.576,0.28795000000000004
2151.267,3.972,0.575,0.2880833333333333
2152.276,3.972,0.575,0.2882166666666667
2153.285,3.972,0.575,0.28835
2154.279,3.984,0.575,0.2884833333333333
2155.283,3.968,0.575,0.28861666666666663
2156.291,3.972,0.575,0.28875
2157.282,3.976,0.575,0.2888833333333334
2158.291,3.972,0.575,0.28901666666666664
2159.296,3.972,0.575,0.28915
2160.285,3.976,0.575,0.28928333333333334
2161.295,3.972,0.575,0.28941666666666666
2162.298,3.972,0.575,0.28955
2163.302,3.968,0.575,0.28968333333333335
2164.308,3.972,0.575,0.28981666666666667
2165.296,3.972,0.576,0.28995
2166.305,3.972,0.575,0.29008333333333336
2167.307,3.976,0.575,0.2902166666666667
2168.316,3.968,0.575,0.29035
2169.306,3.972,0.575,0.2904833333333333
2170.313,3.972,0.575,0.2906166666666667
2171.321,3.976,0.575,0.29075
2172.314,3.976,0.575,0.2908833333333333
2173.321,3.972,0.575,0.2910166666666667
2174.314,3.968,0.575,0.29115
2175.321,3.976,0.576,0.29128333333333334
2176.329,3.972,0.575,0.29141666666666666
2177.322,3.972,0.575,0.29155000000000003
2178.329,3.972,0.575,0.2916833333333333
2179.336,3.968,0.575,0.29181666666666667
2180.33,3.968,0.575,0.29195
2181.34,3.968,0.575,0.2920833333333333
2182.344,3.968,0.575,0.2922166666666667
2183.337,3.968,0.575,0.29235
2184.344,3.968,0.575,0.2924833333333334
2185.349,3.972,0.575,0.29261666666666664
2186.342,3.972,0.575,0.29275
2187.349,3.972,0.575,0.29288333333333333
2188.341,3.98,0.575,0.29301666666666665
2189.347,3.972,0.575,0.29314999999999997
2190.355,3.972,0.575,0.29328333333333334
2191.355,3.976,0.575,0.29341666666666666
2192.354,3.972,0.575,0.29355
2193.353,3.968,0.575,0.29368333333333335
2194.355,3.976,0.575,0.29381666666666667
2195.357,3.972,0.575,0.29395
2196.363,3.98,0.576,0.2940833333333333
2197.371,3.972,0.576,0.2942166666666667
2198.373,3.972,0.575,0.29435
2199.365,3.972,0.575,0.2944833333333333
2200.372,3.976,0.575,0.2946166666666667
2201.377,3.972,0.575,0.29475
2202.37,3.968,0.575,0.29488333333333333
2203.376,3.968,0.575,0.29501666666666665
2204.384,3.976,0.575,0.29515
2205.376,3.976,0.576,0.2952833333333333
2206.385,3.972,0.575,0.29541666666666666
2207.394,3.972,0.576,0.29555000000000003
2208.385,3.976,0.575,0.29568333333333335
2209.393,3.972,0.575,0.29581666666666667
2210.4,3.976,0.575,0.29595
2211.392,3.968,0.575,0.29608333333333337
2212.393,3.972,0.575,0.29621666666666663
2213.4,3.972,0.575,0.29635
2214.407,3.976,0.575,0.2964833333333333
2215.399,3.968,0.575,0.29661666666666664
2216.408,3.968,0.575,0.29675
2217.4,3.976,0.575,0.29688333333333333
2218.41,3.968,0.575,0.2970166666666667
2219.416,3.972,0.575,0.29714999999999997
2220.407,3.976,0.575,0.29728333333333334
2221.413,3.972,0.575,0.29741666666666666
2222.422,3.968,0.575,0.29755
2223.411,3.972,0.575,0.29768333333333336
2224.417,3.972,0.575,0.2978166666666667
2225.423,3.972,0.576,0.29795
2226.428,3.964,0.575,0.2980833333333333
2227.433,3.972,0.575,0.2982166666666667
2228.424,3.976,0.575,0.29835
2229.431,3.972,0.575,0.2984833333333333
2230.438,3.976,0.575,0.29861666666666664
2231.431,3.976,0.575,0.29875
2232.439,3.972,0.576,0.29888333333333333
2233.431,3.98,0.575,0.29901666666666665
2234.44,3.972,0.575,0.29915
2235.445,3.972,0.575,0.2992916666666666
2236.438,3.972,0.575,0.299425
2237.444,3.968,0.575,0.29955833333333337
2238.451,3.972,0.575,0.2996916666666667
2239.442,3.976,0.575,0.299825
2240.45,3.972,0.575,0.2999583333333333
2241.457,3.972,0.575,0.3000916666666667
2242.461,3.972,0.575,0.30022499999999996
2243.454,3.972,0.575,0.30035833333333334
2244.459,3.972,0.575,0.30049166666666666
2245.469,3.968,0.576,0.300625
2246.461,3.976,0.575,0.30075833333333335
2247.466,3.976,0.575,0.30089166666666667
2248.474,3.98,0.575,0.30102500000000004
2249.466,3.968,0.575,0.3011583333333333
2250.474,3.976,0.575,0.3012916666666667
2251.48,3.972,0.575,0.301425
2252.474,3.976,0.575,0.3015583333333333
2253.484,3.976,0.575,0.30169166666666664
2254.478,3.968,0.575,0.301825
2255.486,3.968,0.575,0.30195833333333333
2256.476,3.992,0.575,0.30209166666666665
2257.493,3.972,0.575,0.302225
2258.492,3.98,0.575,0.30235833333333334
2259.497,3.972,0.575,0.30249166666666666
2260.495,3.98,0.575,0.302625
2261.5,3.976,0.575,0.30275833333333335
2262.503,3.976,0.575,0.30289166666666667
2263.494,3.972,0.575,0.303025
2264.506,3.972,0.575,0.30315833333333336
2265.499,3.976,0.575,0.3032916666666667
2266.502,3.98,0.575,0.303425
2267.508,3.976,0.575,0.3035583333333333
2268.5,3.98,0.575,0.3036916666666667
2269.51,3.976,0.575,0.30382499999999996
2270.518,3.972,0.575,0.30395833333333333
2271.507,3.98,0.575,0.3040916666666667
2272.515,3.972,0.575,0.30422499999999997
2273.522,3.972,0.575,0.30435833333333334
2274.526,3.976,0.575,0.30449166666666666
2275.52,3.98,0.575,0.30462500000000003
2276.526,3.972,0.575,0.3047583333333333
2277.519,3.98,0.575,0.30489166666666667
2278.528,3.976,0.575,0.305025
2279.535,3.972,0.575,0.3051583333333333
2280.526,3.972,0.575,0.3052916666666667
2281.535,3.976,0.575,0.305425
2282.544,3.98,0.575,0.3055583333333333
2283.535,3.984,0.575,0.30569166666666664
2284.542,3.972,0.575,0.305825
2285.548,3.98,0.575,0.30595833333333333
2286.539,3.972,0.575,0.30609166666666665
2287.543,3.976,0.575,0.306225
2288.55,3.976,0.575,0.30635833333333334
2289.555,3.976,0.575,0.30649166666666666
2290.546,3.976,0.575,0.306625
2291.555,3.972,0.575,0.30675833333333336
2292.561,3.98,0.575,0.3068916666666667
2293.552,3.976,0.575,0.307025
2294.557,3.972,0.575,0.3071583333333333
2295.567,3.98,0.575,0.3072916666666667
2296.558,3.98,0.575,0.307425
2297.565,3.976,0.575,0.3075583333333333
2298.571,3.98,0.575,0.3076916666666667
2299.578,3.98,0.575,0.307825
2300.571,3.976,0.575,0.30795833333333333
2301.578,3.976,0.575,0.30809166666666665
2302.571,3.976,0.575,0.308225
2303.58,3.98,0.575,0.3083583333333333
2304.587,3.976,0.575,0.30849166666666666
2305.58,3.976,0.576,0.30862500000000004
2306.591,3.972,0.575,0.3087583333333333
2307.583,3.976,0.575,0.3088916666666667
2308.59,3.98,0.575,0.309025
2309.585,3.98,0.575,0.30915833333333337
2310.591,3.98,0.575,0.30929166666666663
2311.598,3.984,0.575,0.309425
2312.589,3.976,0.575,0.3095583333333334
2313.598,3.976,0.575,0.30969166666666664
2314.605,3.976,0.575,0.309825
2315.596,3.972,0.575,0.30995833333333334
2316.605,3.98,0.575,0.31009166666666665
2317.609,3.98,0.575,0.310225
2318.615,3.98,0.575,0.31035833333333335
2319.603,3.988,0.575,0.31049166666666667
2320.611,3.976,0.575,0.310625
2321.618,3.976,0.575,0.31075833333333336
2322.62,3.98,0.575,0.3108916666666667
2323.618,3.984,0.575,0.311025
2324.619,3.972,0.575,0.3111583333333333
2325.619,3.98,0.575,0.3112916666666667
2326.617,3.976,0.575,0.311425
2327.62,3.98,0.576,0.3115583333333333
2328.626,3.98,0.575,0.31169166666666664
2329.635,3.98,0.575,0.311825
2330.628,3.976,0.575,0.31195833333333334
2331.635,3.988,0.575,0.31209166666666666
2332.628,3.976,0.575,0.31222500000000003
2333.632,3.976,0.575,0.3123583333333333
2334.641,3.976,0.575,0.31249166666666667
2335.648,3.98,0.575,0.312625
2336.636,3.98,0.575,0.31275833333333336
2337.653,3.98,0.575,0.3128916666666667
2338.644,3.98,0.576,0.313025
2339.652,3.98,0.575,0.31315833333333337
2340.657,3.98,0.575,0.31329166666666663
2341.651,3.98,0.575,0.313425
2342.655,3.98,0.575,0.31355833333333333
2343.657,3.98,0.575,0.31369166666666665
2344.66,3.976,0.575,0.31382499999999997
2345.668,3.98,0.575,0.31395833333333334
2346.66,3.976,0.575,0.3140916666666667
2347.668,3.976,0.575,0.314225
2348.674,3.976,0.575,0.31435833333333335
2349.676,3.98,0.575,0.31449166666666667
2350.668,3.98,0.575,0.314625
2351.671,3.98,0.575,0.3147583333333333
2352.676,3.976,0.575,0.3148916666666667
2353.67,3.98,0.575,0.315025
2354.679,3.988,0.575,0.3151583333333333
2355.687,3.98,0.575,0.3152916666666667
2356.677,3.988,0.575,0.315425
2357.688,4.0,0.575,0.31555833333333333
2358.679,3.976,0.575,0.31569166666666665
2359.688,3.98,0.575,0.315825
2360.693,3.976,0.575,0.31595833333333334
2361.7,3.98,0.575,0.31609166666666666
2362.689,3.976,0.575,0.31622500000000003
2363.698,3.976,0.575,0.31635833333333335
2364.706,3.98,0.575,0.31649166666666667
2365.696,3.98,0.575,0.316625
2366.704,3.98,0.575,0.31675833333333336
2367.706,3.984,0.575,0.3168916666666666
2368.715,3.976,0.575,0.317025
2369.702,3.984,0.575,0.3171583333333333
2370.71,3.972,0.575,0.3172916666666667
2371.72,3.98,0.575,0.317425
2372.712,3.976,0.575,0.31755833333333333
2373.723,3.976,0.575,0.3176916666666667
2374.713,3.988,0.575,0.31782499999999997
2375.723,3.98,0.575,0.31795833333333334
2376.726,3.984,0.575,0.31809166666666666
2377.732,3.98,0.575,0.318225
2378.723,3.984,0.575,0.3183583333333333
2379.727,3.98,0.575,0.3184916666666667
2380.736,3.98,0.575,0.318625
2381.726,3.984,0.575,0.3187583333333333
2382.735,3.984,0.575,0.3188916666666667
2383.739,3.98,0.575,0.319025
2384.734,3.98,0.575,0.3191583333333333
2385.741,3.98,0.575,0.31929166666666664
2386.748,3.976,0.575,0.319425
2387.743,3.976,0.575,0.31955833333333333
2388.745,3.98,0.575,0.31969166666666665
2389.746,3.984,0.575,0.319825
2390.743,3.984,0.575,0.31995833333333334
2391.761,3.98,0.575,0.32009166666666666
2392.761,3.984,0.575,0.320225
2393.751,3.98,0.575,0.32035833333333336
2394.761,3.98,0.575,0.3204916666666666
2395.765,3.98,0.575,0.320625
2396.757,3.98,0.576,0.32075833333333337
2397.764,3.984,0.575,0.3208916666666667
2398.772,3.98,0.575,0.321025
2399.762,3.98,0.575,0.3211583333333333
2400.773,3.984,0.575,0.3212916666666667
2401.767,3.984,0.575,0.32142499999999996
2402.774,3.976,0.575,0.32155833333333333
2403.779,3.984,0.575,0.32169166666666665
2404.786,3.98,0.575,0.32182499999999997
2405.775,3.98,0.575,0.32195833333333335
2406.784,3.98,0.575,0.32209166666666667
2407.778,3.98,0.575,0.32222500000000004
2408.784,3.984,0.575,0.3223583333333333
2409.79,3.984,0.575,0.3224916666666667
2410.784,3.98,0.575,0.322625
2411.789,3.98,0.575,0.3227583333333333
2412.796,3.98,0.575,0.3228916666666667
2413.798,3.988,0.575,0.323025
2414.806,3.984,0.575,0.3231583333333333
2415.794,3.98,0.575,0.32329166666666664
2416.804,3.98,0.575,0.323425
2417.811,3.98,0.575,0.32355833333333334
2418.806,3.988,0.575,0.32369166666666666
2419.816,3.984,0.575,0.323825
2420.811,3.984,0.575,0.32395833333333335
2421.819,3.98,0.575,0.32409166666666667
2422.809,3.98,0.575,0.324225
2423.82,3.98,0.575,0.32435833333333336
2424.826,3.984,0.575,0.3244916666666667
2425.821,3.984,0.575,0.324625
2426.829,3.984,0.575,0.3247583333333333
2427.822,3.98,0.575,0.3248916666666667
2428.832,3.98,0.575,0.32502499999999995
2429.826,3.984,0.575,0.3251583333333333
2430.833,3.984,0.575,0.3252916666666667
2431.837,3.976,0.575,0.325425
2432.828,3.98,0.575,0.32555833333333334
2433.836,3.984,0.575,0.32569166666666666
2434.844,3.98,0.575,0.32582500000000003
2435.836,3.984,0.575,0.3259583333333333
2436.846,3.984,0.575,0.32609166666666667
2437.838,3.984,0.575,0.32622500000000004
2438.842,3.98,0.575,0.3263583333333333
2439.847,3.976,0.575,0.3264916666666667
2440.852,3.98,0.575,0.326625
2441.845,3.984,0.575,0.3267583333333333
2442.857,3.988,0.575,0.32689166666666664
2443.849,3.984,0.575,0.327025
2444.86,3.984,0.575,0.32715833333333333
2445.853,3.98,0.575,0.32729166666666665
2446.861,3.984,0.575,0.327425
2447.87,3.988,0.575,0.32755833333333334
2448.865,3.98,0.575,0.32769166666666666
2449.869,3.98,0.575,0.327825
2450.863,3.984,0.575,0.32795833333333335
2451.87,3.98,0.575,0.32809166666666667
2452.88,3.984,0.575,0.328225
2453.871,3.984,0.575,0.3283583333333333
2454.885,3.984,0.575,0.3284916666666667
2455.886,3.992,0.575,0.328625
2456.882,3.988,0.574,0.3287583333333333
2457.883,3.98,0.575,0.3288916666666667
2458.887,3.988,0.575,0.329025
2459.892,3.984,0.575,0.32915833333333333
2460.885,3.984,0.575,0.32929166666666665
2461.89,3.98,0.575,0.329425
2462.894,3.984,0.575,0.32955833333333334
2463.895,3.98,0.575,0.32969166666666666
2464.9,3.988,0.575,0.32982500000000003
2465.905,3.984,0.575,0.3299583333333333
2466.899,3.984,0.575,0.33009166666666667
2467.907,3.98,0.575,0.330225
2468.912,3.984,0.575,0.33035833333333336
2469.904,3.984,0.575,0.33049166666666663
2470.911,3.984,0.575,0.330625
2471.919,3.98,0.575,0.3307583333333334
2472.907,3.984,0.575,0.33089166666666664
2473.916,3.98,0.575,0.331025
2474.925,3.984,0.575,0.33115833333333333
2475.916,3.984,0.575,0.33129166666666665
2476.927,3.992,0.575,0.33142499999999997
2477.917,3.984,0.575,0.33155833333333334
2478.925,3.984,0.575,0.33169166666666666
2479.934,3.98,0.575,0.331825
2480.926,3.984,0.575,0.33195833333333336
2481.931,3.98,0.575,0.3320916666666667
2482.937,3.984,0.575,0.332225
2483.93,3.988,0.575,0.3323583333333333
2484.935,3.988,0.575,0.3324916666666667
2485.946,3.98,0.575,0.332625
2486.949,3.984,0.575,0.3327583333333333
2487.942,3.984,0.575,0.3328916666666667
2488.948,3.98,0.575,0.333025
2489.941,3.984,0.575,0.33315833333333333
2490.948,3.984,0.575,0.33329166666666665
2491.959,3.98,0.575,0.333425
2492.952,3.98,0.575,0.33355833333333335
2493.96,3.996,0.575,0.33369166666666666
2494.951,3.98,0.575,0.333825
2495.958,3.988,0.575,0.33395833333333336
2496.968,3.98,0.575,0.3340916666666667
2497.971,3.988,0.575,0.334225
2498.963,3.984,0.575,0.33435833333333337
2499.967,3.984,0.575,0.33449999999999996
2500.972,3.988,0.575,0.334625
2501.964,3.972,0.575,0.3347666666666667
2502.973,3.984,0.575,0.3349
2503.98,3.984,0.575,0.33503333333333335
2504.985,3.984,0.575,0.33516666666666667
2505.973,3.992,0.575,0.3353
2506.987,3.988,0.575,0.3354333333333333
2507.982,3.984,0.575,0.3355666666666667
2508.99,3.98,0.575,0.33569166666666667
2509.98,3.992,0.575,0.335825
2510.989,3.984,0.575,0.3359583333333333
2511.997,3.984,0.575,0.3360916666666667
2512.99,3.984,0.575,0.336225
2513.995,3.992,0.575,0.3363583333333333
2515.005,3.984,0.575,0.3364916666666667
2515.995,3.984,0.575,0.336625
2517.004,3.984,0.575,0.3367583333333333
2517.998,3.984,0.575,0.33689166666666664
2519.002,3.984,0.575,0.33703333333333335
2520.0,3.984,0.575,0.33716666666666667
2521.017,3.992,0.575,0.3373
2522.014,3.984,0.575,0.33743333333333336
2523.014,3.98,0.575,0.3375666666666666
2524.009,3.988,0.575,0.3377
2525.024,3.988,0.575,0.3378333333333333
2526.015,3.984,0.575,0.3379666666666667
2527.026,3.98,0.575,0.3381
2528.017,3.988,0.575,0.33823333333333333
2529.025,3.988,0.575,0.3383666666666667
2530.029,3.988,0.575,0.33849999999999997
2531.024,3.992,0.575,0.33863333333333334
2532.031,3.988,0.575,0.33876666666666666
2533.04,3.98,0.575,0.3389
2534.033,3.98,0.575,0.3390333333333333
2535.041,3.992,0.575,0.33916666666666667
2536.035,3.988,0.575,0.33930000000000005
2537.037,3.988,0.575,0.3394333333333333
2538.044,3.984,0.575,0.3395666666666667
2539.046,3.98,0.575,0.3397
2540.055,3.988,0.575,0.3398333333333333
2541.045,3.988,0.575,0.33996666666666664
2542.047,3.984,0.575,0.3401
2543.057,3.984,0.575,0.34023333333333333
2544.06,3.988,0.575,0.34036666666666665
2545.065,3.984,0.575,0.3405
2546.054,3.984,0.575,0.34063333333333334
2547.063,3.984,0.575,0.34076666666666666
2548.065,3.988,0.575,0.3409
2549.072,3.988,0.575,0.34103333333333335
2550.066,3.988,0.575,0.3411666666666667
2551.069,3.984,0.575,0.3413
2552.063,3.988,0.575,0.34143333333333337
2553.07,3.984,0.575,0.3415666666666667
2554.077,3.988,0.575,0.3417
2555.083,3.988,0.574,0.3418333333333333
2556.078,3.98,0.575,0.3419666666666667
2557.073,3.988,0.575,0.34209999999999996
2558.081,3.996,0.575,0.34223333333333333
2559.087,3.992,0.575,0.34236666666666665
2560.094,3.988,0.574,0.3425
2561.084,3.988,0.575,0.34263333333333335
2562.091,3.984,0.575,0.34276666666666666
2563.1,3.984,0.575,0.34290000000000004
2564.089,3.992,0.575,0.3430333333333333
2565.097,3.984,0.575,0.3431666666666667
2566.105,3.984,0.575,0.3433
2567.095,3.988,0.575,0.3434333333333333
2568.104,3.988,0.575,0.34356666666666663
2569.108,3.984,0.575,0.3437
2570.1,3.988,0.575,0.3438333333333334
2571.104,3.988,0.575,0.34396666666666664
2572.112,3.98,0.575,0.3441
2573.119,3.984,0.575,0.34423333333333334
2574.112,3.988,0.575,0.34436666666666665
2575.119,3.988,0.575,0.3445
2576.125,3.984,0.575,0.34463333333333335
2577.117,3.984,0.575,0.34476666666666667
2578.126,3.984,0.575,0.3449
2579.133,3.988,0.575,0.34503333333333336
2580.121,3.988,0.575,0.3451666666666667
2581.128,3.988,0.575,0.3453
2582.136,3.984,0.575,0.3454333333333333
2583.139,3.988,0.575,0.3455666666666667
2584.142,3.984,0.575,0.34569999999999995
2585.145,3.988,0.575,0.3458333333333333
2586.145,3.992,0.575,0.3459666666666667
2587.143,3.984,0.575,0.3461
2588.146,3.992,0.575,0.34623333333333334
2589.149,3.984,0.575,0.34636666666666666
2590.145,3.992,0.575,0.34650000000000003
2591.149,3.988,0.575,0.3466333333333333
2592.151,3.992,0.575,0.34676666666666667
2593.146,3.988,0.575,0.3469
2594.153,3.988,0.575,0.3470333333333333
2595.157,3.984,0.575,0.3471666666666667
2596.166,3.992,0.575,0.3473
2597.159,3.988,0.575,0.34743333333333337
2598.167,3.988,0.575,0.34756666666666663
2599.158,3.988,0.575,0.3477
2600.168,3.988,0.575,0.3478333333333333
2601.175,3.988,0.575,0.34796666666666665
2602.165,3.984,0.575,0.3481
2603.17,3.988,0.575,0.34823333333333334
2604.178,3.988,0.575,0.34836666666666666
2605.171,3.984,0.575,0.3485
2606.177,3.992,0.575,0.34863333333333335
2607.187,3.988,0.575,0.34876666666666667
2608.177,3.988,0.575,0.3489
2609.185,3.988,0.575,0.3490333333333333
2610.191,3.988,0.575,0.3491666666666667
2611.183,3.988,0.575,0.3493
2612.19,3.984,0.575,0.3494333333333333
2613.197,3.988,0.575,0.3495666666666667
2614.203,3.984,0.575,0.3497
2615.193,3.988,0.575,0.34983333333333333
2616.203,4.0,0.575,0.34996666666666665
2617.193,3.988,0.575,0.3501
2618.202,3.988,0.575,0.3502333333333333
2619.21,3.988,0.575,0.35036666666666666
2620.202,3.992,0.575,0.35050000000000003
2621.207,3.988,0.575,0.35063333333333335
2622.216,3.988,0.575,0.35076666666666667
2623.211,3.988,0.575,0.3509
2624.215,3.992,0.575,0.35103333333333336
2625.223,3.992,0.575,0.3511666666666666
2626.214,3.992,0.575,0.3513
2627.22,3.988,0.575,0.351425
2628.226,3.984,0.575,0.35155833333333336
2629.217,3.988,0.575,0.3516916666666666
2630.225,3.988,0.575,0.351825
2631.236,3.988,0.575,0.3519583333333334
2632.231,3.992,0.575,0.35209166666666664
2633.237,3.992,0.575,0.352225
2634.231,3.988,0.575,0.35235833333333333
2635.234,3.988,0.575,0.35249166666666665
2636.242,3.988,0.575,0.35262499999999997
2637.248,3.996,0.575,0.35275833333333334
2638.239,3.988,0.575,0.3528916666666667
2639.245,3.992,0.575,0.353025
2640.251,3.992,0.575,0.35315833333333335
2641.243,3.996,0.575,0.35329166666666667
2642.25,3.996,0.575,0.353425
2643.256,3.988,0.575,0.3535583333333333
2644.251,3.988,0.575,0.3536916666666667
2645.255,3.996,0.575,0.353825
2646.257,3.992,0.575,0.3539583333333333
2647.261,3.988,0.575,0.3540916666666667
2648.264,3.988,0.575,0.354225
2649.267,3.988,0.574,0.35435833333333333
2650.271,3.992,0.575,0.35449166666666665
2651.273,3.992,0.575,0.354625
2652.27,3.988,0.575,0.35475833333333334
2653.276,3.992,0.575,0.35489166666666666
2654.272,3.988,0.575,0.355025
2655.272,3.996,0.575,0.35515833333333335
2656.272,3.996,0.575,0.3552916666666667
2657.28,3.988,0.575,0.355425
2658.285,3.988,0.575,0.35555833333333337
2659.289,3.988,0.575,0.35569166666666663
2660.281,3.992,0.575,0.355825
2661.284,3.992,0.575,0.3559583333333333
2662.288,3.988,0.575,0.3560916666666667
2663.29,3.992,0.575,0.356225
2664.292,3.992,0.575,0.35635833333333333
2665.295,3.988,0.575,0.3564916666666667
2666.299,3.992,0.575,0.35662499999999997
2667.297,3.988,0.575,0.35675833333333334
2668.297,3.992,0.575,0.35689166666666666
2669.301,3.988,0.575,0.357025
2670.304,3.98,0.575,0.3571583333333333
2671.305,3.992,0.575,0.3572916666666667
2672.311,3.988,0.575,0.35742500000000005
2673.314,3.992,0.575,0.3575583333333333
2674.321,3.984,0.575,0.3576916666666667
2675.313,3.988,0.575,0.357825
2676.323,3.988,0.575,0.3579583333333333
2677.327,3.992,0.575,0.35809166666666664
2678.32,3.988,0.575,0.358225
2679.327,3.992,0.575,0.35835833333333333
2680.321,3.992,0.575,0.35849166666666665
2681.327,3.988,0.575,0.358625
2682.334,3.984,0.575,0.35875833333333335
2683.328,3.988,0.575,0.35889166666666666
2684.335,3.996,0.575,0.359025
2685.33,3.992,0.575,0.35915833333333336
2686.332,3.988,0.575,0.3592916666666666
2687.333,3.988,0.575,0.359425
2688.338,3.988,0.575,0.35955833333333337
2689.349,3.992,0.575,0.3596916666666667
2690.344,3.992,0.575,0.359825
2691.353,3.992,0.575,0.3599583333333333
2692.346,3.992,0.575,0.3600916666666667
2693.349,3.992,0.575,0.36022499999999996
2694.357,3.988,0.575,0.36035833333333334
2695.362,3.992,0.575,0.36049166666666665
2696.356,3.988,0.575,0.360625
2697.363,3.992,0.575,0.36075833333333335
2698.356,3.992,0.575,0.36089166666666667
2699.366,3.988,0.575,0.36102500000000004
2700.372,3.992,0.575,0.3611583333333333
2701.366,3.996,0.575,0.3612916666666667
2702.375,3.996,0.575,0.361425
2703.366,3.992,0.575,0.3615583333333333
2704.37,3.992,0.575,0.36169166666666663
2705.372,3.988,0.575,0.361825
2706.374,3.988,0.575,0.3619583333333333
2707.376,3.992,0.575,0.36209166666666665
2708.378,3.992,0.575,0.362225
2709.384,3.996,0.575,0.36235833333333334
2710.392,3.992,0.575,0.36249166666666666
2711.394,3.988,0.575,0.362625
2712.383,3.992,0.575,0.36275833333333335
2713.386,3.992,0.575,0.36289166666666667
2714.392,3.992,0.575,0.363025
2715.396,3.996,0.575,0.36315833333333336
2716.396,3.992,0.575,0.3632916666666667
2717.399,3.988,0.575,0.363425
2718.398,3.992,0.575,0.3635583333333333
2719.4,3.988,0.575,0.3636916666666667
2720.401,3.992,0.575,0.36382499999999995
2721.404,3.996,0.575,0.36395833333333333
2722.407,3.992,0.575,0.3640916666666667
2723.411,3.992,0.575,0.364225
2724.418,3.992,0.575,0.36435833333333334
2725.421,3.992,0.575,0.36449166666666666
2726.412,3.992,0.575,0.36462500000000003
2727.417,3.996,0.575,0.3647583333333333
2728.419,3.992,0.575,0.36489166666666667
2729.422,3.996,0.575,0.365025
2730.427,3.996,0.575,0.3651583333333333
2731.434,4.0,0.575,0.3652916666666667
2732.424,4.0,0.575,0.365425
2733.424,3.988,0.575,0.3655583333333334
2734.442,3.996,0.575,0.36569166666666664
2735.431,3.996,0.575,0.365825
2736.439,4.0,0.575,0.36595833333333333
2737.447,3.996,0.575,0.36609166666666665
2738.438,3.996,0.575,0.366225
2739.445,3.996,0.575,0.36635833333333334
2740.438,3.996,0.575,0.36649166666666666
2741.442,3.992,0.575,0.366625
2742.45,3.992,0.575,0.36675833333333335
2743.454,3.996,0.575,0.36689166666666667
2744.459,3.992,0.575,0.367025
2745.454,3.984,0.575,0.3671583333333333
2746.461,3.996,0.575,0.3672916666666667
2747.453,3.996,0.575,0.367425
2748.459,3.988,0.575,0.3675583333333333
2749.471,3.988,0.575,0.3676916666666667
2750.463,3.992,0.575,0.367825
2751.47,3.992,0.575,0.36795833333333333
2752.462,3.992,0.575,0.36809166666666665
2753.47,3.992,0.575,0.368225
2754.477,3.992,0.574,0.3683583333333333
2755.468,4.012,0.575,0.36849166666666666
2756.479,3.98,0.575,0.36862500000000004
2757.487,4.0,0.575,0.3687583333333333
2758.482,3.984,0.575,0.3688916666666667
2759.487,3.996,0.575,0.369025
2760.478,3.996,0.574,0.36915833333333337
2761.487,4.0,0.575,0.36929166666666663
2762.495,3.996,0.575,0.369425
2763.485,3.992,0.575,0.3695583333333334
2764.488,3.996,0.575,0.36969166666666664
2765.491,3.992,0.575,0.369825
2766.497,3.988,0.575,0.36995833333333333
2767.506,3.992,0.575,0.37009166666666665
2768.499,3.996,0.575,0.37022499999999997
2769.504,3.996,0.575,0.37035833333333334
2770.498,3.996,0.575,0.37049166666666666
2771.5,3.996,0.575,0.370625
2772.507,3.996,0.575,0.37075833333333336
2773.512,3.992,0.575,0.3708916666666667
2774.52,3.988,0.575,0.371025
2775.512,3.996,0.575,0.3711583333333333
2776.521,3.996,0.575,0.3712916666666667
2777.516,3.996,0.575,0.371425
2778.523,3.996,0.575,0.3715583333333333
2779.529,4.004,0.575,0.37169166666666664
2780.52,4.0,0.575,0.371825
2781.528,3.996,0.574,0.37195833333333334
2782.534,4.0,0.575,0.37209166666666665
2783.528,3.996,0.575,0.37222500000000003
2784.532,3.992,0.575,0.37235833333333335
2785.538,4.0,0.575,0.37249166666666667
2786.54,3.992,0.575,0.372625
2787.537,3.988,0.575,0.37275833333333336
2788.538,3.992,0.575,0.3728916666666667
2789.536,3.996,0.575,0.373025
2790.553,4.0,0.575,0.37315833333333337
2791.543,4.0,0.575,0.37329166666666663
2792.551,3.996,0.575,0.373425
2793.544,3.996,0.575,0.3735583333333333
2794.551,3.996,0.575,0.3736916666666667
2795.56,3.996,0.575,0.37382499999999996
2796.551,3.996,0.575,0.37395833333333334
2797.561,3.996,0.575,0.3740916666666667
2798.564,3.996,0.575,0.374225
2799.56,3.996,0.575,0.37435833333333335
2800.567,3.996,0.575,0.37449166666666667
2801.559,3.996,0.575,0.374625
2802.566,3.996,0.574,0.3747583333333333
2803.573,3.996,0.575,0.3748916666666667
2804.579,3.996,0.574,0.375025
2805.571,3.996,0.575,0.3751583333333333
2806.581,3.996,0.575,0.3752916666666667
2807.585,3.992,0.575,0.375425
2808.579,3.992,0.575,0.3755583333333333
2809.586,3.996,0.574,0.37569166666666665
2810.592,3.996,0.575,0.375825
2811.583,4.0,0.575,0.37595833333333334
2812.589,4.0,0.575,0.37609166666666666
2813.594,4.0,0.575,0.37622500000000003
2814.586,3.996,0.575,0.37635833333333335
2815.596,3.996,0.574,0.37649166666666667
2816.602,3.992,0.575,0.376625
2817.593,3.992,0.575,0.37675833333333336
2818.6,4.0,0.575,0.3768916666666666
2819.606,4.0,0.575,0.377025
2820.612,3.996,0.575,0.3771583333333333
2821.6,3.996,0.574,0.3772916666666667
2822.607,3.996,0.575,0.377425
2823.609,4.0,0.575,0.37755833333333333
2824.615,3.992,0.575,0.3776916666666667
2825.621,3.996,0.575,0.37782499999999997
2826.623,3.996,0.575,0.37795833333333334
2827.617,3.996,0.575,0.37809166666666666
2828.622,4.004,0.575,0.378225
2829.628,4.0,0.575,0.3783583333333333
2830.633,3.996,0.575,0.37849166666666667
2831.624,3.996,0.575,0.37862500000000004
2832.63,4.0,0.575,0.3787583333333333
2833.634,4.0,0.575,0.3788916666666667
2834.627,3.996,0.575,0.379025
2835.632,3.996,0.575,0.3791583333333333
2836.637,4.0,0.574,0.37929166666666664
2837.643,4.0,0.575,0.379425
2838.636,4.004,0.575,0.37955833333333333
2839.641,4.0,0.575,0.37969166666666665
2840.649,3.992,0.574,0.379825
2841.639,4.0,0.575,0.37995833333333334
2842.646,4.0,0.575,0.38009166666666666
2843.656,3.996,0.574,0.380225
2844.647,4.004,0.575,0.38035833333333335
2845.653,4.0,0.575,0.3804916666666667
2846.658,3.996,0.575,0.380625
2847.666,4.0,0.575,0.38075833333333337
2848.654,3.996,0.575,0.3808916666666667
2849.663,3.992,0.575,0.381025
2850.668,4.0,0.575,0.3811583333333333
2851.664,3.996,0.574,0.3812916666666667
2852.666,4.0,0.575,0.38142499999999996
2853.663,4.0,0.575,0.38155833333333333
2854.677,4.0,0.575,0.38169166666666665
2855.677,3.984,0.574,0.381825
2856.671,4.0,0.575,0.38195833333333334
2857.678,4.0,0.575,0.38209166666666666
2858.684,3.996,0.575,0.38222500000000004
2859.678,3.996,0.575,0.3823583333333333
2860.686,4.0,0.575,0.3824916666666667
2861.692,3.996,0.575,0.382625
2862.697,3.996,0.575,0.3827583333333333
2863.691,4.0,0.575,0.3828916666666667
2864.697,4.0,0.575,0.383025
2865.688,4.0,0.574,0.3831583333333333
2866.698,4.0,0.575,0.38329166666666664
2867.701,4.0,0.575,0.383425
2868.694,4.004,0.575,0.38355833333333333
2869.701,3.996,0.574,0.38369166666666665
2870.706,4.0,0.575,0.38382499999999997
2871.713,4.0,0.575,0.38395833333333335
2872.703,3.996,0.575,0.38408333333333333
2873.713,4.004,0.575,0.38421666666666665
2874.72,4.0,0.575,0.38435
2875.713,4.0,0.575,0.38448333333333334
2876.722,4.0,0.575,0.38461666666666666
2877.714,4.004,0.575,0.38475
2878.72,4.0,0.575,0.38488333333333336
2879.73,4.004,0.575,0.3850166666666667
2880.719,4.0,0.575,0.38515
2881.729,4.0,0.575,0.3852833333333333
2882.721,3.996,0.575,0.3854166666666667
2883.738,4.0,0.575,0.38555
2884.728,4.004,0.575,0.3856833333333333
2885.733,4.0,0.575,0.3858166666666667
2886.74,4.004,0.575,0.38595
2887.746,4.0,0.574,0.38608333333333333
2888.735,4.008,0.575,0.38621666666666665
2889.742,4.004,0.575,0.38635
2890.75,4.0,0.575,0.3864833333333333
2891.743,4.004,0.575,0.38661666666666666
2892.748,3.996,0.574,0.38675000000000004
2893.755,4.004,0.575,0.3868833333333333
2894.745,4.0,0.575,0.3870166666666667
2895.754,4.004,0.575,0.38715
2896.758,4.004,0.575,0.38728333333333337
2897.751,4.0,0.575,0.38741666666666663
2898.759,4.004,0.575,0.38755
2899.766,4.0,0.575,0.3876833333333334
2900.759,4.004,0.575,0.38781666666666664
2901.767,4.004,0.574,0.38795
2902.775,4.0,0.575,0.38808333333333334
2903.763,4.0,0.574,0.38821666666666665
2904.771,4.0,0.574,0.38835
2905.778,4.004,0.575,0.38848333333333335
2906.771,4.0,0.575,0.38861666666666667
2907.778,4.0,0.575,0.38875
2908.784,4.004,0.575,0.38888333333333336
2909.779,4.0,0.575,0.3890166666666667
2910.785,4.0,0.575,0.38915
2911.781,4.0,0.575,0.3892833333333333
2912.785,4.008,0.575,0.3894166666666667
2913.794,4.004,0.574,0.38955
2914.785,4.0,0.575,0.3896833333333333
2915.789,4.0,0.575,0.38981666666666664
2916.795,3.996,0.574,0.38995
2917.798,4.004,0.575,0.39008333333333334
2918.797,4.0,0.575,0.39021666666666666
2919.797,4.0,0.574,0.39035000000000003
2920.797,4.008,0.575,0.3904833333333333
2921.8,4.004,0.574,0.39061666666666667
2922.807,4.0,0.575,0.39075
2923.816,4.0,0.574,0.39088333333333336
2924.807,3.996,0.575,0.3910166666666667
2925.818,4.0,0.575,0.39115
2926.808,4.004,0.575,0.39128333333333337
2927.816,4.004,0.574,0.39141666666666663
2928.823,4.004,0.575,0.39155
2929.817,3.996,0.574,0.39168333333333333
2930.827,4.0,0.575,0.39181666666666665
2931.834,4.0,0.574,0.39194999999999997
2932.826,4.0,0.574,0.39208333333333334
2933.835,3.996,0.574,0.3922166666666667
2934.838,4.0,0.575,0.39235
2935.826,4.004,0.575,0.39248333333333335
2936.843,4.004,0.575,0.39261666666666667
2937.83,4.004,0.574,0.39275
2938.838,4.004,0.575,0.3928833333333333
2939.846,4.004,0.575,0.3930166666666667
2940.85,4.0,0.574,0.39315
2941.843,4.008,0.574,0.3932833333333333
2942.849,4.0,0.574,0.3934166666666667
2943.854,4.004,0.575,0.39355
2944.855,4.004,0.575,0.39368333333333333
2945.846,4.004,0.575,0.39381666666666665
2946.85,3.996,0.575,0.39395
2947.853,4.004,0.575,0.39408333333333334
2948.858,4.004,0.575,0.39421666666666666
2949.86,4.008,0.575,0.39435000000000003
2950.862,4.0,0.574,0.39448333333333335
2951.864,4.004,0.575,0.39461666666666667
2952.869,4.004,0.575,0.39475
2953.875,4.0,0.575,0.39488333333333336
2954.877,4.004,0.574,0.3950166666666666
2955.881,4.008,0.574,0.39515
2956.882,4.016,0.575,0.3952833333333333
2957.871,3.996,0.574,0.3954166666666667
2958.875,3.996,0.574,0.39555
2959.88,4.004,0.575,0.39568333333333333
2960.886,4.004,0.574,0.3958166666666667
2961.891,4.004,0.575,0.39594999999999997
2962.891,4.004,0.575,0.39608333333333334
2963.894,4.0,0.575,0.39621666666666666
2964.899,4.004,0.574,0.39635
2965.888,4.004,0.574,0.3964833333333333
2966.891,4.004,0.575,0.3966166666666667
2967.893,4.0,0.575,0.39675
2968.898,4.004,0.575,0.3968833333333333
2969.904,4.008,0.575,0.3970166666666667
2970.909,4.008,0.575,0.39715
2971.91,4.004,0.574,0.3972833333333333
2972.909,4.004,0.575,0.39741666666666664
2973.917,4.004,0.574,0.39755
2974.919,4.0,0.575,0.39768333333333333
2975.912,4.008,0.574,0.39781666666666665
2976.921,4.004,0.575,0.39795
2977.913,4.008,0.575,0.39808333333333334
2978.919,4.008,0.574,0.39821666666666666
2979.925,4.004,0.575,0.39835
2980.931,4.008,0.575,0.39848333333333336
2981.921,4.004,0.575,0.3986166666666666
2982.928,4.004,0.574,0.39875
2983.93,4.004,0.574,0.39888333333333337
2984.937,4.004,0.575,0.3990166666666667
2985.935,4.004,0.575,0.39915
2986.933,4.004,0.575,0.3992833333333333
2987.934,4.008,0.575,0.39940833333333337
2988.934,4.004,0.575,0.3995416666666667
2989.935,4.004,0.574,0.399675
2990.942,4.008,0.575,0.3998083333333333
2991.95,4.008,0.575,0.3999416666666667
2992.943,4.0,0.574,0.40007499999999996
2993.951,4.004,0.574,0.40020833333333333
2994.943,4.008,0.575,0.4003416666666667
2995.952,4.008,0.574,0.40047499999999997
2996.963,4.004,0.575,0.40060833333333334
2997.955,4.004,0.575,0.40074166666666666
2998.952,4.008,0.575,0.40087500000000004
2999.959,4.016,0.574,0.4010083333333333
3000.964,4.004,0.574,0.4011416666666667
3001.959,4.008,0.574,0.401275
3002.966,4.008,0.574,0.4014083333333333
3003.966,4.004,0.575,0.4015416666666667
3004.971,4.008,0.574,0.401675
3005.981,4.008,0.575,0.4018083333333333
3006.968,4.0,0.575,0.40194166666666664
3007.977,4.008,0.574,0.402075
3008.984,4.008,0.574,0.40220833333333333
3009.974,4.008,0.574,0.40234166666666665
3010.982,4.004,0.574,0.402475
3011.99,4.004,0.575,0.40260833333333335
3012.986,4.008,0.574,0.40274166666666666
3013.99,4.008,0.574,0.402875
3014.985,4.008,0.574,0.40300833333333336
3015.993,4.008,0.575,0.4031416666666667
3016.988,4.008,0.575,0.403275
3018.001,4.012,0.574,0.4034083333333333
3018.992,4.008,0.575,0.4035416666666667
3019.997,4.008,0.574,0.403675
3021.006,4.008,0.575,0.4038083333333333
3022.001,4.008,0.575,0.4039416666666667
3023.006,4.008,0.574,0.40407499999999996
3024.014,4.004,0.575,0.40420833333333334
3025.007,4.012,0.575,0.40434166666666665
3026.014,4.012,0.575,0.40447500000000003
3027.008,4.008,0.575,0.4046083333333333
3028.013,4.004,0.575,0.40474166666666667
3029.019,4.004,0.574,0.40487500000000004
3030.024,4.008,0.575,0.4050083333333333
3031.017,4.008,0.574,0.4051416666666667
3032.024,4.008,0.574,0.405275
3033.033,4.004,0.575,0.4054083333333333
3034.025,4.008,0.574,0.40554166666666663
3035.033,4.012,0.574,0.405675
3036.039,4.008,0.575,0.4058083333333334
3037.042,4.008,0.574,0.40594166666666665
3038.034,4.008,0.575,0.406075
3039.039,4.012,0.574,0.40620833333333334
3040.049,4.008,0.574,0.40634166666666666
3041.05,4.012,0.574,0.406475
3042.053,4.008,0.574,0.40660833333333335
3043.048,4.008,0.574,0.40674166666666667
3044.053,4.008,0.574,0.406875
3045.044,4.008,0.574,0.40700833333333336
3046.049,4.008,0.575,0.4071416666666667
3047.057,4.012,0.575,0.407275
3048.063,4.012,0.574,0.4074083333333333
3049.055,4.008,0.574,0.4075416666666667
3050.064,4.008,0.574,0.407675
3051.068,4.008,0.574,0.40780833333333333
3052.069,4.012,0.574,0.40794166666666665
3053.065,4.012,0.575,0.408075
3054.062,4.012,0.574,0.40820833333333334
3055.077,4.012,0.574,0.40834166666666666
3056.079,4.012,0.574,0.40847500000000003
3057.073,4.016,0.574,0.4086083333333333
3058.082,4.024,0.574,0.40874166666666667
3059.077,4.016,0.575,0.408875
3060.081,4.012,0.574,0.40900833333333336
3061.089,4.012,0.574,0.4091416666666667
3062.093,4.016,0.574,0.409275
3063.085,4.012,0.574,0.4094083333333334
3064.086,4.008,0.574,0.40954166666666664
3065.089,4.008,0.574,0.409675
3066.094,4.016,0.574,0.40980833333333333
3067.096,4.012,0.575,0.40994166666666665
3068.09,4.008,0.575,0.41007499999999997
3069.097,4.008,0.575,0.41020833333333334
3070.104,4.016,0.574,0.41034166666666666
3071.108,4.012,0.574,0.41046666666666665
3072.102,4.008,0.575,0.4106
3073.109,4.012,0.575,0.41073333333333334
3074.115,4.016,0.575,0.41086666666666666
3075.108,4.008,0.574,0.411
3076.115,4.008,0.574,0.41113333333333335
3077.107,4.008,0.574,0.41126666666666667
3078.111,4.008,0.574,0.4114
3079.121,4.008,0.575,0.4115333333333333
3080.125,4.016,0.574,0.4116666666666667
3081.118,4.012,0.574,0.4118
3082.126,4.016,0.574,0.4119333333333333
3083.132,4.012,0.574,0.4120666666666667
3084.123,4.012,0.574,0.4122
3085.131,4.016,0.574,0.41233333333333333
3086.139,4.012,0.574,0.41246666666666665
3087.13,4.012,0.575,0.4126
3088.137,4.012,0.574,0.4127333333333333
3089.144,4.012,0.574,0.41286666666666666
3090.135,4.008,0.574,0.41300000000000003
3091.144,4.012,0.575,0.41313333333333335
3092.148,4.012,0.574,0.41326666666666667
3093.14,4.012,0.574,0.4134
3094.147,4.012,0.574,0.41353333333333336
3095.158,4.008,0.574,0.4136666666666666
3096.148,4.016,0.575,0.4138
3097.157,4.012,0.574,0.4139333333333334
3098.152,4.016,0.574,0.41406666666666664
3099.158,4.012,0.574,0.4142
3100.166,4.012,0.574,0.41433333333333333
3101.158,4.012,0.574,0.4144666666666667
3102.164,4.012,0.574,0.41459999999999997
3103.17,4.016,0.575,0.41473333333333334
3104.162,4.012,0.574,0.41486666666666666
3105.168,4.012,0.574,0.415
3106.175,4.012,0.574,0.41513333333333335
3107.182,4.012,0.574,0.4152666666666667
3108.169,4.012,0.574,0.4154
3109.179,4.016,0.575,0.4155333333333333
3110.189,4.016,0.574,0.4156666666666667
3111.18,4.012,0.575,0.4158
3112.188,4.02,0.574,0.4159333333333333
3113.18,4.012,0.574,0.41606666666666664
3114.189,4.012,0.574,0.4162
3115.197,4.012,0.574,0.41633333333333333
3116.191,4.012,0.574,0.41646666666666665
3117.195,4.016,0.575,0.4166
3118.193,4.016,0.575,0.41673333333333334
3119.193,4.016,0.574,0.41686666666666666
3120.194,4.008,0.574,0.417
3121.209,4.012,0.574,0.41713333333333336
3122.197,4.016,0.574,0.4172666666666667
3123.202,4.012,0.575,0.4174
3124.204,4.02,0.574,0.41753333333333337
3125.214,4.008,0.574,0.41766666666666663
3126.22,4.016,0.574,0.4178
3127.209,4.012,0.574,0.4179333333333333
3128.214,4.008,0.574,0.4180666666666667
3129.222,4.016,0.574,0.41819999999999996
3130.228,4.012,0.575,0.41833333333333333
3131.218,4.016,0.574,0.4184666666666667
3132.228,4.016,0.574,0.41859999999999997
3133.233,4.016,0.574,0.41873333333333335
3134.226,4.016,0.574,0.41886666666666666
3135.229,4.016,0.575,0.419
3136.238,4.02,0.574,0.4191333333333333
3137.228,4.012,0.575,0.4192666666666667
3138.234,4.016,0.574,0.4194
3139.243,4.016,0.575,0.4195333333333333
3140.248,4.012,0.574,0.4196666666666667
3141.244,4.02,0.574,0.4198
3142.252,4.016,0.574,0.4199333333333333
3143.244,4.016,0.574,0.4200583333333333
3144.249,4.02,0.574,0.4201916666666667
3145.243,4.012,0.575,0.420325
3146.247,4.008,0.575,0.4204583333333333
3147.255,4.02,0.574,0.42059166666666664
3148.262,4.016,0.575,0.420725
3149.252,4.02,0.574,0.42085833333333333
3150.262,4.016,0.574,0.42099166666666665
3151.267,4.02,0.574,0.421125
3152.261,4.016,0.574,0.42125833333333335
3153.268,4.016,0.574,0.42139166666666666
3154.275,4.016,0.574,0.421525
3155.266,4.02,0.574,0.42165833333333336
3156.271,4.004,0.574,0.4217916666666666
3157.28,4.016,0.573,0.421925
3158.272,4.024,0.574,0.42205833333333337
3159.279,4.02,0.575,0.4221916666666667
3160.286,4.02,0.574,0.422325
3161.275,4.02,0.574,0.4224583333333333
3162.284,4.012,0.574,0.4225916666666667
3163.291,4.02,0.574,0.42272499999999996
3164.284,4.016,0.574,0.42285833333333334
3165.287,4.02,0.574,0.42299166666666665
3166.297,4.02,0.574,0.423125
3167.303,4.02,0.574,0.42325833333333335
3168.292,4.02,0.574,0.42339166666666667
3169.299,4.02,0.574,0.42352500000000004
3170.307,4.016,0.574,0.4236583333333333
3171.296,4.02,0.574,0.4237916666666667
3172.302,4.02,0.574,0.423925
3173.309,4.02,0.574,0.4240583333333333
3174.315,4.02,0.574,0.42419166666666663
3175.304,4.02,0.574,0.424325
3176.309,4.02,0.574,0.4244583333333333
3177.316,4.02,0.574,0.42459166666666665
3178.319,4.016,0.574,0.424725
3179.324,4.02,0.574,0.42485833333333334
3180.317,4.016,0.574,0.42499166666666666
3181.322,4.02,0.574,0.425125
3182.317,4.02,0.575,0.42525833333333335
3183.333,4.016,0.574,0.42539166666666667
3184.328,4.02,0.574,0.425525
3185.328,4.02,0.574,0.42565833333333336
3186.328,4.02,0.574,0.4257916666666667
3187.331,4.016,0.574,0.425925
3188.336,4.02,0.574,0.4260583333333333
3189.345,4.016,0.574,0.4261916666666667
3190.338,4.024,0.574,0.42632499999999995
3191.348,4.024,0.574,0.42645833333333333
3192.338,4.02,0.574,0.4265916666666667
3193.342,4.02,0.574,0.426725
3194.352,4.02,0.574,0.42685833333333334
3195.358,4.02,0.574,0.42699166666666666
3196.351,4.02,0.574,0.427125
3197.358,4.02,0.574,0.42725833333333335
3198.352,4.02,0.574,0.42738333333333334
3199.356,4.012,0.574,0.42751666666666666
3200.36,4.02,0.574,0.42765
3201.368,4.02,0.574,0.42778333333333335
3202.36,4.02,0.574,0.42791666666666667
3203.368,4.02,0.574,0.42805
3204.375,4.02,0.574,0.42818333333333336
3205.367,4.02,0.575,0.4283166666666667
3206.375,4.024,0.574,0.42845
3207.369,4.02,0.574,0.4285833333333333
3208.374,4.02,0.574,0.4287166666666667
3209.382,4.024,0.574,0.42885
3210.376,4.02,0.574,0.4289833333333333
3211.382,4.02,0.574,0.4291166666666667
3212.389,4.024,0.575,0.42925
3213.381,4.02,0.574,0.42938333333333334
3214.387,4.02,0.574,0.42951666666666666
3215.392,4.02,0.574,0.42965000000000003
3216.4,4.02,0.574,0.42978333333333335
3217.393,4.02,0.574,0.42991666666666667
3218.401,4.02,0.574,0.43004999999999993
3219.394,4.02,0.574,0.43018333333333336
3220.401,4.024,0.574,0.4303166666666667
3221.398,4.02,0.574,0.43044999999999994
3222.403,4.024,0.574,0.4305833333333334
3223.397,4.024,0.574,0.4307166666666667
3224.403,4.02,0.574,0.43085
3225.408,4.024,0.574,0.4309833333333333
3226.414,4.02,0.574,0.4311166666666667
3227.42,4.02,0.574,0.43125
3228.411,4.02,0.574,0.4313833333333333
3229.419,4.024,0.574,0.4315166666666667
3230.412,4.02,0.574,0.43165000000000003
3231.417,4.024,0.574,0.4317833333333333
3232.425,4.02,0.574,0.4319166666666666
3233.432,4.024,0.574,0.43205000000000005
3234.425,4.02,0.574,0.43218333333333336
3235.434,4.02,0.574,0.4323166666666666
3236.439,4.024,0.574,0.43245000000000006
3237.43,4.024,0.574,0.4325833333333334
3238.432,4.024,0.574,0.43271666666666664
3239.44,4.024,0.574,0.43284999999999996
3240.432,4.024,0.574,0.4329833333333334
3241.44,4.024,0.574,0.43311666666666665
3242.449,4.028,0.574,0.43324999999999997
3243.444,4.024,0.574,0.4333833333333333
3244.45,4.024,0.574,0.4335166666666667
3245.457,4.028,0.574,0.43365
3246.449,4.02,0.574,0.4337833333333333
3247.452,4.028,0.574,0.4339083333333334
3248.458,4.024,0.574,0.43404166666666666
3249.459,4.028,0.574,0.434175
3250.458,4.024,0.574,0.4343083333333333
3251.458,4.024,0.574,0.4344416666666667
3252.458,4.028,0.574,0.434575
3253.474,4.024,0.575,0.4347083333333333
3254.461,4.024,0.574,0.4348416666666666
3255.468,4.024,0.574,0.434975
3256.477,4.012,0.574,0.4351083333333333
3257.479,4.012,0.574,0.43524166666666664
3258.467,4.036,0.574,0.435375
3259.469,4.024,0.574,0.43550833333333333
3260.472,4.028,0.574,0.43564166666666665
3261.476,4.028,0.574,0.43577499999999997
3262.479,4.024,0.574,0.43590833333333334
3263.48,4.028,0.574,0.43604166666666666
3264.484,4.024,0.574,0.436175
3265.495,4.024,0.574,0.43630833333333335
3266.498,4.024,0.575,0.43644166666666667
3267.5,4.02,0.574,0.436575
3268.488,4.02,0.574,0.4367083333333333
3269.492,4.028,0.574,0.4368416666666667
3270.496,4.024,0.574,0.436975
3271.499,4.024,0.574,0.4371083333333333
3272.504,4.028,0.574,0.4372416666666667
3273.507,4.032,0.574,0.437375
3274.5,4.028,0.574,0.43750833333333333
3275.506,4.028,0.574,0.43764166666666665
3276.515,4.024,0.574,0.437775
3277.508,4.02,0.574,0.43790833333333334
3278.516,4.028,0.574,0.43804166666666666
3279.522,4.024,0.574,0.438175
3280.516,4.024,0.574,0.43830833333333336
3281.527,4.024,0.574,0.4384416666666667
3282.518,4.028,0.574,0.438575
3283.527,4.028,0.574,0.43870833333333337
3284.519,4.024,0.574,0.4388416666666667
3285.525,4.028,0.574,0.438975
3286.533,4.024,0.574,0.43910833333333327
3287.525,4.024,0.574,0.4392416666666667
3288.533,4.028,0.574,0.439375
3289.541,4.024,0.574,0.43950833333333333
3290.533,4.028,0.574,0.4396416666666667
3291.539,4.028,0.574,0.439775
3292.546,4.028,0.574,0.43990833333333335
3293.55,4.028,0.574,0.4400333333333333
3294.542,4.028,0.574,0.4401666666666667
3295.55,4.028,0.574,0.4403
3296.559,4.028,0.574,0.44043333333333334
3297.548,4.032,0.574,0.4405666666666666
3298.554,4.028,0.574,0.44070000000000004
3299.561,4.028,0.574,0.44083333333333335
3300.567,4.028,0.574,0.4409666666666666
3301.554,4.028,0.574,0.44110000000000005
3302.556,4.032,0.574,0.44123333333333337
3303.565,4.028,0.574,0.44136666666666663
3304.563,4.032,0.574,0.44149999999999995
3305.565,4.032,0.574,0.4416333333333334
3306.571,4.024,0.574,0.4417666666666667
3307.576,4.032,0.574,0.44189999999999996
3308.579,4.028,0.574,0.4420333333333334
3309.582,4.024,0.574,0.4421666666666667
3310.571,4.028,0.574,0.44229999999999997
3311.573,4.032,0.574,0.4424333333333333
3312.579,4.032,0.574,0.4425666666666667
3313.581,4.028,0.574,0.4427
3314.58,4.032,0.574,0.4428333333333333
3315.595,4.032,0.574,0.4429666666666666
3316.591,4.028,0.574,0.44310000000000005
3317.594,4.028,0.574,0.4432333333333333
3318.592,4.036,0.574,0.44336666666666663
3319.598,4.028,0.574,0.44350000000000006
3320.603,4.028,0.574,0.4436333333333333
3321.592,4.028,0.574,0.44376666666666664
3322.597,4.028,0.574,0.44389999999999996
3323.598,4.028,0.574,0.44403333333333334
3324.599,4.032,0.574,0.44416666666666665
3325.615,4.032,0.574,0.4443
3326.615,4.028,0.574,0.4444333333333334
3327.617,4.028,0.574,0.44456666666666667
3328.62,4.032,0.574,0.4447
3329.624,4.032,0.574,0.4448333333333333
3330.625,4.032,0.574,0.4449666666666667
3331.617,4.028,0.574,0.4451
3332.629,4.032,0.574,0.4452333333333333
3333.633,4.032,0.574,0.4453666666666667
3334.633,4.032,0.574,0.4455
3335.635,4.032,0.574,0.4456333333333333
3336.626,4.028,0.574,0.44576666666666664
3337.637,4.032,0.574,0.4459
3338.631,4.032,0.574,0.446025
3339.635,4.028,0.574,0.4461583333333333
3340.642,4.028,0.574,0.44629166666666664
3341.633,4.032,0.574,0.446425
3342.638,4.036,0.574,0.44655833333333333
3343.646,4.032,0.574,0.44669166666666665
3344.653,4.032,0.574,0.446825
3345.643,4.036,0.574,0.44695833333333335
3346.645,4.032,0.574,0.44709166666666667
3347.655,4.032,0.574,0.447225
3348.661,4.032,0.574,0.44735833333333336
3349.653,4.028,0.574,0.4474916666666667
3350.656,4.036,0.574,0.447625
3351.662,4.032,0.574,0.4477583333333333
3352.655,4.028,0.574,0.4478916666666667
3353.658,4.04,0.574,0.448025
3354.667,4.036,0.574,0.4481583333333333
3355.674,4.032,0.574,0.4482916666666667
3356.666,4.036,0.574,0.448425
3357.67,4.024,0.574,0.44855833333333334
3358.678,4.04,0.574,0.4486916666666666
3359.682,4.028,0.574,0.44882500000000003
3360.675,4.032,0.574,0.44895833333333335
3361.682,4.04,0.574,0.44909166666666667
3362.685,4.032,0.574,0.44922500000000004
3363.691,4.04,0.574,0.44935833333333336
3364.679,4.032,0.574,0.4494916666666667
3365.689,4.036,0.574,0.44962499999999994
3366.692,4.028,0.574,0.44975833333333337
3367.686,4.036,0.574,0.4498916666666667
3368.696,4.032,0.574,0.45002499999999995
3369.698,4.032,0.573,0.4501583333333334
3370.707,4.032,0.574,0.4502916666666667
3371.697,4.04,0.574,0.450425
3372.707,4.032,0.574,0.4505583333333333
3373.711,4.036,0.574,0.4506916666666667
3374.704,4.032,0.574,0.45082500000000003
3375.711,4.04,0.574,0.4509583333333333
3376.714,4.036,0.574,0.4510916666666666
3377.706,4.032,0.574,0.45122500000000004
3378.71,4.036,0.574,0.4513583333333333
3379.716,4.036,0.574,0.4514916666666666
3380.721,4.04,0.574,0.4516166666666667
3381.712,4.036,0.574,0.45175000000000004
3382.72,4.036,0.574,0.4518833333333333
3383.725,4.036,0.574,0.4520166666666666
3384.727,4.04,0.574,0.45215000000000005
3385.726,4.036,0.574,0.4522833333333333
3386.727,4.04,0.574,0.45241666666666663
3387.726,4.036,0.574,0.45254999999999995
3388.742,4.036,0.574,0.4526833333333334
3389.734,4.036,0.574,0.45281666666666665
3390.743,4.036,0.574,0.45294999999999996
3391.735,4.04,0.574,0.4530833333333334
3392.742,4.036,0.574,0.45321666666666666
3393.75,4.04,0.574,0.45335
3394.741,4.036,0.574,0.4534833333333333
3395.747,4.036,0.574,0.45361666666666667
3396.756,4.036,0.574,0.45375
3397.751,4.032,0.574,0.4538833333333333
3398.759,4.032,0.574,0.45401666666666673
3399.752,4.04,0.574,0.45415
3400.761,4.04,0.574,0.4542833333333333
3401.752,4.036,0.574,0.45441666666666664
3402.759,4.04,0.574,0.45455
3403.767,4.04,0.574,0.45468333333333333
3404.759,4.036,0.574,0.45481666666666665
3405.765,4.04,0.574,0.45495
3406.775,4.032,0.573,0.45508333333333334
3407.77,4.032,0.574,0.45521666666666666
3408.777,4.04,0.574,0.45535
3409.77,4.036,0.574,0.45548333333333335
3410.779,4.04,0.574,0.45561666666666667
3411.788,4.04,0.574,0.45575
3412.78,4.04,0.574,0.4558833333333333
3413.787,4.04,0.574,0.4560166666666667
3414.778,4.036,0.574,0.45615
3415.789,4.04,0.574,0.4562833333333333
3416.782,4.036,0.574,0.4564166666666667
3417.79,4.04,0.574,0.4565416666666667
3418.8,4.036,0.574,0.456675
3419.791,4.04,0.574,0.4568083333333333
3420.8,4.036,0.574,0.4569416666666667
3421.793,4.044,0.574,0.457075
3422.804,4.04,0.574,0.4572083333333333
3423.807,4.04,0.574,0.45734166666666665
3424.809,4.04,0.574,0.457475
3425.803,4.032,0.574,0.45760833333333334
3426.808,4.04,0.574,0.45774166666666666
3427.814,4.04,0.574,0.45787500000000003
3428.818,4.04,0.574,0.45800833333333335
3429.821,4.044,0.574,0.45814166666666667
3430.81,4.048,0.574,0.45827499999999993
3431.816,4.04,0.574,0.45840833333333336
3432.824,4.04,0.574,0.4585416666666667
3433.827,4.04,0.574,0.458675
3434.823,4.04,0.574,0.4588083333333334
3435.829,4.04,0.574,0.4589416666666667
3436.832,4.044,0.574,0.459075
3437.835,4.04,0.574,0.4592083333333333
3438.841,4.04,0.574,0.4593416666666667
3439.83,4.044,0.574,0.459475
3440.836,4.04,0.574,0.4596083333333333
3441.843,4.04,0.574,0.4597416666666667
3442.836,4.04,0.574,0.45987500000000003
3443.843,4.044,0.574,0.46000833333333335
3444.851,4.04,0.574,0.4601416666666666
3445.843,4.044,0.574,0.46027500000000005
3446.845,4.036,0.574,0.46040833333333336
3447.853,4.036,0.574,0.4605416666666666
3448.846,4.036,0.574,0.46067499999999995
3449.85,4.04,0.574,0.4608083333333334
3450.858,4.04,0.574,0.46094166666666664
3451.864,4.04,0.574,0.46107499999999996
3452.867,4.036,0.574,0.4612083333333334
3453.865,4.044,0.574,0.4613333333333334
3454.868,4.04,0.574,0.46146666666666664
3455.867,4.04,0.574,0.46159999999999995
3456.869,4.048,0.574,0.4617333333333334
3457.872,4.064,0.573,0.46186666666666665
3458.878,4.044,0.574,0.46199999999999997
3459.872,4.06,0.574,0.4621333333333333
3460.878,4.04,0.574,0.4622666666666667
3461.886,4.044,0.573,0.4624
3462.874,4.04,0.574,0.4625333333333333
3463.883,4.044,0.574,0.4626666666666667
3464.877,4.04,0.574,0.4628
3465.88,4.044,0.574,0.4629333333333333
3466.889,4.044,0.574,0.4630666666666666
3467.895,4.044,0.574,0.4632
3468.902,4.04,0.574,0.4633333333333333
3469.893,4.044,0.574,0.46346666666666664
3470.898,4.052,0.574,0.46360000000000007
3471.902,4.044,0.574,0.46373333333333333
3472.894,4.048,0.574,0.46386666666666665
3473.902,4.044,0.574,0.46399999999999997
3474.909,4.044,0.574,0.46413333333333334
3475.902,4.052,0.573,0.46426666666666666
3476.907,4.044,0.573,0.4644
3477.915,4.044,0.574,0.46453333333333335
3478.906,4.044,0.574,0.4646666666666667
3479.911,4.048,0.574,0.4648
3480.919,4.044,0.574,0.4649333333333333
3481.926,4.048,0.573,0.4650666666666667
3482.918,4.048,0.574,0.4652
3483.92,4.044,0.574,0.4653333333333333
3484.921,4.048,0.574,0.46546666666666664
3485.927,4.04,0.574,0.4656
3486.922,4.048,0.574,0.46573333333333333
3487.928,4.052,0.574,0.46586666666666665
3488.935,4.048,0.574,0.4659916666666667
3489.942,4.044,0.574,0.466125
3490.932,4.044,0.574,0.46625833333333333
3491.943,4.044,0.574,0.46639166666666665
3492.949,4.048,0.574,0.466525
3493.942,4.048,0.574,0.46665833333333334
3494.948,4.044,0.573,0.46679166666666666
3495.953,4.044,0.574,0.466925
3496.943,4.044,0.574,0.46705833333333335
3497.95,4.044,0.574,0.46719166666666667
3498.958,4.048,0.573,0.467325
3499.962,4.036,0.573,0.46745833333333336
3500.955,4.048,0.574,0.4675916666666667
3501.962,4.052,0.573,0.467725
3502.955,4.048,0.574,0.46785833333333327
3503.964,4.044,0.574,0.4679916666666667
3504.971,4.052,0.574,0.468125
3505.963,4.048,0.574,0.46825833333333333
3506.971,4.048,0.574,0.4683916666666667
3507.966,4.052,0.574,0.468525
3508.973,4.056,0.574,0.46865833333333334
3509.967,4.048,0.574,0.4687916666666666
3510.97,4.04,0.574,0.46892500000000004
3511.982,4.048,0.573,0.46905833333333335
3512.973,4.044,0.574,0.4691916666666666
3513.978,4.044,0.574,0.46932500000000005
3514.989,4.048,0.574,0.46945833333333337
3515.995,4.048,0.574,0.4695916666666667
3516.988,4.048,0.574,0.46972499999999995
3517.996,4.056,0.574,0.4698583333333334
3518.989,4.044,0.574,0.4699916666666667
3519.998,4.048,0.574,0.4701166666666667
3520.99,4.048,0.574,0.47024999999999995
3521.995,4.048,0.574,0.4703833333333334
3523.008,4.044,0.574,0.4705166666666667
3523.995,4.048,0.574,0.47064999999999996
3525.007,4.044,0.574,0.4707833333333334
3526.01,4.048,0.574,0.4709166666666667
3527.013,4.052,0.573,0.47104999999999997
3528.018,4.052,0.573,0.4711833333333333
3529.011,4.052,0.574,0.4713166666666667
3530.018,4.048,0.574,0.47145
3531.01,4.052,0.574,0.4715833333333333
3532.014,4.052,0.573,0.4717166666666666
3533.023,4.056,0.574,0.47185000000000005
3534.015,4.052,0.574,0.4719833333333333
3535.022,4.048,0.574,0.47211666666666663
3536.03,4.048,0.574,0.47225000000000006
3537.035,4.052,0.574,0.4723833333333333
3538.026,4.056,0.574,0.47251666666666664
3539.031,4.048,0.574,0.47264999999999996
3540.04,4.048,0.574,0.47278333333333333
3541.031,4.052,0.573,0.47291666666666665
3542.039,4.056,0.574,0.47304999999999997
3543.043,4.052,0.574,0.4731833333333334
3544.049,4.052,0.574,0.47331666666666666
3545.05,4.048,0.574,0.47345
3546.05,4.048,0.574,0.4735833333333333
3547.056,4.052,0.574,0.4737166666666667
3548.058,4.048,0.574,0.47385
3549.045,4.056,0.574,0.4739833333333333
3550.058,4.048,0.574,0.4741166666666667
3551.06,4.048,0.574,0.47425
3552.063,4.052,0.574,0.474375
3553.068,4.044,0.574,0.4745083333333333
3554.068,4.048,0.574,0.4746416666666667
3555.07,4.056,0.574,0.474775
3556.072,4.048,0.573,0.4749083333333333
3557.076,4.048,0.574,0.47504166666666664
3558.078,4.056,0.573,0.475175
3559.066,4.04,0.573,0.47530833333333333
3560.068,4.052,0.574,0.47544166666666665
3561.072,4.052,0.574,0.475575
3562.076,4.056,0.574,0.47570833333333334
3563.078,4.068,0.574,0.47584166666666666
3564.081,4.052,0.574,0.475975
3565.086,4.048,0.574,0.47610833333333336
3566.089,4.056,0.574,0.4762416666666667
3567.094,4.052,0.574,0.476375
3568.083,4.052,0.574,0.4765083333333333
3569.086,4.052,0.573,0.4766416666666667
3570.09,4.048,0.573,0.476775
3571.088,4.048,0.574,0.4769083333333333
3572.093,4.056,0.574,0.4770416666666667
3573.096,4.056,0.574,0.477175
3574.1,4.056,0.574,0.47730833333333333
3575.104,4.056,0.573,0.4774416666666666
3576.111,4.052,0.574,0.477575
3577.103,4.056,0.574,0.47770833333333335
3578.105,4.056,0.573,0.47784166666666666
3579.113,4.048,0.574,0.47797500000000004
3580.118,4.052,0.574,0.47810833333333336
3581.111,4.06,0.574,0.4782416666666667
3582.119,4.052,0.573,0.47836666666666666
3583.127,4.052,0.574,0.47850000000000004
3584.119,4.056,0.574,0.47863333333333336
3585.121,4.052,0.573,0.4787666666666667
3586.128,4.056,0.574,0.47889999999999994
3587.133,4.048,0.574,0.47903333333333337
3588.133,4.056,0.574,0.4791666666666667
3589.13,4.052,0.574,0.47929999999999995
3590.134,4.052,0.573,0.4794333333333334
3591.129,4.06,0.574,0.4795666666666667
3592.142,4.056,0.573,0.4797
3593.133,4.052,0.574,0.4798333333333333
3594.138,4.056,0.574,0.4799666666666667
3595.145,4.056,0.574,0.4801
3596.152,4.06,0.573,0.4802333333333333
3597.145,4.06,0.573,0.4803666666666667
3598.152,4.056,0.574,0.48050000000000004
3599.16,4.056,0.574,0.4806333333333333
3600.153,4.06,0.573,0.4807666666666666
3601.16,4.064,0.574,0.48090000000000005
3602.153,4.056,0.574,0.48103333333333337
3603.161,4.056,0.573,0.48116666666666663
3604.165,4.052,0.574,0.48129999999999995
3605.17,4.056,0.573,0.4814333333333334
3606.159,4.052,0.574,0.48156666666666664
3607.166,4.052,0.573,0.48169999999999996
3608.171,4.056,0.573,0.4818333333333334
3609.175,4.056,0.573,0.48196666666666665
3610.174,4.052,0.574,0.4821
3611.178,4.048,0.574,0.48222499999999996
3612.182,4.052,0.573,0.4823583333333334
3613.185,4.056,0.573,0.48249166666666665
3614.188,4.056,0.574,0.48262499999999997
3615.176,4.056,0.573,0.4827583333333333
3616.179,4.056,0.573,0.48289166666666666
3617.182,4.056,0.574,0.483025
3618.187,4.06,0.574,0.4831583333333333
3619.192,4.06,0.574,0.48329166666666673
3620.194,4.056,0.574,0.483425
3621.195,4.06,0.574,0.4835583333333333
3622.205,4.06,0.574,0.48369166666666663
3623.198,4.06,0.573,0.483825
3624.204,4.06,0.573,0.4839583333333333
3625.197,4.056,0.574,0.48409166666666664
3626.205,4.048,0.573,0.484225
3627.212,4.056,0.573,0.48435833333333334
3628.203,4.06,0.574,0.48449166666666665
3629.213,4.056,0.574,0.484625
3630.22,4.06,0.573,0.48475833333333335
3631.215,4.064,0.573,0.48489166666666667
3632.223,4.056,0.573,0.485025
3633.215,4.06,0.574,0.48515833333333336
3634.223,4.056,0.573,0.4852916666666667
3635.229,4.06,0.573,0.485425
3636.218,4.064,0.574,0.4855583333333333
3637.227,4.056,0.573,0.48568333333333336
3638.235,4.056,0.574,0.4858166666666667
3639.228,4.056,0.573,0.48595
3640.233,4.056,0.574,0.4860833333333333
3641.243,4.06,0.574,0.4862166666666667
3642.234,4.056,0.573,0.48635
3643.242,4.06,0.574,0.4864833333333333
3644.233,4.06,0.573,0.4866166666666667
3645.243,4.056,0.574,0.48675
3646.248,4.06,0.574,0.48688333333333333
3647.24,4.056,0.574,0.48701666666666665
3648.249,4.06,0.573,0.48715
3649.255,4.06,0.574,0.48728333333333335
3650.249,4.048,0.573,0.48741666666666666
3651.257,4.064,0.573,0.48754999999999993
3652.265,4.06,0.574,0.48768333333333336
3653.257,4.056,0.573,0.4878166666666667
3654.266,4.056,0.574,0.48795
3655.258,4.072,0.574,0.48808333333333337
3656.264,4.06,0.573,0.4882166666666667
3657.273,4.08,0.573,0.48835
3658.266,4.056,0.573,0.48848333333333327
3659.266,4.06,0.573,0.4886166666666667
3660.281,4.068,0.573,0.48875
3661.271,4.064,0.574,0.4888833333333333
3662.269,4.06,0.574,0.4890166666666667
3663.276,4.06,0.573,0.48915000000000003
3664.28,4.068,0.573,0.489275
3665.283,4.068,0.573,0.4894083333333333
3666.278,4.068,0.573,0.4895416666666667
3667.286,4.064,0.574,0.489675
3668.295,4.06,0.574,0.48980833333333335
3669.285,4.056,0.574,0.4899416666666666
3670.292,4.064,0.574,0.49007500000000004
3671.299,4.064,0.574,0.49020833333333336
3672.306,4.056,0.574,0.4903416666666666
3673.299,4.06,0.573,0.49047500000000005
3674.302,4.06,0.574,0.49060833333333337
3675.296,4.064,0.573,0.49074166666666663
3676.301,4.064,0.574,0.49087499999999995
3677.312,4.056,0.573,0.4910083333333334
3678.304,4.068,0.573,0.49114166666666664
3679.314,4.06,0.574,0.49127499999999996
3680.32,4.064,0.573,0.4914083333333334
3681.322,4.064,0.573,0.4915416666666667
3682.315,4.06,0.574,0.491675
3683.323,4.064,0.573,0.4918083333333333
3684.328,4.056,0.574,0.4919416666666667
3685.317,4.064,0.573,0.492075
3686.323,4.064,0.574,0.4922083333333333
3687.331,4.06,0.574,0.4923416666666666
3688.337,4.06,0.573,0.492475
3689.328,4.068,0.573,0.4926083333333333
3690.335,4.06,0.574,0.49274166666666663
3691.329,4.068,0.574,0.49287500000000006
3692.338,4.064,0.574,0.493
3693.346,4.064,0.574,0.4931333333333333
3694.337,4.056,0.573,0.49326666666666663
3695.344,4.056,0.574,0.49340000000000006
3696.338,4.064,0.573,0.4935333333333333
3697.346,4.068,0.573,0.49366666666666664
3698.341,4.068,0.573,0.49379999999999996
3699.347,4.06,0.574,0.49393333333333334
3700.356,4.068,0.573,0.49406666666666665
3701.362,4.064,0.574,0.4942
3702.353,4.056,0.573,0.49433333333333335
3703.362,4.06,0.573,0.49446666666666667
3704.355,4.06,0.573,0.4946
3705.365,4.064,0.573,0.4947333333333333
3706.372,4.064,0.574,0.4948666666666667
3707.366,4.064,0.574,0.495
3708.374,4.068,0.573,0.4951333333333333
3709.379,4.064,0.573,0.4952666666666667
3710.369,4.052,0.573,0.4954
3711.378,4.068,0.573,0.4955333333333333
3712.371,4.064,0.573,0.49566666666666664
3713.377,4.068,0.573,0.4958
3714.388,4.064,0.573,0.49593333333333334
3715.378,4.072,0.573,0.49606666666666666
3716.388,4.068,0.573,0.49620000000000003
3717.394,4.064,0.573,0.49633333333333335
3718.383,4.068,0.573,0.49645833333333333
3719.392,4.068,0.573,0.49659166666666665
3720.4,4.06,0.573,0.496725
3721.393,4.064,0.573,0.49685833333333335
3722.399,4.068,0.573,0.49699166666666666
3723.405,4.068,0.574,0.497125
3724.403,4.064,0.574,0.49725833333333336
3725.4,4.072,0.574,0.4973916666666667
3726.398,4.068,0.573,0.497525
3727.402,4.064,0.574,0.49765833333333337
3728.402,4.064,0.573,0.4977916666666667
3729.408,4.064,0.573,0.497925
3730.415,4.064,0.573,0.4980583333333333
3731.407,4.064,0.573,0.4981916666666667
3732.417,4.064,0.573,0.498325
3733.427,4.064,0.573,0.49845833333333334
3734.418,4.064,0.573,0.4985916666666666
3735.426,4.072,0.573,0.49872500000000003
3736.431,4.068,0.573,0.49885833333333335
3737.421,4.064,0.573,0.4989916666666666
3738.429,4.064,0.573,0.49912500000000004
3739.438,4.072,0.573,0.49925833333333336
3740.426,4.068,0.573,0.4993916666666667
3741.433,4.06,0.574,0.49952499999999994
3742.433,4.072,0.574,0.49965833333333337
3743.438,4.064,0.573,0.49978333333333336
3744.44,4.064,0.573,0.4999166666666666
3745.441,4.068,0.573,0.50005
3746.442,4.06,0.574,0.5001833333333333
3747.444,4.068,0.574,0.5003166666666666
3748.445,4.068,0.573,0.50045
3749.446,4.064,0.573,0.5005833333333334
3750.448,4.068,0.573,0.5007166666666667
3751.452,4.064,0.573,0.50085
3752.454,4.072,0.573,0.5009833333333333
3753.46,4.072,0.573,0.5011166666666667
3754.464,4.072,0.574,0.50125
3755.47,4.064,0.573,0.5013833333333333
3756.462,4.064,0.573,0.5015166666666667
3757.472,4.056,0.573,0.50165
3758.463,4.076,0.573,0.5017833333333334
3759.47,4.068,0.573,0.5019166666666667
3760.478,4.08,0.574,0.50205
3761.47,4.064,0.573,0.5021833333333333
3762.479,4.06,0.573,0.5023166666666666
3763.482,4.064,0.573,0.5024500000000001
3764.476,4.072,0.573,0.5025833333333334
3765.482,4.068,0.574,0.5027166666666667
3766.491,4.072,0.573,0.50285
3767.485,4.072,0.573,0.5029750000000001
3768.491,4.068,0.573,0.5031083333333334
3769.498,4.064,0.573,0.5032416666666667
3770.489,4.06,0.574,0.503375
3771.497,4.068,0.574,0.5035083333333333
3772.5,4.068,0.574,0.5036416666666667
3773.493,4.072,0.574,0.503775
3774.5,4.076,0.573,0.5039083333333334
3775.507,4.064,0.574,0.5040416666666667
3776.501,4.072,0.573,0.504175
3777.502,4.072,0.573,0.5043083333333332
3778.509,4.072,0.573,0.5044416666666667
3779.515,4.068,0.573,0.504575
3780.51,4.064,0.573,0.5047083333333333
3781.514,4.06,0.573,0.5048416666666666
3782.522,4.068,0.574,0.5049750000000001
3783.525,4.068,0.574,0.5051083333333334
3784.513,4.068,0.573,0.5052416666666666
3785.515,4.068,0.574,0.505375
3786.52,4.06,0.573,0.5055083333333333
3787.525,4.068,0.573,0.5056416666666667
3788.524,4.064,0.574,0.505775
3789.531,4.072,0.574,0.5059083333333334
3790.528,4.072,0.573,0.5060416666666666
3791.542,4.068,0.574,0.5061749999999999
3792.543,4.08,0.573,0.5063083333333334
3793.543,4.072,0.573,0.5064333333333334
3794.545,4.068,0.573,0.5065666666666666
3795.546,4.064,0.573,0.5066999999999999
3796.548,4.068,0.573,0.5068333333333334
3797.552,4.068,0.574,0.5069666666666667
3798.553,4.064,0.573,0.5071
3799.556,4.068,0.573,0.5072333333333333
3800.56,4.072,0.573,0.5073666666666667
3801.55,4.076,0.573,0.5075
3802.554,4.072,0.573,0.5076333333333333
3803.559,4.072,0.573,0.5077666666666667
3804.562,4.06,0.573,0.5079
3805.563,4.072,0.574,0.5080333333333333
3806.569,4.068,0.573,0.5081666666666667
3807.568,4.076,0.573,0.5083000000000001
3808.572,4.072,0.573,0.5084333333333333
3809.574,4.06,0.573,0.5085666666666666
3810.579,4.072,0.574,0.5087
3811.579,4.072,0.573,0.5088333333333334
3812.584,4.072,0.574,0.5089666666666667
3813.587,4.072,0.573,0.5091
3814.573,4.068,0.574,0.5092333333333333
3815.579,4.08,0.573,0.5093666666666666
3816.585,4.068,0.573,0.5095
3817.591,4.072,0.573,0.509625
3818.581,4.076,0.574,0.5097583333333333
3819.589,4.072,0.573,0.5098916666666666
3820.596,4.072,0.574,0.510025
3821.589,4.076,0.573,0.5101583333333334
3822.596,4.076,0.573,0.5102916666666667
3823.599,4.068,0.573,0.510425
3824.607,4.072,0.574,0.5105583333333333
3825.6,4.072,0.573,0.5106916666666667
3826.61,4.08,0.573,0.510825
3827.606,4.068,0.574,0.5109583333333333
3828.614,4.072,0.574,0.5110916666666666
3829.605,4.068,0.574,0.511225
3830.614,4.076,0.573,0.5113583333333334
3831.607,4.076,0.574,0.5114916666666667
3832.614,4.076,0.574,0.511625
3833.626,4.072,0.573,0.5117583333333333
3834.614,4.076,0.573,0.5118916666666666
3835.623,4.076,0.573,0.512025
3836.628,4.076,0.573,0.5121583333333334
3837.633,4.072,0.574,0.5122916666666667
3838.635,4.08,0.573,0.512425
3839.625,4.076,0.574,0.5125583333333333
3840.634,4.072,0.573,0.5126916666666667
3841.641,4.076,0.574,0.512825
3842.632,4.076,0.573,0.5129583333333333
3843.635,4.076,0.573,0.5130916666666667
3844.642,4.068,0.573,0.5132166666666667
3845.643,4.072,0.573,0.51335
3846.647,4.076,0.573,0.5134833333333333
3847.651,4.072,0.573,0.5136166666666667
3848.641,4.08,0.573,0.51375
3849.643,4.072,0.574,0.5138833333333334
3850.644,4.08,0.574,0.5140166666666667
3851.65,4.072,0.573,0.51415
3852.652,4.072,0.573,0.5142833333333333
3853.665,4.068,0.573,0.5144166666666666
3854.666,4.068,0.573,0.5145500000000001
3855.664,4.08,0.573,0.5146833333333334
3856.669,4.072,0.573,0.5148166666666666
3857.668,4.08,0.573,0.51495
3858.666,4.088,0.573,0.5150833333333333
3859.669,4.088,0.573,0.5152166666666667
3860.674,4.076,0.573,0.51535
3861.675,4.08,0.573,0.5154833333333334
3862.679,4.076,0.574,0.5156166666666667
3863.682,4.072,0.573,0.5157499999999999
3864.683,4.076,0.573,0.5158833333333332
3865.675,4.072,0.574,0.5160166666666667
3866.678,4.08,0.573,0.51615
3867.679,4.076,0.574,0.5162833333333333
3868.684,4.076,0.574,0.5164166666666667
3869.685,4.08,0.574,0.5165416666666667
3870.687,4.076,0.573,0.516675
3871.693,4.08,0.573,0.5168083333333333
3872.696,4.072,0.574,0.5169416666666667
3873.698,4.076,0.573,0.5170750000000001
3874.703,4.076,0.573,0.5172083333333333
3875.705,4.08,0.573,0.5173416666666666
3876.706,4.08,0.574,0.517475
3877.713,4.08,0.573,0.5176083333333333
3878.701,4.08,0.573,0.5177416666666667
3879.704,4.076,0.574,0.5178750000000001
3880.707,4.076,0.573,0.5180083333333333
3881.715,4.08,0.573,0.5181416666666666
3882.723,4.068,0.573,0.5182749999999999
3883.713,4.084,0.573,0.5184083333333334
3884.722,4.076,0.573,0.5185416666666667
3885.73,4.076,0.573,0.518675
3886.724,4.076,0.573,0.5188083333333334
3887.73,4.076,0.573,0.5189416666666666
3888.72,4.076,0.573,0.519075
3889.724,4.072,0.573,0.5192083333333333
3890.732,4.076,0.574,0.5193416666666667
3891.726,4.076,0.573,0.519475
3892.742,4.08,0.573,0.5196083333333333
3893.734,4.076,0.573,0.5197333333333333
3894.733,4.08,0.573,0.5198666666666667
3895.738,4.072,0.573,0.52
3896.741,4.076,0.574,0.5201333333333333
3897.748,4.076,0.573,0.5202666666666667
3898.755,4.08,0.573,0.5204
3899.747,4.076,0.573,0.5205333333333333
3900.755,4.072,0.574,0.5206666666666666
3901.762,4.08,0.573,0.5208
3902.752,4.08,0.573,0.5209333333333334
3903.752,4.076,0.573,0.5210666666666667
3904.766,4.08,0.573,0.5212
3905.767,4.08,0.573,0.5213333333333333
3906.758,4.076,0.573,0.5214666666666666
3907.761,4.076,0.573,0.5216
3908.761,4.072,0.574,0.5217333333333334
3909.775,4.076,0.573,0.5218666666666667
3910.777,4.08,0.574,0.522
3911.766,4.072,0.573,0.5221333333333333
3912.768,4.084,0.573,0.5222666666666667
3913.772,4.08,0.573,0.5224
3914.776,4.08,0.573,0.5225333333333333
3915.783,4.08,0.573,0.5226666666666667
3916.777,4.072,0.573,0.5228
3917.785,4.076,0.573,0.5229333333333334
3918.792,4.084,0.573,0.5230583333333333
3919.793,4.076,0.573,0.5231916666666667
3920.797,4.08,0.573,0.523325
3921.796,4.084,0.573,0.5234583333333334
3922.797,4.076,0.573,0.5235916666666666
3923.799,4.076,0.573,0.523725
3924.799,4.076,0.573,0.5238583333333333
3925.808,4.076,0.573,0.5239916666666666
3926.798,4.08,0.574,0.5241250000000001
3927.805,4.08,0.573,0.5242583333333334
3928.81,4.076,0.573,0.5243916666666667
3929.804,4.08,0.573,0.5245249999999999
3930.809,4.08,0.573,0.5246583333333333
3931.815,4.076,0.573,0.5247916666666667
3932.822,4.072,0.573,0.524925
3933.81,4.08,0.573,0.5250583333333334
3934.818,4.076,0.573,0.5251916666666667
3935.825,4.092,0.573,0.525325
3936.817,4.08,0.573,0.5254583333333332
3937.822,4.08,0.573,0.5255916666666667
3938.832,4.076,0.574,0.525725
3939.824,4.084,0.573,0.5258583333333333
3940.827,4.08,0.573,0.5259833333333332
3941.837,4.08,0.573,0.5261166666666667
3942.84,4.08,0.574,0.52625
3943.832,4.084,0.573,0.5263833333333333
3944.841,4.088,0.573,0.5265166666666667
3945.835,4.08,0.573,0.5266500000000001
3946.845,4.08,0.573,0.5267833333333333
3947.839,4.072,0.573,0.5269166666666666
3948.848,4.08,0.573,0.52705
3949.853,4.08,0.573,0.5271833333333333
3950.845,4.08,0.573,0.5273166666666667
3951.853,4.08,0.573,0.5274500000000001
3952.861,4.084,0.573,0.5275833333333334
3953.851,4.084,0.573,0.5277166666666666
3954.86,4.08,0.573,0.5278499999999999
3955.868,4.08,0.573,0.5279833333333334
3956.859,4.084,0.573,0.5281166666666667
3957.87,4.1,0.573,0.52825
3958.863,4.088,0.573,0.5283833333333333
3959.872,4.076,0.573,0.5285166666666666
3960.877,4.088,0.573,0.52865
3961.874,4.08,0.573,0.528775
3962.878,4.08,0.573,0.5289083333333334
3963.883,4.08,0.573,0.5290416666666666
3964.876,4.08,0.573,0.529175
3965.879,4.084,0.573,0.5293083333333333
3966.889,4.08,0.573,0.5294416666666667
3967.88,4.08,0.573,0.529575
3968.885,4.08,0.573,0.5297083333333333
3969.887,4.08,0.573,0.5298416666666667
3970.895,4.088,0.573,0.529975
3971.886,4.076,0.573,0.5301083333333333
3972.891,4.08,0.573,0.5302416666666666
3973.898,4.08,0.573,0.530375
3974.9,4.08,0.573,0.5305083333333334
3975.901,4.076,0.573,0.5306416666666667
3976.903,4.084,0.572,0.530775
3977.904,4.088,0.572,0.5309083333333333
3978.91,4.076,0.573,0.5310333333333334
3979.901,4.084,0.571,0.5311666666666667
3980.909,4.08,0.573,0.5313
3981.911,4.084,0.573,0.5314333333333333
3982.913,4.084,0.572,0.5315666666666666
3983.916,4.08,0.571,0.5317
3984.925,4.084,0.572,0.5318333333333334
3985.923,4.08,0.571,0.5319666666666667
3986.923,4.084,0.571,0.5321
3987.922,4.084,0.571,0.5322333333333333
3988.925,4.08,0.57,0.5323666666666667
3989.926,4.088,0.571,0.5324916666666667
3990.93,4.092,0.571,0.532625
3991.939,4.088,0.57,0.5327583333333333
3992.931,4.08,0.571,0.5328916666666667
3993.938,4.084,0.57,0.533025
3994.932,4.076,0.571,0.5331583333333333
3995.939,4.084,0.57,0.5332916666666667
3996.944,4.076,0.569,0.533425
3997.951,4.084,0.57,0.53355
3998.946,4.08,0.572,0.5336833333333333
3999.951,4.08,0.571,0.5338166666666667
4000.957,4.08,0.571,0.53395
4001.947,4.08,0.569,0.5340833333333334
4002.957,4.08,0.569,0.5342166666666667
4003.95,4.092,0.569,0.53435
4004.956,4.084,0.569,0.534475
4005.964,4.084,0.571,0.5346083333333334
4006.956,4.08,0.568,0.5347416666666667
4007.963,4.084,0.57,0.534875
4008.972,4.08,0.569,0.5350083333333333
4009.962,4.076,0.569,0.5351416666666666
4010.967,4.076,0.57,0.5352750000000001
4011.974,4.08,0.567,0.5354
4012.982,4.084,0.568,0.5355333333333333
4013.984,4.084,0.569,0.5356666666666666
4014.977,4.08,0.568,0.5358
4015.984,4.08,0.568,0.5359333333333334
4016.989,4.08,0.57,0.5360583333333333
4017.98,4.084,0.569,0.5361916666666666
4018.986,4.084,0.568,0.536325
4019.991,4.088,0.568,0.5364583333333334
4020.998,4.08,0.567,0.5365916666666667
4021.991,4.084,0.567,0.5367166666666666
4022.997,4.08,0.567,0.53685
4024.004,4.096,0.567,0.5369833333333334
4024.993,4.084,0.568,0.5371166666666667
4026.0,4.08,0.568,0.53725
4027.008,4.084,0.566,0.537375
4027.999,4.088,0.565,0.5375083333333334
4029.004,4.08,0.566,0.5376416666666667
4030.011,4.076,0.567,0.537775
4031.006,4.092,0.565,0.5379
4032.011,4.08,0.565,0.5380333333333334
4033.021,4.08,0.566,0.5381666666666667
4034.019,4.084,0.568,0.5383
4035.011,4.084,0.565,0.538425
4036.02,4.084,0.566,0.5385583333333334
4037.026,4.08,0.566,0.5386916666666667
4038.02,4.08,0.566,0.538825
4039.025,4.08,0.565,0.53895
4040.033,4.084,0.566,0.5390833333333334
4041.029,4.084,0.564,0.5392166666666666
4042.036,4.084,0.565,0.53935
4043.027,4.092,0.566,0.539475
4044.034,4.088,0.564,0.5396083333333334
4045.041,4.084,0.564,0.5397416666666667
4046.047,4.084,0.564,0.5398666666666667
4047.042,4.084,0.565,0.54
4048.048,4.084,0.563,0.5401333333333334
4049.042,4.092,0.564,0.5402666666666667
4050.047,4.08,0.563,0.5403916666666667
4051.047,4.084,0.565,0.540525
4052.05,4.084,0.563,0.5406583333333334
4053.048,4.088,0.564,0.5407833333333334
4054.049,4.088,0.564,0.5409166666666667
4055.052,4.088,0.562,0.54105
4056.057,4.08,0.562,0.541175
4057.064,4.08,0.564,0.5413083333333334
4058.072,4.072,0.562,0.5414416666666667
4059.063,4.096,0.562,0.5415666666666666
4060.067,4.096,0.563,0.5417
4061.074,4.1,0.564,0.5418333333333334
4062.065,4.088,0.563,0.5419583333333333
4063.072,4.088,0.562,0.5420916666666666
4064.078,4.088,0.564,0.542225
4065.085,4.084,0.562,0.54235
4066.076,4.084,0.563,0.5424833333333333
4067.083,4.088,0.561,0.5426166666666666
4068.076,4.088,0.563,0.5427416666666667
4069.084,4.08,0.562,0.542875
4070.09,4.088,0.561,0.543
4071.097,4.084,0.561,0.5431333333333334
4072.088,4.088,0.56,0.5432666666666667
4073.094,4.084,0.561,0.5433916666666667
4074.101,4.092,0.56,0.543525
4075.094,4.092,0.561,0.54365
4076.099,4.088,0.559,0.5437833333333333
4077.107,4.084,0.561,0.5439166666666667
4078.111,4.084,0.56,0.5440416666666666
4079.105,4.088,0.562,0.544175
4080.109,4.084,0.559,0.5443
4081.103,4.08,0.561,0.5444333333333333
4082.111,4.088,0.56,0.5445666666666666
4083.119,4.084,0.56,0.5446916666666667
4084.122,4.088,0.559,0.544825
4085.124,4.088,0.561,0.54495
4086.112,4.088,0.559,0.5450833333333334
4087.119,4.088,0.56,0.5452166666666667
4088.13,4.084,0.56,0.5453416666666666
4089.117,4.084,0.559,0.545475
4090.123,4.084,0.559,0.5456
4091.129,4.084,0.56,0.5457333333333333
4092.132,4.088,0.559,0.5458583333333333
4093.141,4.088,0.56,0.5459916666666668
4094.131,4.088,0.558,0.546125
4095.138,4.08,0.558,0.54625
4096.141,4.084,0.558,0.5463833333333333
4097.134,4.084,0.558,0.5465083333333333
4098.144,4.088,0.558,0.5466416666666667
4099.152,4.084,0.558,0.5467666666666666
4100.142,4.08,0.557,0.5468999999999999
4101.149,4.092,0.557,0.547025
4102.155,4.084,0.558,0.5471583333333334
4103.147,4.088,0.558,0.5472833333333333
4104.157,4.084,0.557,0.5474166666666667
4105.163,4.084,0.557,0.5475416666666666
4106.153,4.084,0.557,0.547675
4107.163,4.076,0.556,0.5478000000000001
4108.168,4.088,0.557,0.5479333333333333
4109.16,4.084,0.557,0.5480583333333333
4110.168,4.084,0.556,0.5481916666666667
4111.175,4.084,0.558,0.5483166666666667
4112.164,4.084,0.556,0.54845
4113.173,4.084,0.558,0.5485749999999999
4114.178,4.088,0.558,0.5487083333333334
4115.172,4.084,0.556,0.5488333333333334
4116.18,4.088,0.555,0.5489666666666667
4117.179,4.084,0.556,0.5490916666666666
4118.187,4.088,0.555,0.5492250000000001
4119.186,4.092,0.554,0.54935
4120.186,4.084,0.556,0.5494833333333333
4121.182,4.088,0.554,0.5496083333333334
4122.184,4.084,0.556,0.5497416666666667
4123.193,4.08,0.555,0.5498666666666667
4124.197,4.088,0.556,0.5499916666666667
4125.191,4.084,0.555,0.550125
4126.198,4.084,0.556,0.55025
4127.206,4.088,0.554,0.5503833333333333
4128.211,4.084,0.556,0.5505083333333334
4129.206,4.084,0.554,0.5506416666666667
4130.211,4.088,0.554,0.5507666666666666
4131.213,4.088,0.554,0.5509000000000001
4132.204,4.088,0.554,0.551025
4133.207,4.088,0.554,0.55115
4134.214,4.088,0.555,0.5512833333333333
4135.221,4.088,0.555,0.5514083333333334
4136.215,4.096,0.553,0.5515416666666667
4137.219,4.08,0.553,0.5516666666666666
4138.223,4.084,0.555,0.5518
4139.225,4.088,0.553,0.551925
4140.232,4.088,0.553,0.55205
4141.221,4.08,0.554,0.5521833333333334
4142.237,4.096,0.554,0.5523083333333333
4143.226,4.092,0.553,0.5524416666666666
4144.229,4.088,0.553,0.5525666666666667
4145.231,4.084,0.552,0.5526916666666667
4146.233,4.092,0.555,0.552825
4147.238,4.088,0.553,0.5529499999999999
4148.246,4.084,0.553,0.5530750000000001
4149.248,4.084,0.553,0.5532083333333333
4150.253,4.084,0.554,0.5533333333333333
4151.241,4.092,0.553,0.5534666666666667
4152.246,4.084,0.552,0.5535916666666666
4153.249,4.088,0.552,0.5537166666666667
4154.252,4.088,0.552,0.55385
4155.257,4.092,0.551,0.553975
4156.261,4.088,0.552,0.5540999999999999
4157.265,4.084,0.55,0.5542333333333334
4158.265,4.072,0.551,0.5543583333333334
4159.267,4.084,0.551,0.5544833333333333
4160.272,4.088,0.552,0.5546166666666666
4161.276,4.072,0.552,0.5547416666666667
4162.263,4.088,0.551,0.554875
4163.279,4.088,0.552,0.555
4164.282,4.088,0.55,0.555125
4165.284,4.084,0.552,0.5552583333333333
4166.272,4.088,0.551,0.5553833333333333
4167.287,4.088,0.55,0.5555083333333334
4168.276,4.088,0.549,0.5556333333333333
4169.286,4.092,0.552,0.5557666666666666
4170.294,4.088,0.551,0.5558916666666667
4171.287,4.092,0.55,0.556025
4172.292,4.088,0.55,0.55615
4173.285,4.088,0.55,0.556275
4174.289,4.088,0.551,0.5564
4175.296,4.088,0.55,0.5565333333333333
4176.303,4.088,0.549,0.5566583333333334
4177.293,4.088,0.549,0.5567833333333333
4178.299,4.088,0.551,0.5569166666666666
4179.303,4.088,0.55,0.5570416666666667
4180.309,4.088,0.549,0.5571666666666667
4181.309,4.092,0.549,0.5573
4182.309,4.092,0.549,0.557425
4183.307,4.084,0.549,0.55755
4184.321,4.084,0.548,0.557675
4185.322,4.092,0.547,0.5578083333333334
4186.326,4.092,0.549,0.5579333333333333
4187.326,4.092,0.549,0.5580583333333333
4188.329,4.092,0.549,0.5581833333333334
4189.331,4.088,0.548,0.5583166666666667
4190.333,4.088,0.548,0.5584416666666666
4191.335,4.088,0.548,0.5585666666666667
4192.325,4.084,0.548,0.5586916666666666
4193.338,4.088,0.55,0.558825
4194.342,4.084,0.549,0.5589500000000001
4195.329,4.084,0.547,0.559075
4196.334,4.088,0.548,0.5591999999999999
4197.337,4.088,0.549,0.5593333333333333
4198.337,4.084,0.549,0.5594583333333334
4199.34,4.084,0.549,0.5595833333333333
4200.342,4.092,0.547,0.5597166666666666
4201.345,4.088,0.547,0.5598416666666666
4202.351,4.084,0.547,0.5599666666666667
4203.354,4.088,0.546,0.5600916666666667
4204.353,4.088,0.548,0.5602166666666667
4205.356,4.088,0.547,0.56035
4206.352,4.088,0.547,0.5604750000000001
4207.363,4.092,0.548,0.5606
4208.364,4.096,0.547,0.560725
4209.366,4.092,0.547,0.5608583333333333
4210.363,4.092,0.546,0.5609833333333333
4211.362,4.088,0.547,0.5611083333333333
4212.376,4.084,0.547,0.5612333333333334
4213.375,4.092,0.547,0.5613583333333333
4214.376,4.088,0.547,0.5614916666666666
4215.375,4.088,0.546,0.5616166666666668
4216.372,4.092,0.546,0.5617416666666667
4217.386,4.092,0.545,0.5618666666666666
4218.384,4.084,0.545,0.5619916666666667
4219.384,4.092,0.545,0.562125
4220.388,4.088,0.546,0.56225
4221.391,4.088,0.545,0.5623750000000001
4222.393,4.084,0.545,0.5625
4223.394,4.084,0.544,0.5626249999999999
4224.398,4.092,0.545,0.56275
4225.402,4.092,0.546,0.5628833333333334
4226.404,4.092,0.545,0.5630083333333333
4227.407,4.088,0.545,0.5631333333333334
4228.408,4.092,0.545,0.5632583333333333
4229.406,4.084,0.547,0.5633833333333332
4230.408,4.092,0.544,0.5635083333333334
4231.408,4.096,0.544,0.5636416666666667
4232.409,4.088,0.545,0.5637666666666666
4233.408,4.092,0.542,0.5638916666666667
4234.408,4.088,0.543,0.5640166666666667
4235.422,4.092,0.544,0.5641416666666667
4236.425,4.088,0.544,0.5642666666666667
4237.428,4.088,0.544,0.5643916666666666
4238.427,4.092,0.543,0.5645249999999999
4239.427,4.092,0.544,0.56465
4240.424,4.088,0.545,0.564775
4241.428,4.096,0.544,0.5649
4242.43,4.092,0.544,0.565025
4243.434,4.092,0.544,0.5651499999999999
4244.435,4.092,0.544,0.5652750000000001
4245.432,4.092,0.546,0.5654083333333333
4246.436,4.088,0.545,0.5655333333333333
4247.437,4.088,0.543,0.5656583333333333
4248.439,4.092,0.543,0.5657833333333334
4249.441,4.088,0.544,0.5659083333333333
4250.438,4.092,0.544,0.5660333333333334
4251.45,4.092,0.543,0.5661583333333333
4252.447,4.088,0.543,0.5662916666666666
4253.446,4.096,0.543,0.5664166666666667
4254.461,4.092,0.542,0.5665416666666667
4255.449,4.092,0.544,0.5666666666666667
4256.454,4.088,0.544,0.5667916666666667
4257.458,4.088,0.541,0.5669166666666666
4258.461,4.104,0.541,0.5670416666666667
4259.466,4.096,0.542,0.5671666666666667
4260.472,4.092,0.542,0.5672916666666666
4261.471,4.084,0.542,0.5674166666666667
4262.471,4.08,0.54,0.5675416666666666
4263.469,4.084,0.541,0.5676666666666667
4264.481,4.088,0.54,0.5678
4265.48,4.092,0.541,0.567925
4266.478,4.092,0.541,0.5680499999999999
4267.482,4.088,0.539,0.568175
4268.484,4.092,0.541,0.5683
4269.482,4.092,0.541,0.568425
4270.481,4.088,0.541,0.56855
4271.481,4.08,0.54,0.5686749999999999
4272.494,4.088,0.54,0.5688
4273.493,4.096,0.54,0.568925
4274.495,4.088,0.54,0.5690500000000001
4275.499,4.092,0.541,0.569175
4276.503,4.092,0.54,0.5693
4277.503,4.092,0.542,0.569425
4278.506,4.092,0.541,0.56955
4279.507,4.088,0.54,0.569675
4280.505,4.096,0.54,0.5698
4281.51,4.096,0.541,0.569925
4282.508,4.092,0.54,0.57005
4283.504,4.088,0.541,0.570175
4284.518,4.092,0.539,0.5703
4285.508,4.088,0.54,0.570425
4286.513,4.092,0.54,0.57055
4287.519,4.092,0.54,0.5706749999999999
4288.52,4.088,0.539,0.5708000000000001
4289.526,4.088,0.539,0.570925
4290.53,4.092,0.54,0.5710583333333333
4291.533,4.092,0.54,0.5711833333333333
4292.535,4.092,0.539,0.5713083333333334
4293.538,4.088,0.54,0.5714333333333333
4294.537,4.084,0.54,0.5715583333333334
4295.543,4.096,0.54,0.5716833333333333
4296.534,4.088,0.539,0.5718083333333333
4297.541,4.096,0.541,0.5719333333333334
4298.55,4.096,0.54,0.5720583333333333
4299.551,4.092,0.539,0.5721833333333334
4300.552,4.092,0.539,0.5723083333333333
4301.555,4.092,0.538,0.5724333333333333
4302.546,4.092,0.539,0.5725583333333334
4303.553,4.092,0.539,0.5726833333333333
4304.558,4.088,0.538,0.5728083333333334
4305.551,4.092,0.537,0.5729333333333333
4306.553,4.092,0.537,0.5730583333333333
4307.562,4.096,0.537,0.573175
4308.566,4.092,0.538,0.5733
4309.557,4.092,0.539,0.573425
4310.566,4.092,0.539,0.57355
4311.56,4.092,0.538,0.5736749999999999
4312.568,4.092,0.537,0.5738
4313.572,4.088,0.538,0.573925
4314.579,4.092,0.538,0.5740500000000001
4315.57,4.088,0.538,0.574175
4316.58,4.088,0.538,0.5742999999999999
4317.585,4.088,0.537,0.574425
4318.588,4.096,0.539,0.57455
4319.59,4.088,0.537,0.574675
4320.592,4.092,0.536,0.5748
4321.594,4.092,0.538,0.574925
4322.596,4.092,0.537,0.57505
4323.585,4.092,0.537,0.575175
4324.588,4.092,0.536,0.5753
4325.59,4.088,0.537,0.575425
4326.597,4.084,0.536,0.57555
4327.597,4.092,0.535,0.5756749999999999
4328.599,4.092,0.536,0.5758
4329.604,4.092,0.537,0.5759166666666666
4330.608,4.092,0.536,0.5760416666666667
4331.612,4.092,0.535,0.5761666666666666
4332.617,4.092,0.536,0.5762916666666666
4333.604,4.092,0.535,0.5764166666666667
4334.608,4.092,0.536,0.5765416666666667
4335.622,4.092,0.535,0.5766666666666667
4336.622,4.092,0.535,0.5767916666666667
4337.622,4.092,0.535,0.5769166666666666
4338.619,4.092,0.535,0.5770416666666667
4339.629,4.092,0.535,0.5771583333333333
4340.623,4.096,0.533,0.5772833333333334
4341.629,4.096,0.534,0.5774083333333333
4342.622,4.092,0.536,0.5775333333333333
4343.629,4.092,0.537,0.5776583333333334
4344.636,4.092,0.536,0.5777833333333333
4345.632,4.092,0.535,0.5779083333333334
4346.642,4.092,0.537,0.5780333333333333
4347.636,4.088,0.535,0.5781583333333333
4348.645,4.092,0.533,0.578275
4349.642,4.092,0.535,0.5784
4350.637,4.096,0.535,0.5785250000000001
4351.65,4.092,0.536,0.57865
4352.645,4.092,0.533,0.5787749999999999
4353.657,4.092,0.533,0.5789
4354.651,4.092,0.533,0.579025
4355.661,4.096,0.534,0.57915
4356.656,4.092,0.532,0.5792666666666667
4357.651,4.092,0.534,0.5793916666666666
4358.661,4.08,0.534,0.5795166666666667
4359.656,4.084,0.533,0.5796416666666667
4360.666,4.104,0.531,0.5797666666666667
4361.662,4.088,0.531,0.5798833333333333
4362.675,4.092,0.532,0.5800083333333333
4363.672,4.092,0.532,0.5801333333333333
4364.668,4.092,0.532,0.5802583333333333
4365.68,4.092,0.532,0.5803833333333334
4366.676,4.092,0.533,0.5805083333333333
4367.674,4.088,0.533,0.580625
4368.686,4.096,0.533,0.58075
4369.68,4.088,0.53,0.5808749999999999
4370.691,4.092,0.532,0.5810000000000001
4371.686,4.092,0.534,0.581125
4372.696,4.092,0.532,0.5812416666666667
4373.689,4.092,0.531,0.5813666666666667
4374.7,4.092,0.53,0.5814916666666666
4375.698,4.092,0.532,0.5816166666666667
4376.695,4.088,0.533,0.5817416666666667
4377.705,4.096,0.53,0.5818583333333334
4378.7,4.088,0.532,0.5819833333333333
4379.709,4.1,0.531,0.5821083333333333
4380.703,4.088,0.532,0.5822333333333333
4381.713,4.092,0.531,0.58235
4382.71,4.092,0.532,0.5824750000000001
4383.706,4.092,0.531,0.5826
4384.717,4.096,0.533,0.5827249999999999
4385.712,4.092,0.534,0.58285
4386.71,4.092,0.531,0.582975
4387.72,4.1,0.532,0.5830916666666667
4388.715,4.092,0.528,0.5832166666666667
4389.715,4.092,0.529,0.5833416666666666
4390.731,4.092,0.53,0.5834666666666667
4391.726,4.092,0.531,0.5835833333333333
4392.722,4.092,0.532,0.5837083333333334
4393.723,4.092,0.529,0.5838333333333333
4394.739,4.092,0.529,0.5839583333333334
4395.735,4.092,0.529,0.584075
4396.731,4.096,0.53,0.5841999999999999
4397.743,4.096,0.529,0.5843250000000001
4398.739,4.1,0.529,0.5844416666666667
4399.736,4.096,0.529,0.5845666666666667
4400.747,4.096,0.529,0.5846916666666666
4401.744,4.092,0.529,0.5848166666666667
4402.746,4.096,0.529,0.5849333333333333
4403.743,4.092,0.53,0.5850583333333333
4404.753,4.088,0.53,0.5851833333333334
4405.751,4.092,0.529,0.5853083333333333
4406.763,4.096,0.528,0.585425
4407.76,4.096,0.528,0.58555
4408.762,4.092,0.531,0.585675
4409.761,4.092,0.531,0.5858
4410.76,4.096,0.53,0.5859166666666666
4411.761,4.092,0.529,0.5860416666666667
4412.765,4.096,0.529,0.5861666666666666
4413.767,4.092,0.528,0.5862833333333333
4414.78,4.092,0.529,0.5864083333333334
4415.781,4.096,0.529,0.5865333333333334
4416.77,4.088,0.529,0.5866583333333334
4417.774,4.096,0.528,0.586775
4418.786,4.092,0.528,0.5869
4419.787,4.092,0.53,0.5870249999999999
4420.791,4.096,0.527,0.5871416666666667
4421.783,4.092,0.528,0.5872666666666667
4422.784,4.096,0.527,0.5873916666666666
4423.786,4.096,0.526,0.5875083333333333
4424.791,4.092,0.527,0.5876333333333333
4425.795,4.1,0.531,0.5877583333333333
4426.797,4.096,0.526,0.5878833333333333
4427.794,4.096,0.526,0.588
4428.797,4.092,0.526,0.588125
4429.802,4.096,0.527,0.5882499999999999
4430.809,4.092,0.527,0.5883666666666666
4431.808,4.096,0.526,0.5884916666666667
4432.804,4.092,0.53,0.5886166666666667
4433.806,4.092,0.527,0.5887333333333333
4434.807,4.096,0.528,0.5888583333333334
4435.809,4.1,0.528,0.5889833333333333
4436.818,4.092,0.527,0.5891
4437.82,4.096,0.526,0.589225
4438.824,4.092,0.526,0.58935
4439.829,4.092,0.526,0.5894666666666667
4440.822,4.096,0.525,0.5895916666666666
4441.829,4.096,0.525,0.5897083333333333
4442.831,4.096,0.526,0.5898333333333333
4443.826,4.096,0.525,0.5899583333333334
4444.836,4.096,0.526,0.590075
4445.826,4.096,0.527,0.5902000000000001
4446.832,4.092,0.525,0.590325
4447.833,4.092,0.524,0.5904416666666666
4448.839,4.096,0.525,0.5905666666666666
4449.844,4.096,0.524,0.5906833333333333
4450.845,4.092,0.527,0.5908083333333334
4451.841,4.092,0.525,0.5909333333333333
4452.854,4.092,0.526,0.59105
4453.851,4.092,0.526,0.591175
4454.847,4.092,0.526,0.5912999999999999
4455.847,4.092,0.525,0.5914166666666667
4456.862,4.092,0.524,0.5915416666666666
4457.861,4.092,0.523,0.5916583333333333
4458.861,4.092,0.523,0.5917833333333333
4459.864,4.092,0.525,0.5919083333333333
4460.861,4.1,0.525,0.5920249999999999
4461.867,4.092,0.525,0.5921500000000001
4462.872,4.1,0.524,0.5922666666666667
4463.874,4.096,0.525,0.5923916666666666
4464.878,4.092,0.522,0.5925083333333333
4465.879,4.092,0.522,0.5926333333333333
4466.88,4.096,0.525,0.5927583333333333
4467.877,4.1,0.525,0.592875
4468.875,4.092,0.524,0.593
4469.886,4.092,0.524,0.5931166666666666
4470.884,4.092,0.524,0.5932416666666667
4471.885,4.096,0.523,0.5933666666666666
4472.886,4.096,0.524,0.5934833333333333
4473.886,4.096,0.523,0.5936083333333334
4474.888,4.096,0.524,0.5937250000000001
4475.893,4.1,0.522,0.59385
4476.891,4.096,0.523,0.5939666666666666
4477.892,4.096,0.524,0.5940916666666667
4478.893,4.096,0.522,0.5942083333333333
4479.895,4.096,0.522,0.5943333333333334
4480.898,4.092,0.522,0.59445
4481.904,4.096,0.522,0.594575
4482.91,4.092,0.523,0.5947
4483.914,4.096,0.523,0.5948166666666667
4484.915,4.096,0.522,0.5949416666666666
4485.921,4.096,0.523,0.5950583333333334
4486.922,4.092,0.522,0.5951833333333334
4487.912,4.092,0.522,0.5953
4488.918,4.096,0.522,0.595425
4489.92,4.096,0.521,0.5955416666666666
4490.925,4.096,0.523,0.5956666666666667
4491.927,4.096,0.524,0.5957833333333333
4492.935,4.096,0.524,0.5959083333333334
4493.924,4.096,0.522,0.5960333333333333
4494.927,4.096,0.522,0.59615
4495.934,4.096,0.521,0.596275
4496.933,4.096,0.524,0.5963916666666667
4497.941,4.096,0.521,0.5965166666666667
4498.934,4.096,0.522,0.5966333333333333
4499.94,4.096,0.52,0.5967583333333334
4500.947,4.096,0.522,0.596875
4501.947,4.096,0.521,0.597
4502.951,4.096,0.523,0.5971166666666666
4503.949,4.096,0.521,0.5972416666666667
4504.945,4.096,0.522,0.5973583333333333
4505.953,4.096,0.521,0.5974833333333334
4506.953,4.096,0.52,0.5976
4507.959,4.1,0.521,0.597725
4508.96,4.1,0.52,0.5978416666666666
4509.958,4.096,0.52,0.5979666666666666
4510.957,4.096,0.519,0.5980833333333334
4511.972,4.096,0.52,0.5982083333333333
4512.974,4.1,0.519,0.598325
4513.962,4.096,0.52,0.59845
4514.966,4.096,0.518,0.5985666666666667
4515.971,4.096,0.52,0.5986833333333333
4516.975,4.096,0.518,0.5988083333333334
4517.975,4.092,0.519,0.598925
4518.971,4.096,0.518,0.59905
4519.985,4.096,0.518,0.5991666666666666
4520.985,4.096,0.518,0.5992916666666667
4521.985,4.096,0.52,0.5994083333333333
4522.985,4.096,0.518,0.599525
4523.984,4.096,0.516,0.59965
4524.991,4.096,0.519,0.5997666666666667
4525.996,4.092,0.519,0.5998916666666667
4527.0,4.092,0.518,0.6000083333333334
4528.003,4.092,0.516,0.600125
4529.005,4.096,0.516,0.60025
4530.008,4.096,0.517,0.6003666666666667
4531.008,4.092,0.517,0.6004916666666666
4532.01,4.092,0.517,0.6006083333333333
4533.012,4.1,0.516,0.600725
4534.013,4.096,0.519,0.60085
4535.009,4.096,0.517,0.6009666666666666
4536.012,4.1,0.517,0.6010916666666666
4537.01,4.096,0.518,0.6012083333333333
4538.016,4.096,0.517,0.601325
4539.018,4.096,0.518,0.60145
4540.025,4.1,0.518,0.6015666666666667
4541.025,4.096,0.517,0.6016916666666666
4542.03,4.096,0.516,0.6018083333333333
4543.028,4.092,0.517,0.6019249999999999
4544.031,4.096,0.517,0.6020500000000001
4545.028,4.096,0.516,0.6021666666666667
4546.038,4.096,0.516,0.6022833333333334
4547.041,4.1,0.518,0.6024083333333333
4548.041,4.096,0.518,0.602525
4549.041,4.096,0.516,0.6026499999999999
4550.037,4.1,0.517,0.6027666666666667
4551.037,4.1,0.516,0.6028833333333333
4552.038,4.096,0.517,0.6030083333333334
4553.052,4.096,0.52,0.603125
4554.053,4.092,0.515,0.60325
4555.045,4.096,0.516,0.6033666666666666
4556.049,4.096,0.516,0.6034833333333333
4557.048,4.096,0.513,0.6036083333333334
4558.061,4.096,0.513,0.6037250000000001
4559.061,4.096,0.515,0.6038416666666667
4560.061,4.104,0.514,0.6039583333333334
4561.062,4.1,0.515,0.6040833333333333
4562.059,4.096,0.515,0.6042
4563.061,4.096,0.514,0.6043166666666666
4564.073,4.1,0.516,0.6044416666666667
4565.073,4.096,0.513,0.6045583333333333
4566.077,4.096,0.515,0.604675
4567.068,4.1,0.515,0.6048
4568.072,4.096,0.513,0.6049166666666667
4569.074,4.092,0.515,0.6050333333333333
4570.077,4.1,0.515,0.6051583333333334
4571.082,4.096,0.515,0.605275
4572.078,4.096,0.515,0.6053916666666667
4573.093,4.096,0.513,0.6055166666666667
4574.096,4.1,0.514,0.6056333333333334
4575.085,4.096,0.514,0.60575
4576.099,4.096,0.515,0.6058749999999999
4577.102,4.096,0.514,0.6059916666666667
4578.101,4.096,0.515,0.6061083333333334
4579.104,4.096,0.513,0.606225
4580.107,4.096,0.513,0.6063500000000001
4581.095,4.1,0.513,0.6064666666666667
4582.111,4.096,0.513,0.6065833333333334
4583.111,4.096,0.513,0.6067083333333333
4584.11,4.096,0.513,0.6068250000000001
4585.109,4.1,0.512,0.6069416666666667
4586.107,4.092,0.512,0.6070583333333334
4587.118,4.096,0.514,0.6071833333333333
4588.115,4.096,0.513,0.6073
4589.117,4.096,0.512,0.6074166666666666
4590.116,4.1,0.513,0.6075333333333333
4591.127,4.104,0.512,0.6076583333333334
4592.127,4.1,0.51,0.6077750000000001
4593.127,4.1,0.512,0.6078916666666667
4594.126,4.1,0.511,0.6080083333333334
4595.128,4.1,0.512,0.6081333333333333
4596.135,4.096,0.512,0.60825
4597.128,4.1,0.512,0.6083666666666666
4598.136,4.1,0.512,0.6084833333333333
4599.142,4.1,0.512,0.6086083333333334
4600.148,4.096,0.511,0.6087250000000001
4601.15,4.096,0.511,0.6088416666666667
4602.143,4.096,0.51,0.6089583333333334
4603.149,4.096,0.511,0.609075
4604.142,4.1,0.51,0.6092
4605.149,4.1,0.509,0.6093166666666666
4606.156,4.1,0.51,0.6094333333333334
4607.148,4.096,0.51,0.60955
4608.157,4.1,0.51,0.6096666666666667
4609.164,4.096,0.511,0.6097916666666666
4610.156,4.096,0.51,0.6099083333333333
4611.164,4.1,0.509,0.6100249999999999
4612.157,4.096,0.51,0.6101416666666666
4613.165,4.1,0.51,0.6102583333333332
4614.174,4.1,0.511,0.6103833333333334
4615.169,4.1,0.509,0.6105
4616.179,4.096,0.511,0.6106166666666667
4617.169,4.096,0.509,0.6107333333333334
4618.177,4.096,0.509,0.61085
4619.175,4.1,0.51,0.6109749999999999
4620.181,4.096,0.509,0.6110916666666666
4621.175,4.1,0.508,0.6112083333333334
4622.182,4.096,0.509,0.611325
4623.188,4.1,0.509,0.6114416666666667
4624.189,4.1,0.509,0.6115583333333333
4625.183,4.096,0.508,0.6116833333333334
4626.189,4.096,0.508,0.6118
4627.2,4.096,0.509,0.6119166666666667
4628.189,4.1,0.509,0.6120333333333334
4629.197,4.1,0.509,0.6121500000000001
4630.202,4.096,0.508,0.6122666666666667
4631.21,4.1,0.509,0.6123833333333334
4632.204,4.1,0.509,0.6125083333333333
4633.211,4.1,0.509,0.612625
4634.205,4.1,0.508,0.6127416666666666
4635.212,4.1,0.507,0.6128583333333333
4636.22,4.096,0.508,0.612975
4637.212,4.1,0.509,0.6130916666666667
4638.22,4.096,0.508,0.6132083333333334
4639.213,4.1,0.507,0.6133333333333333
4640.222,4.096,0.507,0.6134499999999999
4641.217,4.092,0.507,0.6135666666666666
4642.224,4.1,0.508,0.6136833333333332
4643.233,4.1,0.507,0.6137999999999999
4644.236,4.1,0.506,0.6139166666666667
4645.236,4.1,0.506,0.6140333333333333
4646.239,4.096,0.507,0.61415
4647.242,4.1,0.507,0.6142666666666666
4648.233,4.1,0.506,0.6143833333333333
4649.236,4.096,0.507,0.6145083333333333
4650.24,4.1,0.507,0.614625
4651.242,4.096,0.506,0.6147416666666667
4652.245,4.1,0.508,0.6148583333333334
4653.251,4.1,0.506,0.614975
4654.253,4.1,0.505,0.6150916666666667
4655.258,4.1,0.507,0.6152083333333334
4656.248,4.1,0.506,0.615325
4657.254,4.1,0.506,0.6154416666666667
4658.262,4.096,0.506,0.6155583333333333
4659.251,4.108,0.504,0.615675
4660.261,4.096,0.506,0.6158
4661.265,4.1,0.505,0.6159166666666667
4662.257,4.104,0.506,0.6160333333333333
4663.263,4.1,0.506,0.61615
4664.271,4.1,0.505,0.6162666666666666
4665.277,4.1,0.503,0.6163833333333333
4666.271,4.1,0.504,0.6164999999999999
4667.278,4.1,0.504,0.6166166666666667
4668.272,4.096,0.505,0.6167333333333334
4669.282,4.1,0.504,0.61685
4670.274,4.1,0.505,0.6169666666666667
4671.284,4.1,0.505,0.6170833333333333
4672.291,4.096,0.504,0.6172
4673.282,4.1,0.504,0.6173166666666666
4674.289,4.104,0.504,0.6174333333333333
4675.295,4.096,0.504,0.6175499999999999
4676.29,4.1,0.502,0.6176666666666667
4677.297,4.1,0.504,0.6177833333333334
4678.291,4.096,0.504,0.6179
4679.299,4.096,0.504,0.6180166666666667
4680.305,4.096,0.502,0.6181333333333333
4681.294,4.104,0.504,0.61825
4682.305,4.096,0.503,0.6183666666666666
4683.311,4.096,0.502,0.6184833333333333
4684.313,4.1,0.503,0.6186
4685.303,4.1,0.504,0.6187166666666667
4686.304,4.1,0.504,0.6188333333333333
4687.315,4.1,0.502,0.61895
4688.308,4.1,0.502,0.6190666666666667
4689.315,4.1,0.502,0.6191833333333333
4690.316,4.1,0.503,0.6193
4691.318,4.1,0.502,0.6194166666666666
4692.325,4.104,0.503,0.6195333333333334
4693.334,4.1,0.502,0.61965
4694.327,4.1,0.501,0.6197666666666667
4695.333,4.1,0.501,0.6198833333333333
4696.326,4.1,0.501,0.62
4697.334,4.1,0.501,0.6201166666666666
4698.328,4.1,0.502,0.6202333333333333
4699.336,4.1,0.502,0.62035
4700.341,4.096,0.501,0.6204666666666666
4701.333,4.1,0.502,0.6205833333333334
4702.341,4.1,0.5,0.6207
4703.352,4.1,0.5,0.6208166666666667
4704.342,4.1,0.5,0.6209333333333333
4705.348,4.1,0.5,0.6210416666666667
4706.354,4.1,0.502,0.6211583333333334
4707.361,4.1,0.5,0.621275
4708.351,4.1,0.5,0.6213916666666667
4709.355,4.1,0.501,0.6215083333333333
4710.363,4.096,0.5,0.621625
4711.369,4.1,0.5,0.6217416666666667
4712.36,4.1,0.501,0.6218583333333334
4713.366,4.1,0.5,0.6219750000000001
4714.375,4.1,0.499,0.6220916666666667
4715.371,4.1,0.499,0.6222083333333334
4716.37,4.1,0.5,0.622325
4717.369,4.1,0.5,0.6224333333333333
4718.37,4.104,0.5,0.6225499999999999
4719.383,4.1,0.5,0.6226666666666667
4720.371,4.1,0.5,0.6227833333333334
4721.381,4.1,0.5,0.6229
4722.39,4.1,0.499,0.6230166666666667
4723.38,4.1,0.499,0.6231333333333333
4724.387,4.1,0.499,0.62325
4725.394,4.1,0.5,0.6233666666666666
4726.388,4.1,0.498,0.6234833333333333
4727.394,4.1,0.499,0.6235916666666667
4728.389,4.1,0.498,0.6237083333333334
4729.398,4.1,0.498,0.6238250000000001
4730.391,4.104,0.497,0.6239416666666667
4731.396,4.1,0.497,0.6240583333333334
4732.402,4.1,0.497,0.624175
4733.412,4.104,0.496,0.6242916666666667
4734.413,4.1,0.498,0.6244
4735.406,4.1,0.498,0.6245166666666666
4736.406,4.1,0.499,0.6246333333333333
4737.408,4.1,0.499,0.62475
4738.417,4.1,0.496,0.6248666666666667
4739.419,4.1,0.498,0.6249833333333333
4740.426,4.1,0.498,0.6251
4741.415,4.1,0.496,0.6252083333333334
4742.422,4.104,0.498,0.625325
4743.427,4.1,0.496,0.6254416666666667
4744.42,4.104,0.495,0.6255583333333333
4745.426,4.1,0.496,0.625675
4746.434,4.1,0.497,0.6257833333333334
4747.427,4.104,0.496,0.6259
4748.434,4.1,0.495,0.6260166666666667
4749.438,4.1,0.495,0.6261333333333333
4750.443,4.104,0.497,0.62625
4751.436,4.1,0.496,0.6263583333333334
4752.443,4.1,0.498,0.626475
4753.45,4.096,0.495,0.6265916666666667
4754.439,4.1,0.497,0.6267083333333333
4755.446,4.104,0.496,0.6268250000000001
4756.454,4.1,0.496,0.6269416666666667
4757.458,4.1,0.496,0.62705
4758.451,4.1,0.494,0.6271666666666667
4759.453,4.104,0.494,0.6272833333333333
4760.461,4.104,0.495,0.6274
4761.455,4.104,0.493,0.6275083333333333
4762.462,4.108,0.496,0.627625
4763.471,4.104,0.493,0.6277416666666666
4764.459,4.1,0.495,0.6278583333333333
4765.465,4.1,0.496,0.6279666666666667
4766.47,4.104,0.494,0.6280833333333333
4767.475,4.104,0.493,0.6282
4768.48,4.1,0.493,0.6283166666666666
4769.471,4.1,0.493,0.628425
4770.479,4.1,0.494,0.6285416666666667
4771.485,4.1,0.493,0.6286583333333333
4772.476,4.104,0.493,0.628775
4773.485,4.104,0.493,0.6288833333333333
4774.495,4.1,0.492,0.629
4775.482,4.104,0.493,0.6291166666666667
4776.492,4.104,0.492,0.629225
4777.496,4.104,0.493,0.6293416666666667
4778.49,4.104,0.495,0.6294583333333333
4779.501,4.1,0.493,0.629575
4780.505,4.104,0.494,0.6296833333333334
4781.506,4.104,0.493,0.6298
4782.505,4.1,0.495,0.6299166666666667
4783.509,4.1,0.493,0.6300333333333333
4784.508,4.1,0.492,0.6301416666666666
4785.509,4.104,0.492,0.6302583333333333
4786.514,4.1,0.494,0.630375
4787.518,4.104,0.492,0.6304833333333334
4788.51,4.104,0.491,0.6306
4789.515,4.1,0.491,0.6307166666666667
4790.523,4.1,0.491,0.630825
4791.525,4.1,0.492,0.6309416666666666
4792.517,4.108,0.49,0.6310583333333333
4793.525,4.104,0.488,0.6311666666666667
4794.53,4.104,0.49,0.6312833333333333
4795.537,4.104,0.49,0.6314
4796.523,4.104,0.491,0.6315083333333333
4797.53,4.1,0.49,0.631625
4798.533,4.104,0.492,0.6317416666666666
4799.539,4.108,0.491,0.63185
4800.544,4.1,0.489,0.6319666666666667
4801.535,4.1,0.489,0.632075
4802.542,4.104,0.49,0.6321916666666667
4803.545,4.104,0.49,0.6323083333333334
4804.549,4.104,0.49,0.6324166666666666
4805.542,4.1,0.488,0.6325333333333333
4806.549,4.1,0.49,0.6326499999999999
4807.554,4.104,0.489,0.6327583333333333
4808.56,4.1,0.489,0.6328750000000001
4809.549,4.104,0.492,0.6329916666666667
4810.555,4.108,0.49,0.6331
4811.565,4.1,0.489,0.6332166666666666
4812.555,4.104,0.489,0.633325
4813.561,4.104,0.49,0.6334416666666667
4814.57,4.104,0.489,0.6335583333333333
4815.562,4.104,0.489,0.6336666666666666
4816.57,4.104,0.488,0.6337833333333333
4817.58,4.104,0.487,0.6338916666666666
4818.571,4.1,0.489,0.6340083333333333
4819.579,4.1,0.488,0.634125
4820.574,4.104,0.488,0.6342333333333333
4821.581,4.1,0.49,0.63435
4822.589,4.104,0.489,0.6344583333333333
4823.58,4.104,0.488,0.634575
4824.589,4.104,0.49,0.6346916666666667
4825.596,4.1,0.487,0.6348
4826.589,4.104,0.487,0.6349166666666667
4827.596,4.104,0.488,0.635025
4828.6,4.108,0.488,0.6351416666666666
4829.591,4.108,0.487,0.63525
4830.598,4.1,0.489,0.6353666666666667
4831.607,4.104,0.488,0.6354833333333334
4832.597,4.104,0.487,0.6355916666666667
4833.605,4.1,0.487,0.6357083333333333
4834.611,4.104,0.486,0.6358166666666667
4835.605,4.104,0.487,0.6359333333333334
4836.613,4.104,0.486,0.6360416666666666
4837.605,4.104,0.488,0.6361583333333333
4838.612,4.1,0.488,0.6362749999999999
4839.617,4.1,0.486,0.6363833333333333
4840.626,4.1,0.487,0.6365
4841.616,4.108,0.486,0.6366083333333333
4842.626,4.104,0.487,0.6367250000000001
4843.617,4.104,0.486,0.6368333333333334
4844.624,4.104,0.484,0.63695
4845.632,4.104,0.485,0.6370583333333334
4846.633,4.104,0.486,0.637175
4847.63,4.108,0.484,0.6372833333333333
4848.632,4.104,0.484,0.6374
4849.636,4.104,0.485,0.6375083333333333
4850.637,4.104,0.486,0.637625
4851.641,4.104,0.482,0.6377333333333333
4852.635,4.104,0.485,0.6378499999999999
4853.643,4.104,0.484,0.6379583333333333
4854.65,4.104,0.484,0.6380750000000001
4855.657,4.104,0.485,0.6381833333333333
4856.65,4.104,0.484,0.6383
4857.652,4.1,0.484,0.6384083333333334
4858.661,4.104,0.483,0.638525
4859.651,4.104,0.486,0.6386333333333334
4860.656,4.108,0.484,0.63875
4861.668,4.1,0.482,0.6388583333333333
4862.658,4.112,0.483,0.6389666666666667
4863.658,4.108,0.483,0.6390833333333333
4864.662,4.104,0.483,0.6391916666666666
4865.673,4.104,0.484,0.6393083333333333
4866.665,4.104,0.484,0.6394166666666666
4867.671,4.104,0.482,0.6395333333333334
4868.68,4.104,0.483,0.6396416666666667
4869.669,4.104,0.483,0.6397583333333333
4870.678,4.104,0.484,0.6398666666666667
4871.683,4.104,0.483,0.6399750000000001
4872.678,4.104,0.483,0.6400916666666667
4873.684,4.108,0.483,0.6402
4874.693,4.1,0.481,0.6403166666666666
4875.687,4.108,0.482,0.640425
4876.692,4.104,0.482,0.6405416666666667
4877.699,4.104,0.482,0.6406499999999999
4878.691,4.108,0.482,0.6407583333333333
4879.699,4.108,0.482,0.640875
4880.705,4.108,0.482,0.6409833333333332
4881.697,4.104,0.48,0.6411
4882.703,4.104,0.482,0.6412083333333334
4883.712,4.108,0.481,0.6413166666666666
4884.704,4.1,0.482,0.6414333333333334
4885.704,4.104,0.481,0.6415416666666667
4886.712,4.104,0.479,0.6416583333333333
4887.719,4.104,0.482,0.6417666666666667
4888.712,4.104,0.482,0.641875
4889.716,4.104,0.48,0.6419916666666666
4890.722,4.104,0.481,0.6421
4891.716,4.108,0.483,0.6422166666666667
4892.721,4.108,0.48,0.6423249999999999
4893.73,4.108,0.479,0.6424333333333333
4894.72,4.108,0.479,0.64255
4895.727,4.108,0.479,0.6426583333333333
4896.734,4.104,0.479,0.6427666666666667
4897.726,4.108,0.48,0.6428833333333334
4898.73,4.104,0.479,0.6429916666666667
4899.74,4.104,0.481,0.6431
4900.734,4.108,0.479,0.6432166666666667
4901.736,4.104,0.479,0.643325
4902.744,4.104,0.479,0.6434333333333333
4903.749,4.104,0.477,0.64355
4904.743,4.104,0.479,0.6436583333333333
4905.751,4.1,0.478,0.6437666666666666
4906.746,4.108,0.479,0.6438833333333333
4907.751,4.104,0.48,0.6439916666666666
4908.761,4.104,0.478,0.6441
4909.752,4.104,0.48,0.6442166666666667
4910.756,4.104,0.479,0.644325
4911.763,4.104,0.479,0.6444333333333334
4912.769,4.104,0.479,0.6445500000000001
4913.758,4.108,0.479,0.6446583333333333
4914.771,4.108,0.477,0.6447666666666667
4915.772,4.108,0.479,0.6448833333333334
4916.762,4.104,0.478,0.6449916666666666
4917.778,4.108,0.479,0.6451
4918.773,4.104,0.479,0.6452166666666667
4919.78,4.108,0.477,0.645325
4920.774,4.104,0.479,0.6454333333333333
4921.783,4.108,0.478,0.6455416666666667
4922.776,4.108,0.478,0.6456583333333333
4923.781,4.104,0.479,0.6457666666666666
4924.786,4.104,0.477,0.645875
4925.794,4.104,0.477,0.6459916666666667
4926.785,4.108,0.477,0.6461
4927.793,4.1,0.477,0.6462083333333334
4928.786,4.104,0.475,0.6463166666666667
4929.794,4.108,0.478,0.6464333333333333
4930.802,4.104,0.476,0.6465416666666667
4931.795,4.108,0.476,0.6466500000000001
4932.805,4.104,0.476,0.6467583333333333
4933.797,4.104,0.473,0.646875
4934.807,4.104,0.475,0.6469833333333334
4935.813,4.108,0.475,0.6470916666666666
4936.805,4.108,0.474,0.6472
4937.814,4.104,0.475,0.6473166666666667
4938.807,4.104,0.474,0.647425
4939.815,4.108,0.475,0.6475333333333333
4940.823,4.108,0.477,0.6476416666666667
4941.816,4.104,0.474,0.6477499999999999
4942.819,4.104,0.474,0.6478666666666667
4943.83,4.108,0.476,0.6479750000000001
4944.82,4.104,0.475,0.6480833333333333
4945.826,4.104,0.475,0.6481916666666667
4946.833,4.108,0.475,0.6483083333333334
4947.828,4.108,0.476,0.6484166666666666
4948.837,4.108,0.475,0.648525
4949.843,4.108,0.475,0.6486333333333334
4950.834,4.104,0.475,0.6487416666666667
4951.839,4.108,0.473,0.6488583333333333
4952.845,4.104,0.475,0.6489666666666667
4953.836,4.104,0.475,0.649075
4954.845,4.112,0.474,0.6491833333333333
4955.853,4.108,0.475,0.6492916666666666
4956.846,4.108,0.473,0.6494083333333333
4957.853,4.104,0.475,0.6495166666666666
4958.859,4.108,0.475,0.649625
4959.849,4.108,0.473,0.6497333333333333
4960.854,4.108,0.475,0.6498416666666667
4961.862,4.108,0.472,0.6499583333333334
4962.868,4.108,0.474,0.6500666666666667
4963.861,4.108,0.473,0.6501750000000001
4964.868,4.108,0.472,0.6502833333333333
4965.873,4.108,0.474,0.6503916666666667
4966.865,4.108,0.474,0.6505
4967.868,4.108,0.472,0.6506166666666666
4968.875,4.104,0.472,0.650725
4969.879,4.108,0.473,0.6508333333333334
4970.884,4.108,0.474,0.6509416666666666
4971.873,4.108,0.472,0.65105
4972.883,4.104,0.472,0.6511583333333333
4973.876,4.108,0.471,0.6512666666666667
4974.88,4.104,0.472,0.6513833333333333
4975.889,4.112,0.472,0.6514916666666667
4976.892,4.108,0.472,0.6516
4977.884,4.108,0.47,0.6517083333333333
4978.898,4.104,0.472,0.6518166666666666
4979.898,4.104,0.47,0.651925
4980.896,4.108,0.469,0.6520333333333334
4981.898,4.108,0.47,0.6521416666666667
4982.901,4.104,0.471,0.65225
4983.903,4.108,0.473,0.6523666666666667
4984.909,4.104,0.471,0.652475
4985.901,4.108,0.47,0.6525833333333334
4986.909,4.104,0.47,0.6526916666666667
4987.916,4.108,0.471,0.6528
4988.908,4.108,0.471,0.6529083333333333
4989.915,4.108,0.472,0.6530166666666667
4990.924,4.108,0.469,0.653125
4991.916,4.108,0.47,0.6532333333333333
4992.924,4.108,0.47,0.6533416666666667
4993.917,4.112,0.471,0.6534583333333334
4994.921,4.104,0.471,0.6535666666666666
4995.928,4.104,0.471,0.653675
4996.936,4.112,0.472,0.6537833333333333
4997.927,4.104,0.471,0.6538916666666666
4998.935,4.108,0.47,0.6539999999999999
4999.939,4.108,0.47,0.6541083333333333
5000.932,4.108,0.469,0.6542166666666667
5001.937,4.104,0.469,0.654325
5002.944,4.108,0.468,0.6544333333333334
5003.937,4.108,0.468,0.6545416666666667
5004.945,4.108,0.469,0.6546500000000001
5005.954,4.104,0.47,0.6547666666666667
5006.943,4.104,0.469,0.654875
5007.953,4.108,0.47,0.6549833333333334
5008.944,4.108,0.471,0.6550916666666666
5009.955,4.108,0.471,0.6552
5010.949,4.108,0.468,0.6553083333333334
5011.957,4.108,0.468,0.6554166666666666
5012.962,4.108,0.47,0.655525
5013.968,4.108,0.469,0.6556333333333333
5014.961,4.108,0.467,0.6557416666666667
5015.966,4.112,0.469,0.6558499999999999
5016.977,4.108,0.467,0.6559583333333333
5017.969,4.108,0.471,0.6560666666666667
5018.979,4.108,0.469,0.656175
5019.969,4.108,0.47,0.6562833333333333
5020.978,4.108,0.469,0.6563916666666666
5021.984,4.108,0.468,0.6565
5022.974,4.108,0.469,0.6566166666666667
5023.983,4.108,0.467,0.656725
5024.984,4.112,0.467,0.656825
5025.992,4.108,0.466,0.6569333333333334
5026.983,4.108,0.469,0.65705
5027.99,4.108,0.468,0.6571583333333334
5028.995,4.112,0.467,0.6572666666666667
5029.991,4.112,0.465,0.6573666666666667
5030.997,4.108,0.466,0.657475
5032.002,4.112,0.467,0.6575833333333333
5032.995,4.112,0.466,0.6576916666666667
5033.998,4.108,0.466,0.6578
5035.004,4.108,0.466,0.6579083333333333
5036.009,4.108,0.467,0.6580166666666667
5037.014,4.104,0.466,0.658125
5038.003,4.108,0.466,0.6582333333333333
5039.013,4.104,0.466,0.6583416666666667
5040.021,4.108,0.466,0.65845
5041.021,4.108,0.465,0.6585583333333334
5042.022,4.108,0.467,0.6586666666666666
5043.026,4.108,0.467,0.658775
5044.029,4.108,0.466,0.6588833333333333
5045.029,4.104,0.465,0.6589916666666666
5046.033,4.112,0.466,0.6591
5047.022,4.108,0.464,0.6592083333333333
5048.037,4.108,0.466,0.6593166666666667
5049.026,4.108,0.464,0.6594249999999999
5050.03,4.112,0.465,0.6595333333333334
5051.038,4.112,0.465,0.6596416666666667
5052.044,4.112,0.465,0.6597500000000001
5053.037,4.108,0.466,0.6598583333333333
5054.045,4.108,0.465,0.6599666666666667
5055.051,4.108,0.464,0.6600750000000001
5056.046,4.112,0.464,0.6601750000000001
5057.049,4.108,0.466,0.6602833333333333
5058.057,4.108,0.463,0.6603916666666667
5059.045,4.112,0.465,0.6605
5060.051,4.112,0.465,0.6606083333333334
5061.06,4.108,0.463,0.6607166666666667
5062.053,4.112,0.464,0.660825
5063.062,4.104,0.463,0.6609333333333334
5064.068,4.108,0.463,0.6610416666666666
5065.062,4.108,0.465,0.66115
5066.072,4.112,0.463,0.6612583333333333
5067.063,4.108,0.462,0.6613666666666667
5068.07,4.112,0.464,0.6614666666666666
5069.079,4.108,0.462,0.661575
5070.07,4.112,0.461,0.6616833333333333
5071.079,4.108,0.464,0.6617916666666667
5072.071,4.112,0.462,0.6618999999999999
5073.078,4.112,0.463,0.6620083333333333
5074.087,4.112,0.461,0.6621166666666667
5075.091,4.112,0.464,0.662225
5076.085,4.108,0.464,0.6623333333333333
5077.089,4.112,0.461,0.6624333333333333
5078.083,4.108,0.463,0.6625416666666666
5079.091,4.112,0.463,0.66265
5080.096,4.108,0.463,0.6627583333333333
5081.089,4.108,0.462,0.6628666666666667
5082.095,4.108,0.463,0.6629750000000001
5083.105,4.112,0.462,0.6630833333333334
5084.099,4.112,0.463,0.6631833333333333
5085.107,4.112,0.463,0.6632916666666667
5086.1,4.112,0.463,0.6634
5087.108,4.108,0.462,0.6635083333333334
5088.104,4.112,0.463,0.6636166666666667
5089.108,4.112,0.461,0.663725
5090.119,4.108,0.461,0.6638333333333334
5091.122,4.112,0.463,0.6639333333333334
5092.114,4.108,0.463,0.6640416666666666
5093.118,4.112,0.462,0.66415
5094.127,4.112,0.462,0.6642583333333334
5095.118,4.108,0.463,0.6643666666666667
5096.125,4.108,0.461,0.664475
5097.133,4.108,0.461,0.6645833333333333
5098.137,4.108,0.461,0.6646833333333333
5099.13,4.112,0.461,0.6647916666666667
5100.139,4.108,0.461,0.6649
5101.133,4.112,0.461,0.6650083333333333
5102.137,4.116,0.461,0.6651166666666667
5103.143,4.108,0.461,0.665225
5104.149,4.108,0.458,0.6653249999999999
5105.141,4.112,0.461,0.6654333333333333
5106.15,4.108,0.461,0.6655416666666667
5107.143,4.112,0.46,0.66565
5108.15,4.108,0.459,0.6657583333333333
5109.156,4.112,0.459,0.6658583333333333
5110.154,4.108,0.461,0.6659666666666666
5111.157,4.108,0.459,0.666075
5112.155,4.108,0.459,0.6661833333333333
5113.157,4.116,0.459,0.6662916666666666
5114.159,4.112,0.459,0.6663916666666666
5115.165,4.108,0.459,0.6665
5116.158,4.108,0.459,0.6666083333333332
5117.166,4.108,0.458,0.6667166666666666
5118.175,4.112,0.46,0.6668166666666666
5119.168,4.112,0.46,0.666925
5120.177,4.112,0.459,0.6670333333333334
5121.168,4.112,0.458,0.6671416666666667
5122.177,4.108,0.46,0.66725
5123.185,4.108,0.458,0.66735
5124.177,4.112,0.459,0.6674583333333334
5125.186,4.112,0.459,0.6675666666666668
5126.178,4.116,0.458,0.667675
5127.185,4.112,0.459,0.667775
5128.193,4.112,0.458,0.6678833333333334
5129.187,4.112,0.459,0.6679916666666667
5130.194,4.112,0.458,0.6681
5131.203,4.108,0.458,0.6682
5132.192,4.108,0.46,0.6683083333333334
5133.197,4.112,0.458,0.6684166666666667
5134.2,4.112,0.459,0.668525
5135.203,4.112,0.457,0.668625
5136.209,4.112,0.458,0.6687333333333334
5137.214,4.108,0.457,0.6688416666666667
5138.206,4.112,0.459,0.66895
5139.21,4.112,0.457,0.66905
5140.222,4.112,0.457,0.6691583333333333
5141.213,4.112,0.457,0.6692666666666667
5142.222,4.112,0.458,0.669375
5143.216,4.112,0.458,0.669475
5144.222,4.112,0.456,0.6695833333333333
5145.231,4.112,0.458,0.6696916666666667
5146.221,4.108,0.456,0.6697916666666667
5147.23,4.112,0.457,0.6699
5148.224,4.112,0.456,0.6700083333333333
5149.232,4.112,0.456,0.6701166666666667
5150.241,4.108,0.458,0.6702166666666667
5151.235,4.112,0.456,0.670325
5152.242,4.112,0.457,0.6704333333333333
5153.232,4.108,0.456,0.6705333333333333
5154.241,4.112,0.456,0.6706416666666667
5155.245,4.108,0.455,0.67075
5156.253,4.108,0.456,0.67085
5157.242,4.112,0.456,0.6709583333333333
5158.25,4.112,0.453,0.6710666666666666
5159.245,4.112,0.454,0.6711666666666667
5160.255,4.108,0.455,0.671275
5161.261,4.112,0.454,0.6713833333333333
5162.252,4.116,0.455,0.6714833333333333
5163.258,4.112,0.453,0.6715916666666666
5164.26,4.108,0.456,0.6717
5165.267,4.112,0.454,0.6718
5166.26,4.112,0.454,0.6719083333333333
5167.266,4.112,0.453,0.6720166666666666
5168.274,4.112,0.453,0.6721166666666666
5169.265,4.108,0.454,0.672225
5170.274,4.108,0.455,0.672325
5171.282,4.108,0.456,0.6724333333333333
5172.273,4.112,0.455,0.6725416666666666
5173.282,4.112,0.454,0.6726416666666666
5174.287,4.112,0.454,0.67275
5175.278,4.108,0.453,0.6728583333333333
5176.28,4.112,0.455,0.6729583333333333
5177.284,4.112,0.455,0.6730666666666666
5178.288,4.108,0.455,0.673175
5179.292,4.112,0.456,0.673275
5180.292,4.112,0.455,0.6733833333333333
5181.302,4.108,0.456,0.6734916666666667
5182.292,4.112,0.456,0.6735916666666666
5183.3,4.108,0.454,0.6737000000000001
5184.306,4.112,0.455,0.6738083333333333
5185.298,4.112,0.453,0.6739083333333333
5186.307,4.112,0.453,0.6740166666666667
5187.313,4.112,0.454,0.6741250000000001
5188.308,4.112,0.452,0.6742250000000001
5189.316,4.112,0.454,0.6743333333333333
5190.308,4.112,0.455,0.6744333333333333
5191.318,4.112,0.455,0.6745416666666667
5192.326,4.112,0.454,0.6746500000000001
5193.316,4.108,0.454,0.6747500000000001
5194.323,4.112,0.454,0.6748583333333333
5195.318,4.112,0.455,0.6749666666666667
5196.324,4.112,0.454,0.6750666666666667
5197.331,4.112,0.454,0.6751750000000001
5198.335,4.108,0.455,0.6752833333333333
5199.325,4.112,0.453,0.6753833333333333
5200.337,4.112,0.454,0.6754916666666667
5201.342,4.112,0.453,0.6755916666666667
5202.335,4.112,0.454,0.6757000000000001
5203.34,4.112,0.455,0.6758083333333333
5204.333,4.116,0.453,0.6759083333333333
5205.341,4.116,0.452,0.6760166666666667
5206.349,4.112,0.455,0.676125
5207.342,4.112,0.452,0.6762250000000001
5208.347,4.112,0.453,0.6763333333333333
5209.355,4.112,0.452,0.6764333333333333
5210.347,4.112,0.454,0.6765416666666667
5211.359,4.112,0.452,0.67665
5212.361,4.108,0.453,0.6767500000000001
5213.355,4.112,0.451,0.6768583333333333
5214.363,4.112,0.453,0.6769583333333333
5215.365,4.108,0.452,0.6770666666666667
5216.371,4.112,0.449,0.6771666666666667
5217.362,4.112,0.451,0.677275
5218.37,4.112,0.451,0.6773833333333333
5219.364,4.112,0.452,0.6774833333333333
5220.374,4.112,0.453,0.6775916666666667
5221.382,4.112,0.451,0.6776916666666667
5222.375,4.116,0.452,0.6778
5223.381,4.112,0.453,0.6779000000000001
5224.388,4.112,0.451,0.6780083333333333
5225.391,4.112,0.451,0.6781166666666667
5226.381,4.112,0.45,0.6782166666666667
5227.393,4.112,0.453,0.678325
5228.384,4.108,0.452,0.6784250000000001
5229.391,4.112,0.452,0.6785333333333333
5230.397,4.112,0.45,0.6786333333333333
5231.389,4.116,0.451,0.6787416666666667
5232.395,4.112,0.452,0.67885
5233.403,4.108,0.45,0.67895
5234.408,4.108,0.449,0.6790583333333333
5235.411,4.112,0.451,0.6791583333333333
5236.404,4.112,0.449,0.6792666666666667
5237.401,4.112,0.451,0.6793666666666667
5238.409,4.112,0.449,0.679475
5239.403,4.112,0.45,0.679575
5240.411,4.116,0.45,0.6796833333333333
5241.415,4.108,0.451,0.6797833333333333
5242.412,4.112,0.449,0.6798916666666667
5243.415,4.112,0.45,0.6799916666666667
5244.415,4.112,0.449,0.6801
5245.416,4.108,0.45,0.6802
5246.416,4.112,0.45,0.6803083333333333
5247.425,4.108,0.451,0.6804083333333334
5248.434,4.112,0.45,0.6805166666666667
5249.426,4.112,0.45,0.6806166666666666
5250.434,4.112,0.451,0.680725
5251.442,4.112,0.451,0.6808333333333333
5252.437,4.112,0.45,0.6809333333333334
5253.442,4.112,0.449,0.6810416666666667
5254.434,4.116,0.449,0.6811416666666666
5255.442,4.112,0.45,0.68125
5256.446,4.112,0.449,0.68135
5257.455,4.116,0.449,0.6814583333333334
5258.443,4.108,0.45,0.6815583333333334
5259.449,4.112,0.448,0.6816666666666666
5260.455,4.112,0.448,0.6817666666666666
5261.462,4.112,0.449,0.681875
5262.45,4.112,0.449,0.681975
5263.46,4.112,0.45,0.6820833333333334
5264.454,4.112,0.452,0.6821833333333334
5265.461,4.116,0.449,0.6822916666666666
5266.471,4.112,0.449,0.6823916666666666
5267.46,4.112,0.449,0.6825
5268.467,4.116,0.451,0.6826
5269.476,4.116,0.45,0.6827083333333334
5270.47,4.112,0.449,0.6828083333333334
5271.481,4.112,0.45,0.6829166666666666
5272.471,4.112,0.448,0.6830166666666667
5273.478,4.112,0.45,0.683125
5274.482,4.116,0.45,0.683225
5275.475,4.112,0.449,0.6833333333333333
5276.483,4.108,0.449,0.6834333333333333
5277.494,4.116,0.449,0.6835416666666667
5278.482,4.112,0.45,0.6836416666666667
5279.493,4.112,0.45,0.68375
5280.487,4.112,0.449,0.68385
5281.495,4.108,0.448,0.6839583333333333
5282.503,4.112,0.447,0.6840583333333333
5283.495,4.112,0.448,0.6841666666666667
5284.5,4.116,0.448,0.6842666666666667
5285.505,4.112,0.448,0.684375
5286.497,4.112,0.447,0.6844750000000001
5287.504,4.116,0.449,0.6845833333333333
5288.511,4.116,0.45,0.6846833333333333
5289.504,4.112,0.448,0.6847916666666667
5290.51,4.108,0.45,0.6848916666666667
5291.519,4.116,0.449,0.685
5292.509,4.112,0.45,0.6851
5293.519,4.112,0.449,0.6852083333333333
5294.525,4.116,0.448,0.6853083333333333
5295.52,4.112,0.448,0.6854166666666667
5296.527,4.112,0.45,0.6855166666666667
5297.533,4.112,0.449,0.685625
5298.525,4.112,0.448,0.685725
5299.534,4.112,0.449,0.6858333333333333
5300.526,4.112,0.447,0.6859333333333333
5301.532,4.112,0.447,0.6860416666666667
5302.538,4.116,0.446,0.6861416666666666
5303.545,4.112,0.447,0.6862416666666666
5304.536,4.112,0.446,0.68635
5305.545,4.116,0.447,0.68645
5306.552,4.112,0.447,0.6865583333333334
5307.553,4.112,0.448,0.6866583333333334
5308.551,4.108,0.445,0.6867666666666666
5309.55,4.112,0.447,0.6868666666666666
5310.55,4.112,0.448,0.6869666666666667
5311.549,4.112,0.446,0.687075
5312.558,4.116,0.447,0.687175
5313.562,4.112,0.447,0.6872833333333334
5314.567,4.112,0.447,0.6873833333333333
5315.559,4.116,0.448,0.6874916666666667
5316.568,4.112,0.446,0.6875916666666667
5317.574,4.116,0.448,0.6877
5318.57,4.112,0.446,0.6878
5319.576,4.112,0.447,0.6879000000000001
5320.57,4.116,0.445,0.6880083333333333
5321.578,4.112,0.447,0.6881083333333333
5322.568,4.112,0.447,0.6882166666666667
5323.577,4.116,0.447,0.6883166666666667
5324.582,4.112,0.448,0.6884250000000001
5325.576,4.116,0.446,0.688525
5326.582,4.112,0.446,0.688625
5327.592,4.112,0.447,0.6887333333333333
5328.584,4.112,0.447,0.6888333333333333
5329.59,4.116,0.446,0.6889416666666667
5330.597,4.112,0.446,0.6890416666666667
5331.587,4.112,0.447,0.68915
5332.595,4.112,0.445,0.68925
5333.601,4.112,0.446,0.68935
5334.592,4.116,0.446,0.6894583333333334
5335.594,4.112,0.447,0.6895583333333334
5336.6,4.112,0.448,0.6896666666666667
5337.607,4.112,0.445,0.6897666666666666
5338.612,4.116,0.446,0.689875
5339.603,4.116,0.446,0.689975
5340.612,4.112,0.445,0.690075
5341.621,4.116,0.444,0.6901833333333334
5342.608,4.112,0.447,0.6902833333333334
5343.615,4.112,0.444,0.6903916666666667
5344.618,4.112,0.445,0.6904916666666667
5345.622,4.112,0.445,0.6905916666666667
5346.616,4.116,0.444,0.6907
5347.624,4.116,0.443,0.6908000000000001
5348.633,4.116,0.443,0.6909000000000001
5349.624,4.116,0.444,0.6910083333333333
5350.632,4.116,0.444,0.6911083333333333
5351.637,4.116,0.445,0.6912083333333334
5352.63,4.112,0.444,0.6913166666666667
5353.637,4.116,0.446,0.6914166666666667
5354.645,4.116,0.444,0.6915250000000001
5355.64,4.112,0.444,0.691625
5356.65,4.112,0.446,0.691725
5357.64,4.112,0.445,0.6918333333333334
5358.649,4.116,0.443,0.6919333333333334
5359.643,4.116,0.446,0.6920333333333334
5360.653,4.116,0.444,0.6921416666666667
5361.66,4.116,0.444,0.6922416666666668
5362.654,4.116,0.444,0.69235
5363.662,4.116,0.443,0.69245
5364.654,4.112,0.444,0.69255
5365.659,4.112,0.446,0.6926583333333334
5366.667,4.116,0.445,0.6927583333333333
5367.671,4.112,0.445,0.6928583333333332
5368.665,4.112,0.444,0.6929666666666666
5369.673,4.112,0.444,0.6930666666666666
5370.679,4.116,0.445,0.693175
5371.673,4.108,0.446,0.693275
5372.674,4.112,0.445,0.693375
5373.675,4.112,0.446,0.6934833333333333
5374.674,4.116,0.444,0.6935833333333333
5375.688,4.112,0.445,0.6936833333333333
5376.684,4.116,0.444,0.6937916666666666
5377.684,4.112,0.445,0.6938916666666667
5378.694,4.116,0.445,0.694
5379.697,4.112,0.444,0.6940999999999999
5380.688,4.112,0.445,0.6941999999999999
5381.694,4.112,0.444,0.6943083333333333
5382.703,4.116,0.443,0.6944083333333333
5383.693,4.116,0.444,0.6945083333333333
5384.7,4.116,0.444,0.6946166666666667
5385.708,4.116,0.441,0.6947166666666666
5386.699,4.116,0.443,0.6948166666666666
5387.71,4.116,0.443,0.694925
5388.702,4.112,0.442,0.695025
5389.71,4.112,0.443,0.695125
5390.718,4.116,0.443,0.6952333333333333
5391.712,4.116,0.444,0.6953333333333334
5392.718,4.112,0.443,0.6954333333333333
5393.724,4.116,0.441,0.6955416666666666
5394.715,4.116,0.443,0.6956416666666666
5395.719,4.112,0.443,0.6957416666666667
5396.727,4.116,0.443,0.69585
5397.732,4.112,0.442,0.69595
5398.721,4.116,0.441,0.69605
5399.728,4.108,0.442,0.69615
5400.739,4.116,0.443,0.6962583333333333
5401.732,4.116,0.442,0.6963583333333333
5402.738,4.116,0.442,0.6964583333333333
5403.741,4.116,0.44,0.6965666666666667
5404.744,4.112,0.442,0.6966666666666667
5405.736,4.112,0.442,0.6967666666666666
5406.744,4.112,0.444,0.696875
5407.751,4.116,0.442,0.696975
5408.744,4.112,0.442,0.697075
5409.75,4.116,0.443,0.697175
5410.743,4.116,0.443,0.6972833333333334
5411.746,4.116,0.443,0.6973833333333334
5412.757,4.112,0.441,0.6974833333333333
5413.762,4.112,0.441,0.6975916666666667
5414.752,4.116,0.442,0.6976916666666667
5415.76,4.116,0.441,0.6977916666666667
5416.768,4.112,0.442,0.6979
5417.759,4.112,0.441,0.6980000000000001
5418.767,4.112,0.441,0.6981
5419.761,4.108,0.44,0.6982
5420.766,4.116,0.442,0.6983083333333333
5421.774,4.116,0.441,0.6984083333333334
5422.768,4.112,0.443,0.6985083333333334
5423.779,4.116,0.442,0.6986166666666667
5424.772,4.116,0.44,0.6987166666666667
5425.779,4.112,0.442,0.6988166666666668
5426.79,4.116,0.441,0.6989166666666667
5427.781,4.112,0.443,0.699025
5428.789,4.116,0.44,0.699125
5429.795,4.116,0.442,0.6992250000000001
5430.802,4.112,0.442,0.6993333333333334
5431.793,4.116,0.44,0.6994333333333334
5432.8,4.112,0.441,0.6995333333333333
5433.791,4.112,0.441,0.6996333333333333
5434.795,4.112,0.442,0.6997416666666667
5435.805,4.116,0.44,0.6998416666666666
5436.807,4.112,0.442,0.6999416666666666
5437.802,4.116,0.442,0.70005
5438.808,4.112,0.442,0.7001499999999999
5439.81,4.116,0.441,0.7002499999999999
5440.81,4.116,0.44,0.7003499999999999
5441.811,4.116,0.441,0.7004583333333333
5442.811,4.112,0.442,0.7005583333333333
5443.818,4.116,0.443,0.7006583333333333
5444.811,4.116,0.442,0.7007666666666666
5445.816,4.12,0.44,0.7008666666666666
5446.824,4.112,0.442,0.7009666666666666
5447.83,4.112,0.439,0.7010666666666666
5448.823,4.112,0.44,0.701175
5449.83,4.116,0.44,0.701275
5450.824,4.116,0.442,0.701375
5451.832,4.116,0.44,0.701475
5452.839,4.116,0.441,0.7015833333333333
5453.83,4.112,0.44,0.7016833333333333
5454.835,4.116,0.44,0.7017833333333333
5455.841,4.116,0.44,0.7018833333333333
5456.85,4.116,0.44,0.7019916666666667
5457.842,4.116,0.441,0.7020916666666667
5458.852,4.116,0.438,0.7021916666666667
5459.843,4.116,0.439,0.7022916666666666
5460.852,4.116,0.439,0.7024
5461.857,4.116,0.439,0.7025
5462.849,4.116,0.439,0.7026
5463.852,4.116,0.441,0.7027
5464.857,4.116,0.441,0.7028083333333334
5465.858,4.116,0.439,0.7029083333333334
5466.862,4.116,0.441,0.7030083333333333
5467.871,4.116,0.439,0.7031083333333333
5468.862,4.116,0.441,0.7032166666666667
5469.865,4.116,0.441,0.7033166666666667
5470.871,4.116,0.44,0.7034166666666667
5471.878,4.116,0.441,0.7035166666666667
5472.869,4.116,0.44,0.7036250000000001
5473.877,4.112,0.44,0.703725
5474.883,4.116,0.442,0.703825
5475.874,4.112,0.439,0.703925
5476.883,4.116,0.438,0.7040333333333334
5477.888,4.116,0.441,0.7041333333333334
5478.881,4.112,0.437,0.7042333333333334
5479.892,4.116,0.437,0.7043333333333334
5480.882,4.112,0.438,0.7044333333333334
5481.893,4.112,0.438,0.7045416666666667
5482.896,4.116,0.441,0.7046416666666667
5483.889,4.116,0.439,0.7047416666666667
5484.894,4.116,0.44,0.7048416666666666
5485.898,4.116,0.439,0.7049500000000001
5486.907,4.116,0.438,0.70505
5487.897,4.116,0.438,0.7051499999999999
5488.907,4.116,0.438,0.7052499999999999
5489.915,4.116,0.438,0.7053499999999999
5490.906,4.116,0.439,0.7054583333333333
5491.912,4.116,0.439,0.7055583333333333
5492.921,4.112,0.44,0.7056583333333333
5493.915,4.116,0.438,0.7057583333333333
5494.925,4.116,0.438,0.7058583333333334
5495.928,4.116,0.438,0.7059666666666666
5496.921,4.116,0.438,0.7060666666666666
5497.93,4.116,0.439,0.7061666666666666
5498.921,4.116,0.438,0.7062666666666666
5499.927,4.116,0.44,0.7063666666666667
5500.93,4.112,0.441,0.706475
5501.937,4.116,0.439,0.706575
5502.941,4.116,0.438,0.7066749999999999
5503.931,4.116,0.439,0.706775
5504.938,4.116,0.439,0.706875
5505.933,4.116,0.438,0.7069833333333333
5506.938,4.116,0.438,0.7070833333333333
5507.948,4.12,0.439,0.7071833333333334
5508.955,4.116,0.438,0.7072833333333334
5509.945,4.112,0.438,0.7073833333333334
5510.954,4.116,0.439,0.7074916666666666
5511.958,4.116,0.439,0.7075916666666667
5512.95,4.116,0.438,0.7076916666666667
5513.958,4.116,0.439,0.7077916666666667
5514.963,4.116,0.44,0.7079
5515.955,4.116,0.439,0.7080000000000001
5516.96,4.116,0.439,0.7081000000000001
5517.97,4.116,0.438,0.7082
5518.961,4.116,0.438,0.7083
5519.97,4.116,0.44,0.7084083333333333
5520.978,4.116,0.439,0.7085083333333334
5521.97,4.116,0.439,0.7086083333333334
5522.979,4.112,0.439,0.7087083333333334
5523.984,4.116,0.439,0.7088083333333334
5524.978,4.116,0.437,0.7089166666666668
5525.976,4.116,0.437,0.7090166666666667
5526.981,4.116,0.437,0.7091166666666667
5527.986,4.116,0.437,0.7092166666666666
5528.993,4.112,0.438,0.7093166666666666
5529.983,4.112,0.436,0.7094166666666666
5530.991,4.112,0.436,0.709525
5531.986,4.112,0.438,0.709625
5532.994,4.116,0.437,0.7097249999999999
5534.003,4.116,0.437,0.7098249999999999
5534.992,4.116,0.436,0.709925
5536.001,4.112,0.436,0.710025
5536.995,4.116,0.437,0.7101333333333333
5538.0,4.116,0.437,0.7102333333333333
5539.01,4.116,0.439,0.7103333333333333
5540.001,4.116,0.436,0.7104333333333334
5541.01,4.116,0.437,0.7105333333333334
5542.017,4.116,0.438,0.7106333333333333
5543.011,4.116,0.438,0.7107416666666666
5544.021,4.12,0.436,0.7108416666666667
5545.015,4.116,0.438,0.7109416666666667
5546.023,4.112,0.438,0.7110416666666667
5547.017,4.116,0.436,0.7111416666666667
5548.026,4.112,0.435,0.7112416666666667
5549.019,4.116,0.436,0.7113416666666666
5550.03,4.12,0.435,0.71145
5551.035,4.116,0.436,0.71155
5552.028,4.116,0.437,0.71165
5553.036,4.112,0.435,0.71175
5554.03,4.116,0.436,0.71185
5555.035,4.116,0.439,0.71195
5556.042,4.116,0.436,0.7120500000000001
5557.035,4.116,0.437,0.7121583333333333
5558.042,4.116,0.437,0.7122583333333333
5559.053,4.116,0.437,0.7123583333333333
5560.043,4.112,0.436,0.7124583333333334
5561.052,4.116,0.435,0.7125583333333334
5562.046,4.116,0.434,0.7126583333333334
5563.055,4.116,0.438,0.7127583333333333
5564.062,4.116,0.437,0.7128666666666668
5565.066,4.116,0.435,0.7129666666666666
5566.061,4.116,0.436,0.7130666666666666
5567.069,4.116,0.436,0.7131666666666666
5568.056,4.116,0.437,0.7132666666666666
5569.064,4.112,0.435,0.7133666666666666
5570.066,4.116,0.437,0.7134666666666667
5571.065,4.116,0.436,0.713575
5572.064,4.116,0.436,0.713675
5573.079,4.12,0.437,0.7137749999999999
5574.083,4.112,0.436,0.7138749999999999
5575.07,4.116,0.436,0.713975
5576.076,4.112,0.436,0.714075
5577.084,4.116,0.435,0.714175
5578.091,4.12,0.437,0.7142833333333333
5579.079,4.112,0.434,0.7143833333333334
5580.088,4.116,0.436,0.7144833333333334
5581.096,4.116,0.434,0.7145833333333333
5582.09,4.116,0.436,0.7146833333333333
5583.093,4.112,0.434,0.7147833333333333
5584.099,4.12,0.437,0.7148833333333333
5585.104,4.116,0.433,0.7149833333333333
5586.107,4.12,0.434,0.7150833333333334
5587.097,4.112,0.434,0.7151833333333334
5588.104,4.116,0.434,0.7152916666666667
5589.111,4.116,0.434,0.7153916666666666
5590.114,4.116,0.434,0.7154916666666667
5591.108,4.116,0.437,0.7155916666666667
5592.112,4.12,0.437,0.7156916666666667
5593.12,4.116,0.436,0.7157916666666667
5594.112,4.12,0.436,0.7158916666666667
5595.116,4.112,0.434,0.7159916666666667
5596.123,4.116,0.434,0.7160916666666666
5597.128,4.116,0.437,0.7162000000000001
5598.118,4.116,0.435,0.7162999999999999
5599.128,4.112,0.434,0.7163999999999999
5600.123,4.116,0.435,0.7164999999999999
5601.132,4.116,0.434,0.7166
5602.126,4.116,0.436,0.7167
5603.134,4.116,0.437,0.7168
5604.14,4.116,0.436,0.7169
5605.134,4.12,0.436,0.7170083333333334
5606.141,4.116,0.436,0.7171083333333333
5607.149,4.116,0.433,0.7172083333333333
5608.137,4.116,0.437,0.7173083333333333
5609.143,4.116,0.435,0.7174083333333333
5610.153,4.112,0.435,0.7175083333333333
5611.144,4.116,0.435,0.7176083333333333
5612.156,4.116,0.434,0.7177083333333333
5613.161,4.116,0.433,0.7178083333333334
5614.15,4.116,0.433,0.7179083333333334
5615.159,4.116,0.434,0.7180166666666666
5616.152,4.116,0.435,0.7181166666666666
5617.158,4.112,0.435,0.7182166666666667
5618.168,4.116,0.434,0.7183166666666667
5619.16,4.116,0.435,0.7184166666666667
5620.164,4.12,0.434,0.7185166666666667
5621.172,4.116,0.434,0.7186166666666667
5622.166,4.116,0.434,0.7187166666666667
5623.175,4.12,0.433,0.7188166666666667
5624.18,4.116,0.434,0.7189166666666668
5625.17,4.116,0.435,0.7190166666666667
5626.178,4.116,0.433,0.7191166666666667
5627.185,4.116,0.433,0.719225
5628.176,4.116,0.433,0.719325
5629.183,4.116,0.434,0.719425
5630.192,4.116,0.434,0.719525
5631.187,4.116,0.434,0.719625
5632.196,4.116,0.433,0.719725
5633.187,4.116,0.434,0.7198249999999999
5634.198,4.116,0.434,0.7199249999999999
5635.19,4.116,0.432,0.720025
5636.204,4.116,0.434,0.720125
5637.206,4.12,0.433,0.720225
5638.209,4.116,0.432,0.720325
5639.198,4.112,0.431,0.720425
5640.215,4.116,0.431,0.720525
5641.204,4.116,0.432,0.720625
5642.214,4.116,0.431,0.720725
5643.22,4.116,0.432,0.720825
5644.212,4.116,0.431,0.720925
5645.218,4.116,0.432,0.721025
5646.223,4.116,0.433,0.721125
5647.216,4.116,0.434,0.721225
5648.225,4.116,0.433,0.7213333333333334
5649.23,4.116,0.431,0.7214333333333334
5650.23,4.116,0.433,0.7215333333333334
5651.224,4.116,0.433,0.7216333333333333
5652.232,4.116,0.432,0.7217333333333333
5653.24,4.116,0.433,0.7218333333333333
5654.231,4.116,0.431,0.7219333333333334
5655.239,4.116,0.433,0.7220333333333334
5656.246,4.116,0.433,0.7221333333333333
5657.236,4.116,0.433,0.7222333333333333
5658.246,4.116,0.433,0.7223333333333333
5659.253,4.116,0.432,0.7224333333333333
5660.247,4.116,0.433,0.7225333333333332
5661.257,4.116,0.433,0.7226333333333333
5662.25,4.116,0.431,0.7227333333333333
5663.256,4.116,0.431,0.7228333333333333
5664.262,4.12,0.433,0.7229333333333333
5665.252,4.116,0.431,0.7230333333333333
5666.258,4.12,0.433,0.7231333333333333
5667.266,4.12,0.433,0.7232333333333333
5668.27,4.116,0.433,0.7233333333333334
5669.262,4.12,0.433,0.7234333333333334
5670.268,4.116,0.432,0.7235333333333334
5671.275,4.116,0.433,0.7236333333333334
5672.266,4.12,0.431,0.7237333333333333
5673.276,4.112,0.434,0.7238333333333333
5674.282,4.116,0.431,0.7239333333333333
5675.273,4.116,0.431,0.7240333333333333
5676.281,4.116,0.432,0.7241416666666667
5677.286,4.116,0.431,0.7242416666666667
5678.276,4.116,0.431,0.7243416666666667
5679.284,4.12,0.432,0.7244416666666667
5680.291,4.116,0.432,0.7245416666666668
5681.281,4.116,0.432,0.7246416666666667
5682.288,4.12,0.429,0.7247333333333333
5683.296,4.116,0.432,0.7248416666666666
5684.3,4.116,0.431,0.7249416666666666
5685.294,4.116,0.432,0.7250416666666666
5686.301,4.116,0.43,0.7251416666666667
5687.305,4.112,0.431,0.7252333333333333
5688.295,4.116,0.431,0.7253416666666667
5689.306,4.116,0.431,0.7254333333333333
5690.313,4.116,0.431,0.7255333333333334
5691.316,4.12,0.433,0.7256416666666666
5692.31,4.116,0.432,0.7257416666666666
5693.314,4.116,0.43,0.7258416666666666
5694.309,4.12,0.433,0.7259416666666667
5695.313,4.116,0.432,0.7260416666666667
5696.321,4.116,0.43,0.7261416666666667
5697.313,4.116,0.433,0.7262416666666667
5698.324,4.12,0.432,0.7263416666666667
5699.331,4.112,0.431,0.7264416666666667
5700.32,4.116,0.431,0.7265416666666666
5701.33,4.116,0.432,0.7266416666666667
5702.338,4.116,0.432,0.7267416666666667
5703.327,4.116,0.43,0.7268416666666667
5704.327,4.116,0.431,0.7269416666666667
5705.342,4.116,0.431,0.7270416666666667
5706.343,4.112,0.432,0.7271416666666667
5707.343,4.116,0.429,0.7272416666666667
5708.343,4.116,0.429,0.7273416666666667
5709.339,4.116,0.43,0.7274333333333333
5710.343,4.12,0.431,0.7275416666666666
5711.351,4.12,0.43,0.7276333333333334
5712.355,4.116,0.431,0.7277333333333333
5713.348,4.116,0.43,0.7278333333333333
5714.355,4.116,0.43,0.7279333333333333
5715.348,4.116,0.43,0.7280333333333333
5716.357,4.112,0.43,0.7281333333333333
5717.367,4.12,0.43,0.7282333333333333
5718.359,4.116,0.432,0.7283333333333334
5719.367,4.116,0.431,0.7284333333333334
5720.371,4.116,0.43,0.7285333333333334
5721.375,4.12,0.432,0.7286333333333334
5722.368,4.112,0.43,0.7287333333333333
5723.374,4.116,0.429,0.7288333333333333
5724.367,4.116,0.43,0.7289333333333333
5725.372,4.112,0.431,0.7290333333333333
5726.382,4.116,0.43,0.7291333333333334
5727.387,4.116,0.432,0.7292333333333334
5728.379,4.112,0.431,0.7293333333333334
5729.387,4.116,0.43,0.7294333333333334
5730.381,4.12,0.43,0.7295333333333334
5731.39,4.116,0.432,0.7296333333333332
5732.383,4.116,0.43,0.7297333333333333
5733.392,4.116,0.429,0.7298333333333333
5734.394,4.116,0.429,0.7299333333333333
5735.402,4.116,0.431,0.7300333333333333
5736.396,4.116,0.43,0.7301333333333333
5737.4,4.116,0.43,0.7302333333333333
5738.402,4.12,0.428,0.7303333333333333
5739.408,4.12,0.43,0.7304333333333333
5740.4,4.116,0.43,0.7305333333333334
5741.405,4.116,0.428,0.7306333333333334
5742.415,4.116,0.428,0.7307333333333333
5743.406,4.116,0.431,0.7308333333333333
5744.414,4.116,0.431,0.7309333333333333
5745.423,4.116,0.43,0.7310333333333333
5746.412,4.116,0.43,0.7311333333333333
5747.421,4.12,0.43,0.731225
5748.425,4.116,0.429,0.731325
5749.419,4.12,0.43,0.731425
5750.428,4.12,0.429,0.731525
5751.421,4.116,0.429,0.7316250000000001
5752.427,4.116,0.429,0.7317250000000001
5753.435,4.116,0.429,0.7318250000000001
5754.439,4.116,0.428,0.7319249999999999
5755.432,4.112,0.429,0.7320249999999999
5756.444,4.12,0.429,0.7321249999999999
5757.434,4.112,0.43,0.732225
5758.444,4.116,0.428,0.732325
5759.449,4.116,0.428,0.732425
5760.441,4.116,0.43,0.732525
5761.447,4.12,0.428,0.732625
5762.452,4.12,0.429,0.732725
5763.458,4.116,0.425,0.7328166666666667
5764.449,4.12,0.43,0.7329166666666667
5765.455,4.116,0.429,0.7330166666666666
5766.46,4.116,0.43,0.7331166666666666
5767.467,4.12,0.43,0.7332166666666666
5768.456,4.116,0.429,0.7333166666666667
5769.464,4.12,0.43,0.7334166666666667
5770.469,4.12,0.429,0.7335166666666667
5771.467,4.116,0.43,0.7336166666666667
5772.471,4.12,0.43,0.7337166666666667
5773.469,4.116,0.426,0.7338166666666667
5774.472,4.12,0.428,0.7339166666666667
5775.475,4.116,0.429,0.7340166666666668
5776.484,4.116,0.429,0.7341166666666668
5777.476,4.116,0.428,0.7342166666666666
5778.487,4.12,0.429,0.7343166666666666
5779.48,4.116,0.427,0.7344083333333333
5780.487,4.116,0.427,0.7345083333333333
5781.496,4.116,0.428,0.7346083333333333
5782.485,4.116,0.429,0.7347083333333333
5783.493,4.12,0.429,0.7348083333333333
5784.498,4.12,0.427,0.7349083333333333
5785.489,4.12,0.428,0.7350083333333334
5786.498,4.12,0.427,0.7351083333333334
5787.504,4.12,0.429,0.7352083333333334
5788.494,4.116,0.427,0.7353083333333333
5789.501,4.116,0.427,0.7354
5790.511,4.116,0.426,0.7355
5791.514,4.116,0.427,0.7356
5792.505,4.12,0.427,0.7357
5793.514,4.12,0.428,0.7358
5794.506,4.116,0.426,0.7359
5795.513,4.12,0.425,0.736
5796.519,4.116,0.426,0.7361000000000001
5797.512,4.116,0.424,0.7361916666666666
5798.516,4.116,0.426,0.7362916666666667
5799.521,4.12,0.425,0.7363916666666667
5800.525,4.12,0.427,0.7364916666666667
5801.533,4.12,0.425,0.7365916666666666
5802.525,4.116,0.426,0.7366916666666666
5803.533,4.12,0.428,0.7367916666666666
5804.527,4.116,0.425,0.7368833333333333
5805.534,4.116,0.427,0.7369833333333333
5806.542,4.116,0.427,0.7370833333333333
5807.546,4.12,0.426,0.7371833333333333
5808.54,4.12,0.428,0.7372833333333333
5809.543,4.12,0.427,0.7373833333333334
5810.551,4.116,0.427,0.7374833333333334
5811.543,4.116,0.427,0.7375833333333334
5812.547,4.116,0.426,0.7376750000000001
5813.555,4.12,0.428,0.7377750000000001
5814.561,4.12,0.425,0.7378750000000001
5815.555,4.116,0.427,0.737975
5816.561,4.12,0.426,0.738075
5817.553,4.116,0.427,0.7381749999999999
5818.557,4.116,0.425,0.7382749999999999
5819.563,4.12,0.427,0.738375
5820.569,4.116,0.426,0.7384666666666666
5821.564,4.116,0.427,0.7385666666666666
5822.571,4.116,0.426,0.7386666666666667
5823.572,4.12,0.427,0.7387666666666667
5824.579,4.12,0.425,0.7388666666666667
5825.573,4.12,0.424,0.7389666666666667
5826.578,4.116,0.425,0.7390583333333334
5827.587,4.12,0.426,0.7391583333333334
5828.578,4.116,0.427,0.7392583333333334
5829.585,4.12,0.425,0.7393583333333333
5830.589,4.116,0.426,0.7394583333333333
5831.582,4.12,0.426,0.7395583333333333
5832.588,4.12,0.425,0.7396583333333333
5833.598,4.12,0.426,0.73975
5834.594,4.12,0.423,0.73985
5835.601,4.116,0.425,0.73995
5836.602,4.116,0.426,0.74005
5837.602,4.12,0.427,0.74015
5838.604,4.12,0.427,0.74025
5839.603,4.116,0.426,0.7403416666666667
5840.604,4.12,0.426,0.7404416666666667
5841.608,4.12,0.427,0.7405416666666667
5842.616,4.12,0.426,0.7406416666666666
5843.609,4.12,0.424,0.7407416666666666
5844.617,4.116,0.425,0.7408416666666666
5845.609,4.116,0.425,0.7409416666666666
5846.614,4.116,0.424,0.7410333333333333
5847.621,4.116,0.426,0.7411333333333333
5848.627,4.116,0.425,0.7412333333333333
5849.619,4.116,0.427,0.7413333333333334
5850.626,4.116,0.424,0.7414333333333334
5851.635,4.116,0.425,0.7415333333333334
5852.628,4.12,0.424,0.7416250000000001
5853.631,4.12,0.423,0.7417250000000001
5854.638,4.12,0.425,0.7418250000000001
5855.63,4.12,0.426,0.741925
5856.638,4.116,0.425,0.7420249999999999
5857.644,4.12,0.424,0.7421166666666666
5858.634,4.12,0.423,0.7422166666666666
5859.64,4.116,0.423,0.7423166666666666
5860.646,4.116,0.424,0.7424166666666666
5861.653,4.116,0.423,0.7425166666666666
5862.642,4.12,0.424,0.7426083333333333
5863.651,4.12,0.423,0.7427083333333333
5864.659,4.12,0.424,0.7428083333333333
5865.649,4.116,0.424,0.7429083333333334
5866.658,4.12,0.425,0.7430083333333334
5867.661,4.12,0.424,0.7431
5868.668,4.12,0.424,0.7432
5869.669,4.12,0.424,0.7433000000000001
5870.659,4.116,0.425,0.7434000000000001
5871.667,4.12,0.424,0.7435
5872.676,4.116,0.425,0.7435916666666667
5873.67,4.12,0.426,0.7436916666666666
5874.68,4.12,0.426,0.7437916666666666
5875.672,4.12,0.425,0.7438916666666666
5876.681,4.116,0.426,0.7439916666666666
5877.673,4.116,0.425,0.7440916666666666
5878.681,4.116,0.425,0.7441833333333333
5879.689,4.12,0.424,0.7442833333333333
5880.678,4.112,0.422,0.7443833333333333
5881.686,4.12,0.425,0.7444833333333333
5882.693,4.12,0.423,0.7445833333333334
5883.683,4.12,0.426,0.744675
5884.689,4.12,0.423,0.744775
5885.696,4.12,0.424,0.7448750000000001
5886.704,4.12,0.426,0.744975
5887.696,4.12,0.426,0.745075
5888.703,4.116,0.424,0.745175
5889.709,4.116,0.425,0.7452666666666667
5890.709,4.12,0.423,0.7453666666666667
5891.715,4.12,0.423,0.7454666666666666
5892.703,4.12,0.424,0.7455666666666666
5893.71,4.116,0.425,0.7456666666666666
5894.717,4.12,0.424,0.7457583333333333
5895.71,4.116,0.422,0.7458583333333333
5896.715,4.116,0.424,0.7459583333333333
5897.724,4.116,0.424,0.7460583333333333
5898.715,4.12,0.424,0.74615
5899.719,4.12,0.424,0.74625
5900.73,4.12,0.423,0.74635
5901.721,4.116,0.424,0.7464500000000001
5902.736,4.12,0.422,0.74655
5903.738,4.12,0.423,0.7466416666666666
5904.74,4.112,0.422,0.7467416666666667
5905.739,4.116,0.422,0.7468416666666667
5906.742,4.12,0.423,0.7469416666666667
5907.736,4.12,0.424,0.7470333333333333
5908.742,4.116,0.423,0.7471333333333333
5909.736,4.12,0.422,0.7472333333333333
5910.739,4.116,0.424,0.7473333333333333
5911.746,4.12,0.423,0.7474333333333333
5912.752,4.12,0.423,0.747525
5913.744,4.12,0.423,0.747625
5914.75,4.116,0.421,0.747725
5915.756,4.12,0.423,0.747825
5916.764,4.12,0.423,0.7479166666666667
5917.753,4.116,0.424,0.7480166666666667
5918.759,4.12,0.423,0.7481166666666667
5919.766,4.12,0.422,0.7482166666666666
5920.758,4.12,0.421,0.7483083333333334
5921.761,4.12,0.422,0.7484083333333333
5922.763,4.116,0.423,0.7485083333333333
5923.771,4.12,0.423,0.7486083333333333
5924.777,4.12,0.424,0.7487
5925.772,4.12,0.423,0.7487999999999999
5926.78,4.124,0.421,0.7489
5927.771,4.12,0.422,0.749
5928.779,4.12,0.424,0.7490916666666666
5929.786,4.116,0.423,0.7491916666666666
5930.779,4.116,0.423,0.7492916666666667
5931.787,4.12,0.421,0.7493916666666667
5932.795,4.12,0.423,0.7494833333333333
5933.783,4.116,0.422,0.7495833333333334
5934.788,4.116,0.421,0.7496833333333334
5935.791,4.12,0.422,0.7497833333333334
5936.797,4.116,0.421,0.7498750000000001
5937.803,4.12,0.421,0.7499750000000001
5938.796,4.12,0.421,0.750075
5939.804,4.12,0.421,0.750175
5940.809,4.116,0.422,0.7502666666666667
5941.802,4.116,0.421,0.7503666666666667
5942.811,4.12,0.422,0.7504666666666666
5943.815,4.12,0.42,0.7505666666666666
5944.819,4.116,0.423,0.7506583333333333
5945.81,4.12,0.421,0.7507583333333333
5946.819,4.116,0.422,0.7508583333333333
5947.812,4.12,0.421,0.75095
5948.82,4.116,0.422,0.75105
5949.822,4.116,0.423,0.75115
5950.829,4.12,0.423,0.75125
5951.82,4.116,0.42,0.7513416666666667
5952.828,4.12,0.423,0.7514416666666667
5953.835,4.12,0.424,0.7515416666666667
5954.828,4.116,0.421,0.7516416666666667
5955.837,4.12,0.421,0.7517333333333334
5956.843,4.124,0.421,0.7518333333333334
5957.838,4.116,0.42,0.7519333333333333
5958.844,4.12,0.419,0.7520333333333333
5959.836,4.116,0.42,0.7521249999999999
5960.841,4.12,0.419,0.7522249999999999
5961.85,4.12,0.419,0.752325
5962.853,4.12,0.42,0.7524166666666666
5963.845,4.124,0.422,0.7525166666666666
5964.854,4.12,0.421,0.7526166666666666
5965.86,4.12,0.421,0.7527083333333333
5966.853,4.12,0.421,0.7528083333333333
5967.856,4.12,0.42,0.7529083333333333
5968.856,4.116,0.422,0.7530083333333334
5969.854,4.12,0.423,0.7531
5970.857,4.12,0.421,0.7532
5971.859,4.12,0.421,0.7533000000000001
5972.862,4.12,0.421,0.7534000000000001
5973.871,4.12,0.421,0.7534916666666667
5974.877,4.116,0.421,0.7535916666666667
5975.866,4.116,0.421,0.7536916666666666
5976.873,4.12,0.421,0.7537833333333332
5977.883,4.12,0.422,0.7538833333333333
5978.873,4.116,0.423,0.7539833333333333
5979.886,4.12,0.421,0.7540833333333333
5980.879,4.116,0.421,0.754175
5981.881,4.12,0.422,0.754275
5982.888,4.12,0.421,0.754375
5983.895,4.12,0.421,0.7544666666666667
5984.887,4.12,0.421,0.7545666666666667
5985.893,4.12,0.419,0.7546666666666667
5986.89,4.12,0.42,0.7547666666666667
5987.894,4.12,0.421,0.7548583333333334
5988.9,4.12,0.419,0.7549583333333334
5989.91,4.12,0.421,0.7550583333333334
5990.897,4.12,0.422,0.75515
5991.907,4.12,0.42,0.75525
5992.913,4.12,0.419,0.75535
5993.904,4.116,0.421,0.75545
5994.91,4.116,0.421,0.7555416666666667
5995.917,4.116,0.421,0.7556416666666667
5996.913,4.116,0.42,0.7557416666666666
5997.917,4.12,0.422,0.7558333333333334
5998.913,4.12,0.419,0.7559333333333333
5999.92,4.116,0.421,0.7560333333333333
6000.926,4.12,0.421,0.756125
6001.93,4.12,0.42,0.756225
6002.936,4.12,0.419,0.756325
6003.926,4.12,0.417,0.7564166666666667
6004.932,4.12,0.421,0.7565166666666667
6005.941,4.12,0.419,0.7566166666666667
6006.942,4.12,0.421,0.7567166666666666
6007.937,4.12,0.418,0.7568083333333333
6008.943,4.116,0.419,0.7569083333333333
6009.946,4.12,0.418,0.7570083333333333
6010.937,4.12,0.419,0.7571
6011.943,4.12,0.42,0.7572
6012.95,4.12,0.42,0.7573
6013.957,4.12,0.42,0.7573916666666667
6014.948,4.12,0.42,0.7574916666666667
6015.957,4.12,0.42,0.7575916666666667
6016.949,4.12,0.418,0.7576833333333334
6017.952,4.12,0.42,0.7577833333333334
6018.96,4.12,0.422,0.7578833333333334
6019.966,4.116,0.421,0.7579750000000001
6020.957,4.116,0.42,0.758075
6021.967,4.12,0.419,0.7581749999999999
6022.973,4.12,0.418,0.7582666666666666
6023.967,4.12,0.421,0.7583666666666666
6024.976,4.12,0.419,0.7584666666666666
6025.969,4.124,0.419,0.7585583333333333
6026.979,4.12,0.418,0.7586583333333333
6027.972,4.12,0.418,0.7587583333333333
6028.978,4.116,0.419,0.75885
6029.986,4.12,0.418,0.75895
6030.978,4.12,0.419,0.75905
6031.985,4.12,0.416,0.7591416666666667
6032.995,4.12,0.417,0.7592416666666667
6033.992,4.12,0.417,0.7593333333333334
6034.994,4.12,0.42,0.7594333333333334
6035.992,4.12,0.417,0.7595333333333334
6036.99,4.12,0.418,0.759625
6037.994,4.12,0.417,0.759725
6038.999,4.12,0.418,0.759825
6040.008,4.12,0.419,0.7599166666666667
6040.995,4.12,0.421,0.7600166666666667
6042.005,4.116,0.419,0.7601166666666667
6043.012,4.12,0.419,0.7602083333333334
6044.004,4.116,0.419,0.7603083333333334
6045.011,4.12,0.419,0.7604083333333334
6046.019,4.12,0.418,0.7605000000000001
6047.014,4.12,0.418,0.7606
6048.022,4.116,0.416,0.7606916666666667
6049.013,4.116,0.418,0.7607916666666668
6050.019,4.116,0.418,0.7608916666666667
6051.028,4.12,0.418,0.7609833333333333
6052.018,4.12,0.419,0.7610833333333333
6053.025,4.12,0.419,0.7611833333333333
6054.032,4.12,0.419,0.7612749999999999
6055.037,4.116,0.418,0.761375
6056.031,4.12,0.417,0.761475
6057.04,4.12,0.418,0.7615666666666666
6058.032,4.12,0.416,0.7616666666666667
6059.039,4.12,0.417,0.7617583333333333
6060.048,4.12,0.419,0.7618583333333333
6061.04,4.12,0.418,0.7619583333333334
6062.046,4.124,0.417,0.76205
6063.042,4.12,0.418,0.76215
6064.055,4.12,0.418,0.76225
6065.044,4.12,0.417,0.7623416666666666
6066.051,4.12,0.418,0.7624416666666666
6067.06,4.124,0.416,0.7625333333333333
6068.051,4.124,0.417,0.7626333333333333
6069.06,4.116,0.415,0.7627333333333333
6070.066,4.12,0.417,0.762825
6071.056,4.12,0.416,0.762925
6072.064,4.12,0.415,0.7630166666666667
6073.07,4.12,0.416,0.7631166666666667
6074.065,4.12,0.415,0.7632083333333334
6075.074,4.124,0.416,0.7633083333333334
6076.08,4.12,0.418,0.7634083333333334
6077.072,4.116,0.417,0.7635000000000001
6078.082,4.124,0.417,0.7636000000000001
6079.076,4.12,0.418,0.7637
6080.083,4.116,0.419,0.7637916666666666
6081.077,4.12,0.419,0.7638916666666666
6082.083,4.124,0.417,0.7639833333333333
6083.089,4.12,0.419,0.7640833333333333
6084.097,4.116,0.417,0.7641833333333333
6085.089,4.12,0.417,0.764275
6086.096,4.12,0.417,0.764375
6087.088,4.12,0.418,0.764475
6088.098,4.12,0.416,0.7645666666666667
6089.091,4.12,0.416,0.7646666666666667
6090.1,4.12,0.416,0.7647583333333333
6091.108,4.124,0.416,0.7648583333333334
6092.103,4.12,0.415,0.76495
6093.111,4.124,0.417,0.76505
6094.11,4.12,0.415,0.76515
6095.116,4.12,0.415,0.7652416666666666
6096.12,4.12,0.418,0.7653416666666666
6097.115,4.116,0.417,0.7654333333333333
6098.12,4.12,0.417,0.7655333333333333
6099.126,4.12,0.417,0.7656333333333333
6100.126,4.12,0.417,0.765725
6101.128,4.12,0.416,0.765825
6102.128,4.124,0.417,0.7659166666666667
6103.128,4.124,0.415,0.7660166666666667
6104.131,4.12,0.418,0.7661166666666667
6105.137,4.12,0.418,0.7662083333333334
6106.13,4.12,0.417,0.7663083333333334
6107.137,4.12,0.417,0.7664
6108.144,4.12,0.416,0.7665
6109.136,4.12,0.417,0.7666
6110.147,4.12,0.417,0.7666916666666667
6111.137,4.12,0.416,0.7667916666666666
6112.146,4.12,0.416,0.7668833333333334
6113.154,4.116,0.415,0.7669833333333334
6114.145,4.12,0.415,0.7670750000000001
6115.154,4.12,0.417,0.767175
6116.16,4.12,0.416,0.767275
6117.153,4.12,0.417,0.7673666666666666
6118.163,4.12,0.417,0.7674666666666667
6119.155,4.12,0.414,0.7675583333333333
6120.165,4.12,0.414,0.7676583333333333
6121.158,4.12,0.415,0.7677499999999999
6122.168,4.124,0.415,0.7678499999999999
6123.173,4.12,0.415,0.76795
6124.175,4.116,0.415,0.7680416666666666
6125.166,4.12,0.415,0.7681416666666666
6126.172,4.12,0.416,0.7682333333333333
6127.181,4.12,0.416,0.7683333333333333
6128.171,4.12,0.415,0.768425
6129.18,4.12,0.415,0.768525
6130.184,4.12,0.415,0.7686166666666667
6131.177,4.116,0.415,0.7687166666666667
6132.186,4.12,0.417,0.7688166666666667
6133.194,4.12,0.417,0.7689083333333334
6134.186,4.12,0.414,0.7690083333333333
6135.195,4.12,0.414,0.7691
6136.188,4.12,0.415,0.7692
6137.19,4.12,0.417,0.7692916666666666
6138.201,4.12,0.413,0.7693916666666667
6139.193,4.12,0.414,0.7694833333333333
6140.2,4.12,0.415,0.7695833333333333
6141.209,4.12,0.414,0.7696833333333334
6142.201,4.12,0.413,0.769775
6143.208,4.12,0.414,0.769875
6144.212,4.12,0.414,0.7699666666666667
6145.205,4.124,0.415,0.7700666666666667
6146.208,4.12,0.413,0.7701583333333334
6147.22,4.116,0.413,0.7702583333333333
6148.211,4.12,0.414,0.77035
6149.217,4.12,0.414,0.77045
6150.225,4.12,0.416,0.7705416666666667
6151.228,4.116,0.414,0.7706416666666667
6152.219,4.12,0.414,0.7707333333333334
6153.225,4.116,0.413,0.7708333333333334
6154.234,4.124,0.413,0.770925
6155.224,4.124,0.413,0.771025
6156.231,4.12,0.412,0.7711166666666667
6157.24,4.12,0.412,0.7712166666666667
6158.234,4.124,0.412,0.7713083333333334
6159.243,4.12,0.412,0.7714083333333334
6160.234,4.12,0.413,0.7715
6161.241,4.12,0.413,0.7716
6162.247,4.12,0.412,0.7716916666666667
6163.242,4.12,0.413,0.7717916666666667
6164.25,4.12,0.413,0.7718833333333334
6165.253,4.12,0.414,0.7719833333333334
6166.252,4.12,0.411,0.772075
6167.25,4.116,0.413,0.7721750000000001
6168.263,4.116,0.414,0.7722666666666667
6169.25,4.12,0.414,0.7723666666666666
6170.255,4.12,0.412,0.7724583333333334
6171.262,4.124,0.413,0.7725583333333333
6172.271,4.12,0.414,0.77265
6173.265,4.12,0.412,0.7727499999999999
6174.274,4.12,0.411,0.7728416666666666
6175.262,4.12,0.412,0.7729333333333334
6176.264,4.124,0.412,0.7730333333333334
6177.274,4.12,0.412,0.773125
6178.28,4.12,0.411,0.773225
6179.275,4.12,0.413,0.7733166666666667
6180.284,4.12,0.413,0.7734166666666666
6181.277,4.116,0.413,0.7735083333333334
6182.286,4.12,0.412,0.7736083333333333
6183.291,4.12,0.412,0.7737
6184.295,4.12,0.412,0.7737999999999999
6185.297,4.116,0.41,0.7738916666666666
6186.287,4.124,0.411,0.7739916666666666
6187.294,4.12,0.41,0.7740833333333333
6188.288,4.12,0.412,0.7741833333333333
6189.3,4.12,0.411,0.774275
6190.301,4.124,0.413,0.7743666666666666
6191.31,4.124,0.411,0.7744666666666666
6192.296,4.124,0.411,0.7745583333333333
6193.306,4.12,0.411,0.7746583333333333
6194.311,4.124,0.411,0.77475
6195.304,4.12,0.411,0.77485
6196.313,4.12,0.41,0.7749416666666666
6197.317,4.124,0.41,0.7750333333333334
6198.312,4.12,0.411,0.7751333333333333
6199.318,4.12,0.412,0.7752249999999999
6200.312,4.12,0.411,0.775325
6201.318,4.12,0.41,0.7754166666666666
6202.327,4.12,0.41,0.7755166666666666
6203.33,4.12,0.412,0.7756083333333333
6204.322,4.12,0.412,0.7757083333333333
6205.333,4.124,0.41,0.7758
6206.337,4.12,0.411,0.7758916666666668
6207.332,4.12,0.412,0.7759916666666667
6208.341,4.124,0.411,0.7760833333333333
6209.332,4.124,0.41,0.7761833333333333
6210.338,4.12,0.411,0.7762749999999999
6211.346,4.12,0.411,0.7763749999999999
6212.337,4.124,0.411,0.7764666666666666
6213.344,4.116,0.411,0.7765583333333334
6214.355,4.12,0.41,0.7766583333333333
6215.347,4.124,0.41,0.77675
6216.351,4.116,0.409,0.77685
6217.36,4.12,0.41,0.7769416666666668
6218.354,4.124,0.41,0.7770333333333334
6219.358,4.12,0.409,0.7771333333333333
6220.366,4.12,0.41,0.7772249999999999
6221.357,4.124,0.41,0.7773249999999999
6222.364,4.12,0.411,0.7774166666666666
6223.372,4.124,0.41,0.7775166666666666
6224.364,4.12,0.41,0.7776083333333333
6225.373,4.12,0.41,0.7777000000000001
6226.379,4.12,0.409,0.7778
6227.372,4.124,0.411,0.7778916666666666
6228.378,4.124,0.41,0.7779916666666667
6229.37,4.12,0.41,0.7780833333333333
6230.38,4.12,0.41,0.778175
6231.377,4.124,0.411,0.7782749999999999
6232.379,4.124,0.41,0.7783666666666667
6233.378,4.124,0.409,0.7784666666666666
6234.382,4.124,0.41,0.7785583333333334
6235.395,4.12,0.411,0.7786583333333333
6236.385,4.124,0.411,0.77875
6237.391,4.12,0.409,0.7788416666666667
6238.393,4.12,0.409,0.7789416666666666
6239.4,4.12,0.409,0.7790333333333334
6240.407,4.124,0.41,0.7791333333333333
6241.398,4.116,0.41,0.7792250000000001
6242.404,4.12,0.41,0.7793166666666667
6243.411,4.124,0.409,0.7794166666666666
6244.404,4.124,0.41,0.7795083333333334
6245.413,4.12,0.411,0.7796083333333333
6246.407,4.12,0.41,0.7797
6247.413,4.124,0.409,0.7797916666666667
6248.422,4.12,0.408,0.7798916666666666
6249.411,4.12,0.408,0.7799833333333334
6250.415,4.124,0.408,0.7800750000000001
6251.419,4.124,0.407,0.7801750000000001
6252.426,4.12,0.408,0.7802666666666667
6253.421,4.12,0.408,0.7803666666666668
6254.428,4.124,0.409,0.7804583333333333
6255.437,4.12,0.408,0.78055
6256.426,4.124,0.408,0.78065
6257.433,4.12,0.409,0.7807416666666667
6258.441,4.12,0.408,0.7808333333333334
6259.434,4.124,0.408,0.7809333333333334
6260.438,4.124,0.408,0.781025
6261.443,4.12,0.408,0.7811166666666667
6262.436,4.124,0.407,0.7812166666666667
6263.443,4.12,0.408,0.7813083333333334
6264.454,4.12,0.407,0.7814
6265.445,4.124,0.407,0.7815
6266.452,4.12,0.408,0.7815916666666667
6267.449,4.12,0.408,0.7816916666666667
6268.449,4.12,0.407,0.7817833333333333
6269.456,4.124,0.41,0.781875
6270.462,4.124,0.409,0.781975
6271.457,4.12,0.407,0.7820666666666667
6272.463,4.124,0.407,0.7821583333333334
6273.47,4.124,0.408,0.7822583333333334
6274.461,4.12,0.407,0.78235
6275.47,4.124,0.409,0.7824416666666666
6276.476,4.124,0.407,0.7825416666666666
6277.467,4.124,0.409,0.7826333333333333
6278.477,4.12,0.411,0.7827333333333333
6279.482,4.124,0.408,0.782825
6280.476,4.116,0.408,0.7829166666666667
6281.482,4.12,0.41,0.7830166666666667
6282.487,4.124,0.408,0.7831083333333333
6283.478,4.124,0.408,0.7832
6284.488,4.12,0.407,0.7833
6285.496,4.116,0.407,0.7833916666666667
6286.486,4.124,0.407,0.7834833333333333
6287.49,4.12,0.41,0.7835833333333333
6288.495,4.12,0.411,0.783675
6289.489,4.12,0.41,0.783775
6290.495,4.12,0.409,0.7838666666666666
6291.506,4.124,0.408,0.7839583333333333
6292.511,4.124,0.407,0.7840583333333333
6293.502,4.12,0.408,0.78415
6294.512,4.124,0.407,0.7842416666666667
6295.517,4.128,0.407,0.7843416666666667
6296.506,4.12,0.407,0.7844333333333334
6297.508,4.12,0.407,0.7845249999999999
6298.52,4.12,0.406,0.784625
6299.524,4.124,0.407,0.7847166666666666
6300.525,4.12,0.406,0.7848083333333333
6301.527,4.12,0.407,0.7849083333333333
6302.531,4.12,0.408,0.785
6303.522,4.12,0.407,0.7850916666666666
6304.528,4.124,0.408,0.7851916666666667
6305.536,4.124,0.407,0.7852833333333333
6306.527,4.12,0.407,0.785375
6307.536,4.124,0.407,0.785475
6308.528,4.124,0.406,0.7855666666666666
6309.537,4.124,0.406,0.7856583333333333
6310.54,4.124,0.406,0.7857583333333333
6311.544,4.124,0.407,0.7858499999999999
6312.535,4.12,0.406,0.7859416666666666
6313.54,4.12,0.407,0.7860416666666666
6314.546,4.124,0.406,0.7861333333333334
6315.552,4.124,0.407,0.7862250000000001
6316.545,4.124,0.408,0.786325
6317.554,4.12,0.408,0.7864166666666667
6318.56,4.12,0.406,0.7865083333333333
6319.551,4.12,0.407,0.7866
6320.555,4.12,0.407,0.7867
6321.563,4.124,0.407,0.7867916666666667
6322.57,4.12,0.406,0.7868833333333334
6323.561,4.124,0.407,0.7869833333333334
6324.564,4.124,0.406,0.787075
6325.567,4.124,0.407,0.7871666666666667
6326.571,4.12,0.407,0.7872666666666667
6327.577,4.124,0.405,0.7873583333333334
6328.569,4.124,0.405,0.7874500000000001
6329.573,4.124,0.406,0.78755
6330.583,4.124,0.405,0.7876416666666667
6331.576,4.124,0.405,0.7877333333333333
6332.585,4.124,0.406,0.787825
6333.577,4.124,0.407,0.787925
6334.586,4.124,0.407,0.7880166666666667
6335.592,4.12,0.407,0.7881083333333333
6336.597,4.124,0.405,0.7882083333333334
6337.591,4.124,0.407,0.7883
6338.595,4.124,0.405,0.7883916666666667
6339.603,4.124,0.405,0.7884916666666667
6340.593,4.124,0.405,0.7885833333333333
6341.604,4.124,0.406,0.788675
6342.61,4.124,0.407,0.7887666666666666
6343.6,4.124,0.405,0.7888666666666666
6344.612,4.124,0.406,0.7889583333333333
6345.602,4.124,0.404,0.78905
6346.613,4.124,0.407,0.78915
6347.618,4.124,0.407,0.7892416666666667
6348.609,4.12,0.405,0.7893333333333333
6349.619,4.124,0.406,0.7894333333333333
6350.625,4.12,0.407,0.7895249999999999
6351.615,4.124,0.406,0.7896166666666666
6352.621,4.12,0.406,0.7897083333333333
6353.629,4.124,0.406,0.7898083333333333
6354.633,4.12,0.406,0.7899
6355.623,4.124,0.405,0.7899916666666666
6356.63,4.12,0.407,0.7900916666666666
6357.638,4.124,0.405,0.7901833333333333
6358.631,4.12,0.407,0.7902750000000001
6359.638,4.124,0.406,0.790375
6360.631,4.124,0.406,0.7904666666666667
6361.638,4.124,0.404,0.7905583333333333
6362.641,4.124,0.405,0.79065
6363.643,4.124,0.407,0.79075
6364.653,4.124,0.403,0.7908416666666667
6365.64,4.124,0.406,0.7909333333333334
6366.655,4.124,0.405,0.7910333333333334
6367.646,4.124,0.405,0.791125
6368.652,4.124,0.405,0.7912166666666667
6369.659,4.124,0.403,0.7913083333333334
6370.664,4.12,0.405,0.7914083333333334
6371.656,4.124,0.404,0.7915
6372.662,4.124,0.406,0.7915916666666667
6373.671,4.124,0.404,0.7916833333333333
6374.663,4.128,0.406,0.7917833333333333
6375.668,4.124,0.406,0.791875
6376.672,4.124,0.404,0.7919666666666667
6377.673,4.124,0.404,0.7920583333333333
6378.675,4.12,0.406,0.7921583333333334
6379.682,4.124,0.404,0.79225
6380.675,4.124,0.403,0.7923416666666666
6381.683,4.124,0.405,0.7924416666666666
6382.675,4.124,0.404,0.7925333333333333
6383.683,4.12,0.404,0.792625
6384.689,4.124,0.403,0.7927166666666666
6385.682,4.12,0.403,0.7928083333333333
6386.685,4.124,0.404,0.7929083333333333
6387.693,4.12,0.403,0.793
6388.697,4.12,0.405,0.7930916666666668
6389.701,4.124,0.403,0.7931833333333334
6390.697,4.12,0.403,0.7932833333333333
6391.704,4.124,0.405,0.7933749999999999
6392.695,4.128,0.404,0.7934666666666667
6393.702,4.124,0.402,0.7935583333333334
6394.711,4.12,0.404,0.7936583333333334
6395.711,4.124,0.403,0.79375
6396.715,4.12,0.404,0.7938416666666667
6397.718,4.124,0.404,0.7939333333333334
6398.719,4.128,0.401,0.794025
6399.723,4.124,0.405,0.7941250000000001
6400.716,4.12,0.405,0.7942166666666666
6401.722,4.124,0.403,0.7943083333333333
6402.726,4.124,0.403,0.7944
6403.719,4.124,0.403,0.7945
6404.724,4.124,0.402,0.7945916666666667
6405.73,4.124,0.404,0.7946833333333333
6406.724,4.124,0.405,0.794775
6407.733,4.124,0.405,0.794875
6408.727,4.12,0.405,0.7949666666666667
6409.734,4.12,0.402,0.7950583333333334
6410.745,4.12,0.403,0.7951499999999999
6411.736,4.124,0.405,0.79525
6412.747,4.124,0.402,0.7953416666666666
6413.741,4.124,0.402,0.7954333333333333
6414.751,4.124,0.403,0.795525
6415.741,4.124,0.403,0.7956166666666666
6416.75,4.124,0.403,0.7957166666666666
6417.759,4.12,0.402,0.7958083333333333
6418.748,4.124,0.403,0.7959
6419.758,4.12,0.403,0.7959916666666668
6420.751,4.124,0.403,0.7960833333333333
6421.758,4.124,0.401,0.7961833333333334
6422.766,4.124,0.404,0.796275
6423.768,4.124,0.402,0.7963666666666667
6424.772,4.124,0.402,0.7964583333333334
6425.774,4.124,0.401,0.79655
6426.767,4.124,0.401,0.7966416666666667
6427.774,4.124,0.402,0.7967416666666667
6428.766,4.124,0.403,0.7968333333333334
6429.775,4.124,0.402,0.796925
6430.776,4.124,0.402,0.7970166666666666
6431.78,4.124,0.401,0.7971083333333333
6432.782,4.12,0.402,0.7972083333333333
6433.785,4.12,0.401,0.7973
6434.786,4.124,0.403,0.7973916666666667
6435.79,4.124,0.403,0.7974833333333333
6436.784,4.124,0.401,0.797575
6437.787,4.124,0.402,0.797675
6438.798,4.128,0.401,0.7977666666666667
6439.79,4.124,0.401,0.7978583333333333
6440.799,4.124,0.4,0.7979499999999999
6441.806,4.124,0.401,0.7980416666666666
6442.799,4.128,0.401,0.7981333333333334
6443.806,4.128,0.4,0.7982333333333334
6444.799,4.124,0.402,0.7983250000000001
6445.806,4.12,0.399,0.7984166666666667
6446.81,4.124,0.402,0.7985083333333334
6447.82,4.124,0.401,0.7986000000000001
6448.812,4.124,0.4,0.7986916666666666
6449.818,4.124,0.401,0.7987833333333333
6450.825,4.128,0.4,0.7988833333333333
6451.82,4.124,0.4,0.798975
6452.829,4.124,0.399,0.7990666666666667
6453.819,4.124,0.4,0.7991583333333333
6454.828,4.12,0.401,0.79925
6455.822,4.124,0.4,0.7993416666666667
6456.829,4.124,0.398,0.7994333333333333
6457.834,4.124,0.401,0.7995333333333334
6458.828,4.124,0.399,0.7996249999999999
6459.831,4.124,0.401,0.7997166666666666
6460.837,4.124,0.401,0.7998083333333333
6461.847,4.124,0.4,0.7998999999999999
6462.835,4.124,0.4,0.7999916666666667
6463.846,4.128,0.399,0.8000833333333334
6464.838,4.124,0.398,0.8001750000000001
6465.849,4.128,0.399,0.8002750000000001
6466.856,4.124,0.4,0.8003666666666667
6467.848,4.124,0.401,0.8004583333333333
6468.854,4.12,0.4,0.80055
6469.861,4.124,0.4,0.8006416666666667
6470.852,4.124,0.397,0.8007333333333333
6471.859,4.124,0.398,0.800825
6472.869,4.124,0.399,0.8009166666666667
6473.858,4.124,0.398,0.8010083333333333
6474.866,4.124,0.399,0.8011083333333334
6475.873,4.12,0.398,0.8012
6476.867,4.124,0.397,0.8012916666666666
6477.877,4.124,0.399,0.8013833333333333
6478.866,4.124,0.399,0.8014749999999999
6479.877,4.12,0.397,0.8015666666666666
6480.88,4.124,0.398,0.8016583333333334
6481.886,4.128,0.397,0.8017500000000001
6482.878,4.124,0.399,0.8018416666666667
6483.879,4.124,0.399,0.8019333333333334
6484.884,4.128,0.398,0.802025
6485.892,4.124,0.399,0.8021166666666666
6486.884,4.124,0.399,0.8022083333333333
6487.889,4.124,0.398,0.8023083333333333
6488.898,4.124,0.398,0.8024
6489.889,4.124,0.398,0.8024916666666667
6490.896,4.124,0.399,0.8025833333333333
6491.903,4.124,0.4,0.802675
6492.894,4.124,0.398,0.8027666666666667
6493.9,4.124,0.401,0.8028583333333333
6494.906,4.124,0.398,0.8029499999999999
6495.901,4.124,0.398,0.8030416666666667
6496.901,4.124,0.398,0.8031333333333334
6497.903,4.124,0.399,0.8032333333333334
6498.918,4.124,0.4,0.803325
6499.919,4.124,0.398,0.8034166666666667
6500.917,4.124,0.397,0.8035083333333334
6501.92,4.124,0.398,0.8036000000000001
6502.915,4.124,0.398,0.8036916666666666
6503.92,4.124,0.397,0.8037833333333333
6504.931,4.124,0.398,0.803875
6505.923,4.124,0.398,0.8039666666666666
6506.928,4.124,0.399,0.8040583333333333
6507.933,4.124,0.398,0.80415
6508.927,4.124,0.397,0.8042416666666667
6509.935,4.124,0.397,0.8043333333333333
6510.942,4.124,0.399,0.8044333333333333
6511.936,4.124,0.396,0.8045249999999999
6512.943,4.124,0.397,0.8046166666666666
6513.935,4.124,0.397,0.8047083333333334
6514.939,4.12,0.398,0.8048
6515.947,4.124,0.4,0.8048916666666667
6516.955,4.12,0.398,0.8049833333333334
6517.948,4.124,0.398,0.805075
6518.957,4.124,0.398,0.8051666666666667
6519.949,4.124,0.398,0.8052583333333333
6520.959,4.124,0.398,0.80535
6521.965,4.124,0.397,0.8054416666666666
6522.958,4.124,0.396,0.8055333333333333
6523.961,4.124,0.396,0.805625
6524.968,4.124,0.398,0.8057166666666666
6525.961,4.124,0.397,0.8058166666666667
6526.968,4.124,0.398,0.8059083333333333
6527.977,4.124,0.397,0.806
6528.966,4.124,0.397,0.8060916666666667
6529.974,4.124,0.397,0.8061833333333333
6530.981,4.128,0.395,0.806275
6531.974,4.124,0.398,0.8063666666666667
6532.981,4.124,0.397,0.8064583333333334
6533.975,4.128,0.397,0.80655
6534.983,4.124,0.396,0.8066416666666667
6535.988,4.124,0.396,0.8067333333333334
6536.996,4.128,0.396,0.806825
6537.986,4.124,0.396,0.8069166666666666
6538.995,4.128,0.398,0.8070083333333333
6540.001,4.124,0.395,0.8071
6540.997,4.124,0.399,0.8071916666666666
6542.003,4.124,0.398,0.8072833333333334
6543.007,4.124,0.397,0.8073750000000001
6543.995,4.124,0.395,0.8074666666666667
6545.011,4.128,0.396,0.8075583333333334
6546.006,4.124,0.397,0.80765
6547.013,4.124,0.396,0.8077416666666667
6548.004,4.128,0.397,0.8078333333333333
6549.013,4.124,0.397,0.807925
6550.018,4.124,0.396,0.8080166666666667
6551.023,4.124,0.396,0.8081166666666667
6552.026,4.124,0.396,0.8082083333333333
6553.021,4.128,0.394,0.8083
6554.025,4.124,0.396,0.8083916666666667
6555.018,4.128,0.397,0.8084833333333333
6556.026,4.124,0.395,0.8085749999999999
6557.021,4.124,0.397,0.8086666666666666
6558.027,4.124,0.396,0.8087583333333334
6559.034,4.128,0.396,0.80885
6560.042,4.128,0.397,0.8089416666666667
6561.031,4.128,0.395,0.8090333333333334
6562.04,4.124,0.395,0.809125
6563.044,4.124,0.395,0.8092166666666666
6564.036,4.124,0.395,0.8093083333333333
6565.044,4.124,0.395,0.8094
6566.051,4.128,0.395,0.8094916666666666
6567.049,4.124,0.397,0.8095833333333333
6568.054,4.124,0.395,0.809675
6569.052,4.124,0.396,0.8097666666666666
6570.054,4.128,0.396,0.8098583333333333
6571.055,4.124,0.396,0.8099500000000001
6572.062,4.124,0.394,0.8100416666666667
6573.058,4.124,0.396,0.8101333333333333
6574.067,4.124,0.394,0.810225
6575.061,4.124,0.396,0.8103166666666667
6576.07,4.124,0.394,0.8104083333333333
6577.061,4.124,0.394,0.8105
6578.069,4.12,0.394,0.8105916666666667
6579.075,4.128,0.396,0.8106833333333334
6580.083,4.124,0.397,0.8107749999999999
6581.074,4.128,0.395,0.8108666666666666
6582.085,4.124,0.396,0.8109583333333333
6583.078,4.124,0.394,0.8110499999999999
6584.08,4.124,0.394,0.8111416666666666
6585.09,4.124,0.394,0.8112333333333334
6586.094,4.124,0.396,0.8113250000000001
6587.086,4.124,0.395,0.8114166666666667
6588.094,4.128,0.394,0.8115083333333333
6589.098,4.124,0.396,0.8116
6590.09,4.124,0.395,0.8116916666666666
6591.097,4.128,0.396,0.8117833333333333
6592.105,4.124,0.393,0.811875
6593.107,4.124,0.394,0.8119666666666667
6594.099,4.124,0.394,0.81205
6595.103,4.124,0.393,0.8121416666666668
6596.111,4.128,0.394,0.8122333333333333
6597.101,4.124,0.394,0.812325
6598.11,4.128,0.393,0.8124166666666667
6599.116,4.124,0.395,0.8125083333333333
6600.109,4.124,0.393,0.8126
6601.119,4.128,0.394,0.8126916666666667
6602.124,4.124,0.394,0.8127833333333334
6603.119,4.124,0.393,0.812875
6604.119,4.124,0.395,0.8129666666666666
6605.123,4.128,0.393,0.8130583333333333
6606.119,4.124,0.396,0.8131499999999999
6607.124,4.124,0.394,0.8132416666666666
6608.132,4.128,0.394,0.8133333333333334
6609.125,4.124,0.394,0.8134250000000001
6610.133,4.124,0.392,0.8135166666666667
6611.14,4.128,0.391,0.8136083333333334
6612.145,4.128,0.394,0.8137000000000001
6613.137,4.124,0.394,0.8137916666666666
6614.145,4.124,0.393,0.8138833333333333
6615.14,4.124,0.393,0.813975
6616.149,4.128,0.394,0.8140666666666667
6617.156,4.128,0.394,0.81415
6618.148,4.128,0.393,0.8142416666666666
6619.156,4.128,0.393,0.8143333333333334
6620.146,4.124,0.393,0.814425
6621.153,4.124,0.393,0.8145166666666667
6622.162,4.128,0.393,0.8146083333333333
6623.168,4.128,0.394,0.8147
6624.159,4.124,0.394,0.8147916666666667
6625.167,4.132,0.393,0.8148833333333333
6626.174,4.124,0.393,0.814975
6627.164,4.124,0.391,0.8150666666666667
6628.173,4.124,0.391,0.8151583333333334
6629.179,4.128,0.393,0.8152499999999999
6630.171,4.124,0.394,0.8153416666666666
6631.18,4.124,0.393,0.8154333333333333
6632.182,4.124,0.392,0.8155166666666667
6633.186,4.132,0.392,0.8156083333333334
6634.186,4.124,0.392,0.8157
6635.188,4.124,0.392,0.8157916666666667
6636.19,4.128,0.393,0.8158833333333333
6637.195,4.128,0.392,0.815975
6638.188,4.124,0.393,0.8160666666666666
6639.195,4.128,0.39,0.8161583333333333
6640.189,4.128,0.391,0.81625
6641.194,4.128,0.392,0.8163416666666666
6642.199,4.124,0.391,0.8164333333333333
6643.206,4.124,0.391,0.8165166666666667
6644.197,4.124,0.39,0.8166083333333333
6645.204,4.128,0.393,0.8167
6646.212,4.128,0.39,0.8167916666666667
6647.205,4.124,0.391,0.8168833333333333
6648.209,4.124,0.391,0.816975
6649.215,4.124,0.391,0.8170666666666667
6650.222,4.128,0.39,0.8171583333333333
6651.213,4.124,0.389,0.8172416666666668
6652.216,4.124,0.391,0.8173333333333332
6653.227,4.124,0.39,0.817425
6654.216,4.128,0.39,0.8175166666666667
6655.225,4.124,0.39,0.8176083333333334
6656.233,4.128,0.391,0.8177
6657.227,4.124,0.391,0.8177916666666667
6658.238,4.124,0.39,0.817875
6659.228,4.128,0.39,0.8179666666666666
6660.239,4.128,0.389,0.8180583333333333
6661.231,4.128,0.389,0.8181499999999999
6662.238,4.128,0.389,0.8182416666666666
6663.246,4.132,0.392,0.8183333333333334
6664.246,4.124,0.39,0.818425
6665.251,4.124,0.39,0.8185083333333334
6666.244,4.128,0.389,0.8186
6667.253,4.128,0.389,0.8186916666666666
6668.244,4.128,0.389,0.8187833333333333
6669.254,4.124,0.392,0.818875
6670.246,4.132,0.389,0.8189666666666666
6671.252,4.124,0.39,0.8190583333333333
6672.26,4.128,0.391,0.8191416666666667
6673.268,4.128,0.39,0.8192333333333334
6674.259,4.128,0.391,0.8193250000000001
6675.264,4.124,0.391,0.8194166666666667
6676.258,4.128,0.39,0.8195083333333333
6677.265,4.128,0.391,0.8196
6678.273,4.128,0.391,0.8196916666666667
6679.266,4.128,0.389,0.819775
6680.27,4.128,0.391,0.8198666666666667
6681.28,4.124,0.391,0.8199583333333333
6682.27,4.128,0.391,0.82005
6683.28,4.124,0.39,0.8201416666666667
6684.274,4.128,0.39,0.8202333333333333
6685.284,4.124,0.39,0.820325
6686.29,4.128,0.389,0.8204166666666667
6687.282,4.128,0.391,0.8205
6688.291,4.128,0.388,0.8205916666666667
6689.296,4.128,0.389,0.8206833333333333
6690.287,4.128,0.389,0.8207749999999999
6691.296,4.128,0.389,0.8208666666666666
6692.304,4.124,0.388,0.8209583333333333
6693.294,4.128,0.389,0.8210416666666667
6694.303,4.132,0.389,0.8211333333333334
6695.298,4.12,0.388,0.821225
6696.304,4.124,0.389,0.8213166666666667
6697.313,4.128,0.386,0.8214083333333334
6698.314,4.124,0.39,0.8214916666666666
6699.318,4.128,0.389,0.8215833333333333
6700.318,4.128,0.387,0.821675
6701.318,4.124,0.389,0.8217666666666666
6702.318,4.128,0.387,0.8218583333333334
6703.323,4.124,0.387,0.8219416666666667
6704.313,4.124,0.389,0.8220333333333334
6705.321,4.128,0.388,0.822125
6706.329,4.128,0.388,0.8222166666666666
6707.321,4.128,0.387,0.8223083333333333
6708.329,4.132,0.388,0.8223916666666666
6709.336,4.128,0.388,0.8224833333333333
6710.341,4.124,0.388,0.8225750000000001
6711.332,4.128,0.389,0.8226666666666667
6712.339,4.124,0.388,0.8227583333333333
6713.347,4.128,0.388,0.8228416666666667
6714.34,4.128,0.389,0.8229333333333333
6715.346,4.124,0.387,0.823025
6716.339,4.128,0.388,0.8231166666666667
6717.348,4.128,0.388,0.8232083333333333
6718.342,4.128,0.388,0.8232916666666668
6719.348,4.128,0.387,0.8233833333333332
6720.355,4.128,0.388,0.823475
6721.36,4.132,0.388,0.8235666666666667
6722.353,4.132,0.389,0.8236583333333333
6723.358,4.128,0.388,0.8237416666666667
6724.365,4.124,0.387,0.8238333333333333
6725.356,4.128,0.388,0.823925
6726.366,4.128,0.388,0.8240166666666667
6727.36,4.128,0.387,0.8241083333333333
6728.368,4.124,0.388,0.8241916666666667
6729.378,4.124,0.388,0.8242833333333334
6730.368,4.128,0.386,0.824375
6731.374,4.128,0.385,0.8244666666666667
6732.383,4.124,0.387,0.82455
6733.373,4.128,0.387,0.8246416666666667
6734.378,4.132,0.388,0.8247333333333333
6735.387,4.124,0.387,0.8248249999999999
6736.38,4.124,0.386,0.8249166666666666
6737.386,4.128,0.387,0.825
6738.391,4.124,0.387,0.8250916666666667
6739.383,4.128,0.388,0.8251833333333334
6740.394,4.128,0.387,0.825275
6741.399,4.128,0.387,0.8253583333333333
6742.391,4.128,0.386,0.82545
6743.401,4.128,0.386,0.8255416666666666
6744.406,4.128,0.386,0.8256333333333333
6745.399,4.132,0.384,0.8257166666666667
6746.406,4.128,0.387,0.8258083333333334
6747.414,4.128,0.388,0.8259000000000001
6748.406,4.128,0.388,0.8259916666666667
6749.417,4.128,0.385,0.826075
6750.41,4.128,0.386,0.8261666666666666
6751.418,4.132,0.387,0.8262583333333333
6752.409,4.124,0.387,0.82635
6753.413,4.128,0.383,0.8264333333333334
6754.425,4.124,0.385,0.8265250000000001
6755.415,4.128,0.384,0.8266166666666667
6756.425,4.124,0.387,0.8267083333333333
6757.434,4.132,0.385,0.8267916666666667
6758.426,4.128,0.387,0.8268833333333333
6759.435,4.128,0.386,0.826975
6760.436,4.124,0.386,0.8270666666666667
6761.429,4.128,0.384,0.82715
6762.436,4.128,0.385,0.8272416666666668
6763.444,4.132,0.385,0.8273333333333333
6764.445,4.132,0.385,0.8274166666666667
6765.449,4.124,0.384,0.8275083333333333
6766.449,4.128,0.385,0.8276
6767.448,4.128,0.384,0.8276833333333333
6768.448,4.128,0.385,0.827775
6769.454,4.128,0.383,0.8278666666666668
6770.448,4.128,0.386,0.8279583333333332
6771.455,4.128,0.385,0.8280416666666667
6772.463,4.128,0.383,0.8281333333333333
6773.455,4.128,0.383,0.828225
6774.463,4.128,0.384,0.8283083333333333
6775.471,4.132,0.384,0.8284
6776.46,4.128,0.384,0.8284916666666667
6777.47,4.128,0.383,0.828575
6778.462,4.128,0.384,0.8286666666666667
6779.47,4.132,0.383,0.8287583333333334
6780.479,4.128,0.383,0.8288416666666667
6781.471,4.128,0.385,0.8289333333333334
6782.479,4.124,0.382,0.829025
6783.484,4.128,0.382,0.8291083333333333
6784.473,4.128,0.383,0.8291999999999999
6785.478,4.128,0.384,0.8292916666666666
6786.487,4.124,0.384,0.829375
6787.479,4.128,0.385,0.8294666666666667
6788.486,4.128,0.384,0.8295583333333334
6789.494,4.128,0.385,0.8296416666666667
6790.5,4.128,0.384,0.8297333333333333
6791.49,4.128,0.383,0.8298249999999999
6792.495,4.128,0.383,0.8299166666666666
6793.503,4.132,0.383,0.83
6794.508,4.132,0.383,0.8300916666666667
6795.501,4.128,0.385,0.8301833333333334
6796.503,4.124,0.382,0.8302666666666667
6797.51,4.128,0.383,0.8303583333333333
6798.503,4.132,0.384,0.83045
6799.51,4.128,0.382,0.8305333333333333
6800.505,4.128,0.385,0.830625
6801.511,4.128,0.384,0.8307166666666667
6802.52,4.128,0.384,0.8308
6803.512,4.128,0.384,0.8308916666666667
6804.52,4.128,0.384,0.8309833333333333
6805.514,4.124,0.382,0.8310666666666666
6806.521,4.128,0.38,0.8311583333333333
6807.527,4.128,0.383,0.83125
6808.532,4.128,0.382,0.8313333333333334
6809.523,4.128,0.383,0.8314250000000001
6810.529,4.128,0.383,0.8315083333333333
6811.537,4.128,0.38,0.8316
6812.542,4.128,0.382,0.8316916666666666
6813.533,4.124,0.382,0.831775
6814.542,4.128,0.382,0.8318666666666666
6815.535,4.128,0.382,0.8319583333333334
6816.545,4.128,0.382,0.8320416666666667
6817.552,4.128,0.381,0.8321333333333333
6818.546,4.128,0.38,0.8322166666666666
6819.554,4.128,0.383,0.8323083333333333
6820.546,4.124,0.381,0.8324
6821.556,4.132,0.382,0.8324833333333334
6822.549,4.128,0.38,0.8325750000000001
6823.556,4.124,0.381,0.8326583333333334
6824.56,4.128,0.382,0.83275
6825.566,4.128,0.383,0.8328416666666666
6826.572,4.132,0.383,0.832925
6827.563,4.128,0.382,0.8330166666666666
6828.567,4.132,0.38,0.8331083333333333
6829.568,4.128,0.383,0.8331916666666667
6830.571,4.132,0.382,0.8332833333333334
6831.569,4.132,0.381,0.833375
6832.57,4.128,0.38,0.8334583333333333
6833.573,4.132,0.38,0.83355
6834.58,4.128,0.382,0.8336333333333333
6835.585,4.128,0.38,0.833725
6836.577,4.132,0.381,0.8338083333333334
6837.588,4.128,0.381,0.8339
6838.594,4.128,0.38,0.8339916666666667
6839.586,4.128,0.381,0.834075
6840.592,4.128,0.381,0.8341666666666666
6841.6,4.132,0.379,0.83425
6842.59,4.128,0.38,0.8343416666666666
6843.597,4.128,0.38,0.8344333333333334
6844.604,4.124,0.379,0.8345166666666667
6845.596,4.132,0.38,0.8346083333333333
6846.605,4.132,0.38,0.8346916666666666
6847.612,4.132,0.38,0.8347833333333333
6848.603,4.128,0.379,0.8348666666666666
6849.611,4.132,0.38,0.8349583333333334
6850.614,4.132,0.38,0.83505
6851.617,4.128,0.381,0.8351333333333333
6852.609,4.128,0.379,0.835225
6853.616,4.128,0.38,0.8353083333333333
6854.622,4.124,0.38,0.8354
6855.615,4.132,0.381,0.8354833333333334
6856.619,4.128,0.379,0.8355750000000001
6857.621,4.128,0.377,0.8356666666666667
6858.629,4.124,0.379,0.83575
6859.622,4.128,0.378,0.8358416666666667
6860.627,4.132,0.381,0.835925
6861.637,4.128,0.378,0.8360166666666667
6862.644,4.128,0.38,0.8361000000000001
6863.634,4.132,0.376,0.8361916666666667
6864.642,4.128,0.377,0.836275
6865.634,4.136,0.38,0.8363666666666667
6866.644,4.132,0.38,0.83645
6867.65,4.128,0.38,0.8365416666666667
6868.641,4.128,0.38,0.8366333333333333
6869.65,4.132,0.378,0.8367166666666667
6870.657,4.132,0.378,0.8368083333333333
6871.65,4.128,0.379,0.8368916666666667
6872.656,4.132,0.379,0.8369833333333333
6873.664,4.128,0.378,0.8370666666666667
6874.655,4.132,0.38,0.8371583333333333
6875.666,4.128,0.38,0.8372416666666667
6876.658,4.128,0.377,0.8373333333333333
6877.669,4.128,0.38,0.8374166666666667
6878.662,4.124,0.379,0.8375083333333333
6879.667,4.132,0.378,0.8376
6880.673,4.128,0.378,0.8376833333333333
6881.68,4.128,0.379,0.837775
6882.675,4.132,0.381,0.8378583333333333
6883.682,4.132,0.379,0.83795
6884.674,4.128,0.377,0.8380333333333333
6885.681,4.128,0.377,0.838125
6886.683,4.132,0.378,0.8382083333333333
6887.691,4.132,0.379,0.8383
6888.695,4.128,0.379,0.8383833333333333
6889.691,4.128,0.378,0.838475
6890.697,4.128,0.378,0.8385583333333333
6891.691,4.136,0.378,0.83865
6892.698,4.128,0.377,0.8387333333333333
6893.691,4.132,0.377,0.838825
6894.699,4.132,0.379,0.8389083333333334
6895.702,4.128,0.377,0.839
6896.707,4.132,0.38,0.8390916666666667
6897.711,4.128,0.378,0.839175
6898.714,4.132,0.377,0.8392666666666667
6899.714,4.136,0.376,0.83935
6900.704,4.128,0.377,0.8394333333333334
6901.709,4.132,0.377,0.839525
6902.718,4.132,0.378,0.8396166666666667
6903.725,4.132,0.378,0.8397
6904.713,4.132,0.377,0.8397916666666667
6905.72,4.128,0.377,0.839875
6906.727,4.128,0.378,0.8399666666666668
6907.722,4.128,0.376,0.84005
6908.727,4.132,0.377,0.8401416666666667
6909.734,4.132,0.378,0.840225
6910.725,4.128,0.376,0.8403083333333333
6911.73,4.132,0.376,0.8404
6912.739,4.132,0.377,0.8404833333333334
6913.744,4.128,0.377,0.8405750000000001
6914.734,4.132,0.375,0.8406583333333333
6915.741,4.128,0.375,0.84075
6916.749,4.132,0.377,0.8408333333333333
6917.738,4.128,0.376,0.840925
6918.746,4.132,0.377,0.8410083333333334
6919.753,4.132,0.377,0.8411000000000001
6920.755,4.132,0.377,0.8411833333333333
6921.747,4.132,0.374,0.841275
6922.754,4.132,0.375,0.8413583333333333
6923.761,4.128,0.375,0.84145
6924.764,4.128,0.376,0.8415333333333334
6925.756,4.128,0.376,0.8416166666666667
6926.763,4.128,0.376,0.8417083333333333
6927.77,4.128,0.376,0.8417916666666666
6928.761,4.128,0.376,0.8418833333333333
6929.767,4.128,0.375,0.8419666666666666
6930.774,4.128,0.375,0.8420583333333334
6931.766,4.132,0.376,0.8421416666666667
6932.775,4.128,0.374,0.8422333333333333
6933.78,4.128,0.374,0.8423166666666666
6934.774,4.132,0.375,0.8424
6935.782,4.128,0.375,0.8424916666666666
6936.79,4.132,0.375,0.8425750000000001
6937.793,4.132,0.376,0.8426666666666667
6938.78,4.128,0.376,0.84275
6939.789,4.128,0.376,0.8428416666666666
6940.796,4.128,0.374,0.842925
6941.787,4.128,0.373,0.8430166666666666
6942.793,4.128,0.373,0.8431000000000001
6943.801,4.132,0.375,0.8431833333333334
6944.794,4.132,0.376,0.843275
6945.802,4.132,0.375,0.8433583333333333
6946.807,4.128,0.375,0.84345
6947.797,4.128,0.374,0.8435333333333334
6948.806,4.128,0.376,0.8436250000000001
6949.813,4.128,0.375,0.8437083333333334
6950.804,4.132,0.375,0.8437916666666666
6951.813,4.128,0.374,0.8438833333333333
6952.817,4.128,0.373,0.8439666666666666
6953.81,4.128,0.374,0.8440583333333334
6954.816,4.128,0.373,0.8441416666666667
6955.826,4.128,0.373,0.844225
6956.818,4.132,0.373,0.8443166666666666
6957.828,4.132,0.374,0.8443999999999999
6958.82,4.132,0.374,0.8444916666666666
6959.827,4.132,0.375,0.844575
6960.838,4.132,0.374,0.8446583333333334
6961.838,4.132,0.374,0.84475
6962.842,4.128,0.373,0.8448333333333333
6963.841,4.136,0.374,0.8449249999999999
6964.84,4.132,0.373,0.8450083333333334
6965.845,4.132,0.374,0.8450916666666667
6966.838,4.132,0.372,0.8451833333333334
6967.85,4.132,0.375,0.8452666666666667
6968.84,4.128,0.374,0.8453583333333333
6969.848,4.128,0.374,0.8454416666666666
6970.854,4.128,0.373,0.845525
6971.861,4.132,0.373,0.8456166666666667
6972.85,4.132,0.373,0.8457
6973.857,4.128,0.371,0.8457916666666667
6974.865,4.132,0.372,0.8458749999999999
6975.86,4.124,0.373,0.8459583333333334
6976.869,4.132,0.372,0.84605
6977.872,4.132,0.371,0.8461333333333333
6978.866,4.132,0.372,0.8462166666666667
6979.871,4.132,0.372,0.8463083333333333
6980.864,4.128,0.372,0.8463916666666667
6981.87,4.132,0.372,0.846475
6982.879,4.132,0.371,0.8465666666666667
6983.873,4.128,0.373,0.84665
6984.877,4.132,0.372,0.8467333333333333
6985.873,4.132,0.372,0.846825
6986.879,4.132,0.37,0.8469083333333333
6987.884,4.132,0.372,0.847
6988.893,4.128,0.371,0.8470833333333333
6989.885,4.128,0.371,0.8471666666666667
6990.892,4.128,0.37,0.8472500000000001
6991.9,4.132,0.371,0.8473416666666667
6992.891,4.128,0.369,0.847425
6993.894,4.128,0.369,0.8475083333333333
6994.903,4.132,0.369,0.8476
6995.906,4.136,0.37,0.8476833333333333
6996.908,4.132,0.371,0.8477666666666667
6997.899,4.132,0.37,0.8478583333333333
6998.908,4.132,0.373,0.8479416666666666
6999.914,4.132,0.37,0.848025
7000.906,4.128,0.37,0.8481166666666666
7001.916,4.128,0.372,0.8482000000000001
7002.907,4.132,0.371,0.8482833333333334
7003.914,4.132,0.372,0.848375
7004.92,4.136,0.371,0.8484583333333333
7005.927,4.132,0.37,0.8485416666666666
7006.918,4.128,0.37,0.8486333333333334
7007.925,4.128,0.371,0.8487166666666667
7008.934,4.132,0.371,0.8488
7009.933,4.132,0.368,0.8488833333333333
7010.927,4.132,0.369,0.848975
7011.933,4.132,0.371,0.8490583333333334
7012.94,4.132,0.37,0.8491416666666667
7013.93,4.132,0.371,0.8492333333333334
7014.938,4.132,0.37,0.8493166666666666
7015.947,4.132,0.368,0.8493999999999999
7016.94,4.132,0.37,0.8494833333333334
7017.949,4.132,0.371,0.849575
7018.952,4.132,0.37,0.8496583333333334
7019.944,4.136,0.367,0.8497416666666667
7020.947,4.132,0.367,0.8498333333333333
7021.953,4.132,0.369,0.8499166666666667
7022.958,4.128,0.368,0.85
7023.962,4.132,0.369,0.8500833333333333
7024.967,4.132,0.368,0.850175
7025.955,4.128,0.369,0.8502583333333333
7026.96,4.128,0.368,0.8503416666666667
7027.961,4.132,0.368,0.850425
7028.961,4.132,0.369,0.8505166666666667
7029.972,4.132,0.37,0.8506
7030.97,4.128,0.368,0.8506833333333333
7031.971,4.132,0.369,0.8507666666666667
7032.975,4.132,0.369,0.8508583333333333
7033.969,4.132,0.368,0.8509416666666667
7034.975,4.132,0.368,0.851025
7035.986,4.132,0.368,0.8511083333333334
7036.974,4.128,0.367,0.8512000000000001
7037.979,4.132,0.366,0.8512833333333333
7038.989,4.132,0.367,0.8513666666666666
7039.98,4.132,0.367,0.85145
7040.991,4.132,0.369,0.8515333333333334
7041.996,4.132,0.367,0.8516250000000001
7042.989,4.132,0.367,0.8517083333333333
7043.997,4.132,0.368,0.8517916666666666
7045.004,4.128,0.368,0.851875
7045.999,4.128,0.369,0.8519666666666666
7047.007,4.132,0.368,0.8520500000000001
7048.001,4.136,0.367,0.8521333333333333
7049.007,4.132,0.367,0.8522166666666666
7050.002,4.132,0.367,0.8523083333333333
7051.005,4.132,0.366,0.8523916666666667
7052.014,4.132,0.366,0.852475
7053.021,4.136,0.366,0.8525583333333334
7054.012,4.132,0.365,0.8526416666666666
7055.019,4.132,0.366,0.852725
7056.012,4.132,0.365,0.8528166666666667
7057.022,4.132,0.367,0.8529
7058.028,4.132,0.367,0.8529833333333333
7059.018,4.132,0.366,0.8530666666666666
7060.024,4.132,0.366,0.85315
7061.032,4.136,0.366,0.8532416666666667
7062.025,4.136,0.366,0.853325
7063.034,4.132,0.368,0.8534083333333332
7064.043,4.132,0.367,0.8534916666666668
7065.031,4.128,0.366,0.853575
7066.04,4.132,0.365,0.8536666666666668
7067.047,4.132,0.365,0.85375
7068.039,4.132,0.366,0.8538333333333332
7069.047,4.132,0.365,0.8539166666666667
7070.055,4.132,0.367,0.854
7071.045,4.132,0.368,0.8540916666666667
7072.053,4.136,0.367,0.854175
7073.062,4.128,0.366,0.8542583333333332
7074.055,4.132,0.368,0.8543416666666667
7075.065,4.128,0.364,0.854425
7076.056,4.136,0.365,0.8545083333333334
7077.065,4.132,0.366,0.8546
7078.056,4.132,0.367,0.8546833333333332
7079.063,4.128,0.368,0.8547666666666667
7080.073,4.132,0.367,0.85485
7081.064,4.128,0.365,0.8549333333333334
7082.073,4.132,0.365,0.8550249999999999
7083.079,4.136,0.366,0.8551083333333335
7084.081,4.132,0.366,0.8551916666666667
7085.072,4.132,0.365,0.8552749999999999
7086.08,4.132,0.367,0.8553583333333333
7087.088,4.136,0.365,0.8554499999999999
7088.079,4.132,0.366,0.8555333333333334
7089.086,4.132,0.366,0.8556166666666667
7090.094,4.132,0.365,0.8556999999999999
7091.087,4.132,0.366,0.8557833333333333
7092.09,4.132,0.365,0.8558666666666667
7093.086,4.132,0.366,0.8559583333333334
7094.09,4.132,0.365,0.8560416666666667
7095.105,4.132,0.363,0.8561249999999999
7096.106,4.132,0.363,0.8562083333333333
7097.109,4.132,0.365,0.8562916666666667
7098.099,4.132,0.363,0.8563750000000001
7099.108,4.132,0.366,0.8564583333333333
7100.115,4.136,0.364,0.8565499999999999
7101.105,4.128,0.361,0.8566333333333334
7102.113,4.132,0.366,0.8567166666666666
7103.107,4.136,0.367,0.8568000000000001
7104.115,4.132,0.364,0.8568833333333333
7105.12,4.132,0.363,0.8569666666666665
7106.127,4.136,0.366,0.85705
7107.118,4.132,0.364,0.8571416666666666
7108.121,4.128,0.363,0.857225
7109.129,4.132,0.362,0.8573083333333333
7110.122,4.132,0.363,0.8573916666666666
7111.131,4.132,0.363,0.857475
7112.124,4.132,0.363,0.8575583333333333
7113.128,4.132,0.364,0.8576416666666667
7114.136,4.128,0.363,0.857725
7115.142,4.136,0.363,0.8578083333333333
7116.136,4.136,0.362,0.8578916666666667
7117.144,4.136,0.362,0.8579833333333333
7118.138,4.132,0.363,0.8580666666666668
7119.148,4.128,0.363,0.85815
7120.153,4.136,0.363,0.8582333333333334
7121.145,4.136,0.362,0.8583166666666667
7122.148,4.136,0.364,0.8583999999999999
7123.156,4.136,0.365,0.8584833333333334
7124.159,4.132,0.363,0.8585666666666666
7125.151,4.128,0.363,0.8586500000000001
7126.16,4.132,0.364,0.8587416666666666
7127.167,4.132,0.363,0.858825
7128.157,4.132,0.363,0.8589083333333334
7129.168,4.132,0.362,0.8589916666666666
7130.173,4.132,0.365,0.859075
7131.163,4.136,0.364,0.8591583333333334
7132.173,4.132,0.363,0.8592416666666666
7133.179,4.136,0.362,0.859325
7134.172,4.136,0.363,0.8594083333333333
7135.178,4.132,0.361,0.8594916666666668
7136.184,4.132,0.359,0.859575
7137.175,4.132,0.361,0.8596666666666666
7138.181,4.132,0.363,0.85975
7139.188,4.132,0.364,0.8598333333333333
7140.18,4.136,0.362,0.8599166666666668
7141.189,4.136,0.363,0.86
7142.194,4.136,0.361,0.8600833333333333
7143.201,4.136,0.36,0.8601666666666667
7144.189,4.132,0.363,0.86025
7145.194,4.132,0.361,0.8603333333333334
7146.199,4.132,0.361,0.8604166666666667
7147.205,4.136,0.362,0.8604999999999999
7148.199,4.136,0.361,0.8605833333333334
7149.206,4.136,0.362,0.8606666666666666
7150.212,4.132,0.36,0.8607500000000001
7151.203,4.136,0.361,0.8608416666666666
7152.209,4.132,0.361,0.8609249999999999
7153.217,4.132,0.361,0.8610083333333334
7154.219,4.132,0.363,0.8610916666666666
7155.212,4.132,0.363,0.861175
7156.218,4.132,0.361,0.8612583333333333
7157.227,4.132,0.361,0.8613416666666666
7158.217,4.132,0.36,0.861425
7159.218,4.132,0.361,0.8615083333333333
7160.232,4.136,0.361,0.8615916666666668
7161.232,4.132,0.361,0.861675
7162.233,4.132,0.36,0.8617583333333333
7163.233,4.132,0.36,0.8618416666666667
7164.228,4.132,0.361,0.8619249999999999
7165.232,4.132,0.361,0.8620083333333334
7166.245,4.132,0.361,0.8620916666666667
7167.237,4.136,0.361,0.8621749999999999
7168.242,4.136,0.36,0.8622583333333333
7169.25,4.132,0.361,0.8623416666666667
7170.24,4.132,0.359,0.8624250000000001
7171.247,4.136,0.358,0.8625083333333333
7172.252,4.136,0.36,0.8625916666666665
7173.26,4.136,0.358,0.8626750000000001
7174.25,4.132,0.361,0.8627583333333333
7175.258,4.136,0.36,0.8628416666666667
7176.251,4.132,0.361,0.8629249999999999
7177.258,4.136,0.361,0.8630083333333333
7178.268,4.132,0.359,0.8630916666666667
7179.258,4.132,0.36,0.8631749999999999
7180.267,4.136,0.361,0.8632666666666667
7181.271,4.136,0.359,0.86335
7182.279,4.136,0.359,0.8634249999999999
7183.27,4.136,0.359,0.8635083333333333
7184.278,4.132,0.36,0.8635999999999999
7185.27,4.132,0.359,0.8636750000000001
7186.279,4.132,0.358,0.8637583333333333
7187.287,4.132,0.359,0.8638416666666666
7188.278,4.132,0.357,0.863925
7189.286,4.132,0.357,0.8640083333333333
7190.292,4.136,0.357,0.8640916666666667
7191.285,4.132,0.358,0.864175
7192.293,4.132,0.355,0.8642583333333332
7193.298,4.132,0.358,0.8643416666666667
7194.29,4.136,0.359,0.864425
7195.297,4.136,0.355,0.8645083333333334
7196.303,4.132,0.356,0.8645916666666666
7197.294,4.136,0.358,0.864675
7198.304,4.136,0.357,0.8647583333333334
7199.297,4.132,0.357,0.8648416666666666
7200.307,4.136,0.356,0.864925
7201.315,4.132,0.355,0.8650083333333334
7202.302,4.132,0.356,0.8650833333333332
7203.309,4.132,0.357,0.8651666666666668
7204.309,4.136,0.358,0.86525
7205.324,4.136,0.356,0.8653333333333334
7206.325,4.136,0.357,0.8654166666666666
7207.329,4.132,0.356,0.8654999999999999
7208.316,4.136,0.355,0.8655833333333334
7209.322,4.132,0.356,0.8656666666666666
7210.329,4.136,0.356,0.8657500000000001
7211.336,4.132,0.357,0.8658333333333333
7212.326,4.132,0.356,0.8659166666666666
7213.332,4.132,0.357,0.866
7214.342,4.136,0.357,0.8660749999999999
7215.33,4.136,0.356,0.8661583333333334
7216.341,4.136,0.358,0.8662416666666667
7217.349,4.132,0.357,0.8663249999999999
7218.34,4.136,0.357,0.8664083333333333
7219.345,4.136,0.355,0.8664916666666667
7220.338,4.136,0.355,0.8665750000000001
7221.348,4.132,0.357,0.8666583333333333
7222.356,4.136,0.356,0.8667416666666666
7223.35,4.136,0.354,0.8668250000000001
7224.348,4.132,0.355,0.8669083333333333
7225.362,4.136,0.356,0.8669833333333334
7226.365,4.132,0.356,0.8670666666666667
7227.365,4.136,0.354,0.86715
7228.366,4.136,0.354,0.8672333333333334
7229.358,4.136,0.355,0.8673166666666666
7230.368,4.132,0.356,0.8674000000000001
7231.373,4.136,0.353,0.8674833333333334
7232.366,4.136,0.355,0.8675666666666666
7233.375,4.136,0.356,0.86765
7234.381,4.132,0.354,0.867725
7235.374,4.136,0.355,0.8678083333333333
7236.382,4.136,0.355,0.8678916666666667
7237.375,4.136,0.355,0.8679749999999999
7238.379,4.136,0.354,0.8680583333333334
7239.387,4.136,0.355,0.8681416666666667
7240.38,4.136,0.356,0.8682249999999999
7241.387,4.132,0.353,0.8683000000000001
7242.395,4.136,0.354,0.8683833333333333
7243.399,4.136,0.354,0.8684666666666667
7244.393,4.136,0.354,0.86855
7245.401,4.14,0.356,0.8686333333333333
7246.395,4.136,0.352,0.8687166666666667
7247.401,4.136,0.355,0.8687999999999999
7248.409,4.136,0.355,0.8688750000000001
7249.401,4.136,0.354,0.8689583333333334
7250.407,4.136,0.354,0.8690416666666666
7251.416,4.136,0.353,0.869125
7252.411,4.132,0.352,0.8692083333333332
7253.417,4.136,0.355,0.8692916666666668
7254.408,4.14,0.354,0.869375
7255.418,4.136,0.354,0.86945
7256.423,4.136,0.352,0.8695333333333334
7257.413,4.136,0.354,0.8696166666666666
7258.422,4.136,0.355,0.8697
7259.425,4.132,0.352,0.8697833333333334
7260.434,4.136,0.353,0.8698666666666666
7261.423,4.136,0.353,0.8699416666666667
7262.432,4.136,0.352,0.8700249999999999
7263.438,4.132,0.352,0.8701083333333334
7264.426,4.136,0.354,0.8701916666666667
7265.432,4.136,0.354,0.8702749999999999
7266.436,4.14,0.351,0.8703500000000001
7267.446,4.136,0.351,0.8704333333333333
7268.437,4.136,0.354,0.8705166666666666
7269.448,4.132,0.353,0.8706
7270.453,4.132,0.352,0.8706833333333333
7271.446,4.136,0.352,0.8707583333333334
7272.454,4.14,0.353,0.8708416666666666
7273.445,4.136,0.352,0.870925
7274.455,4.132,0.352,0.8710083333333334
7275.459,4.132,0.351,0.8710916666666666
7276.451,4.136,0.351,0.8711666666666668
7277.459,4.136,0.353,0.87125
7278.468,4.136,0.351,0.8713333333333333
7279.46,4.136,0.352,0.8714166666666667
7280.471,4.136,0.352,0.8714999999999999
7281.462,4.136,0.351,0.8715750000000001
7282.469,4.136,0.351,0.8716583333333333
7283.477,4.136,0.351,0.8717416666666666
7284.467,4.136,0.351,0.8718250000000001
7285.475,4.136,0.351,0.8719
7286.481,4.136,0.352,0.8719833333333334
7287.475,4.136,0.351,0.8720666666666667
7288.482,4.136,0.349,0.87215
7289.485,4.136,0.353,0.8722333333333334
7290.488,4.136,0.351,0.8723083333333334
7291.488,4.136,0.352,0.8723916666666666
7292.486,4.136,0.351,0.872475
7293.486,4.136,0.352,0.8725583333333333
7294.488,4.132,0.349,0.8726333333333334
7295.495,4.132,0.349,0.8727166666666667
7296.502,4.136,0.351,0.8727999999999999
7297.496,4.132,0.352,0.8728833333333333
7298.503,4.132,0.349,0.8729583333333333
7299.511,4.136,0.351,0.8730416666666667
7300.503,4.136,0.351,0.873125
7301.512,4.132,0.352,0.8732083333333333
7302.503,4.132,0.35,0.8732833333333334
7303.507,4.136,0.35,0.8733666666666666
7304.514,4.136,0.35,0.8734500000000001
7305.523,4.136,0.349,0.8735333333333334
7306.516,4.132,0.35,0.8736083333333333
7307.523,4.136,0.35,0.8736916666666668
7308.516,4.136,0.349,0.873775
7309.526,4.136,0.35,0.8738583333333334
7310.531,4.136,0.349,0.8739333333333333
7311.522,4.136,0.35,0.8740166666666667
7312.531,4.136,0.348,0.8741000000000001
7313.526,4.136,0.348,0.874175
7314.535,4.136,0.347,0.8742583333333332
7315.529,4.136,0.35,0.8743416666666667
7316.538,4.136,0.35,0.874425
7317.532,4.136,0.352,0.8745
7318.54,4.136,0.349,0.8745833333333334
7319.548,4.136,0.35,0.8746666666666666
7320.539,4.136,0.348,0.87475
7321.548,4.14,0.349,0.874825
7322.556,4.136,0.35,0.8749083333333334
7323.559,4.136,0.351,0.8749916666666667
7324.55,4.136,0.35,0.8750666666666667
7325.553,4.136,0.348,0.8751500000000001
7326.562,4.136,0.348,0.8752333333333333
7327.554,4.132,0.349,0.8753166666666667
7328.563,4.136,0.35,0.8753916666666667
7329.571,4.136,0.347,0.8754749999999999
7330.559,4.136,0.348,0.8755583333333334
7331.57,4.136,0.35,0.8756333333333334
7332.578,4.14,0.348,0.8757166666666666
7333.572,4.136,0.348,0.8758
7334.58,4.14,0.347,0.875875
7335.573,4.132,0.35,0.8759583333333334
7336.582,4.14,0.348,0.8760416666666667
7337.575,4.136,0.349,0.8761249999999999
7338.584,4.136,0.349,0.8762000000000001
7339.591,4.14,0.348,0.8762833333333333
7340.581,4.136,0.349,0.8763666666666667
7341.587,4.136,0.348,0.8764416666666667
7342.582,4.136,0.348,0.8765249999999999
7343.591,4.136,0.347,0.8766083333333334
7344.6,4.14,0.347,0.8766833333333334
7345.59,4.136,0.347,0.8767666666666666
7346.595,4.136,0.347,0.87685
7347.601,4.136,0.347,0.876925
7348.604,4.136,0.348,0.8770083333333334
7349.598,4.136,0.345,0.8770916666666667
7350.604,4.136,0.346,0.8771666666666665
7351.612,4.14,0.348,0.8772500000000001
7352.603,4.14,0.346,0.8773333333333333
7353.611,4.14,0.346,0.8774083333333335
7354.619,4.136,0.345,0.8774916666666667
7355.616,4.14,0.345,0.8775666666666666
7356.622,4.14,0.347,0.87765
7357.621,4.132,0.345,0.8777333333333334
7358.626,4.14,0.346,0.8778083333333332
7359.622,4.136,0.345,0.8778916666666667
7360.629,4.14,0.345,0.877975
7361.62,4.14,0.346,0.8780500000000001
7362.627,4.136,0.345,0.8781333333333333
7363.632,4.136,0.346,0.8782083333333333
7364.625,4.136,0.346,0.8782916666666667
7365.636,4.136,0.344,0.878375
7366.641,4.136,0.344,0.8784500000000001
7367.634,4.14,0.345,0.8785333333333334
7368.645,4.132,0.346,0.8786083333333333
7369.636,4.136,0.344,0.8786916666666668
7370.643,4.136,0.347,0.878775
7371.649,4.14,0.344,0.8788499999999999
7372.642,4.14,0.345,0.8789333333333333
7373.646,4.136,0.344,0.8790083333333333
7374.654,4.14,0.345,0.8790916666666667
7375.659,4.14,0.345,0.879175
7376.651,4.136,0.344,0.87925
7377.659,4.14,0.346,0.8793333333333334
7378.663,4.136,0.343,0.8794083333333333
7379.669,4.136,0.344,0.8794916666666668
7380.662,4.136,0.345,0.879575
7381.67,4.136,0.345,0.8796499999999999
7382.673,4.136,0.345,0.8797333333333334
7383.664,4.14,0.345,0.8798083333333333
7384.665,4.136,0.344,0.8798916666666666
7385.67,4.136,0.343,0.8799666666666667
7386.676,4.14,0.343,0.88005
7387.681,4.14,0.345,0.8801333333333334
7388.674,4.136,0.343,0.8802083333333334
7389.679,4.136,0.343,0.8802916666666666
7390.682,4.136,0.343,0.8803666666666667
7391.687,4.136,0.342,0.88045
7392.695,4.14,0.342,0.8805250000000001
7393.691,4.136,0.344,0.8806083333333333
7394.7,4.136,0.342,0.8806833333333333
7395.693,4.14,0.343,0.8807666666666667
7396.701,4.14,0.344,0.8808416666666666
7397.693,4.136,0.344,0.880925
7398.702,4.136,0.341,0.8810083333333334
7399.697,4.136,0.342,0.8810833333333333
7400.707,4.14,0.343,0.8811666666666668
7401.714,4.136,0.343,0.8812416666666667
7402.707,4.136,0.343,0.8813249999999999
7403.717,4.14,0.342,0.8814000000000001
7404.709,4.136,0.343,0.8814833333333333
7405.715,4.136,0.341,0.8815583333333332
7406.71,4.136,0.342,0.8816416666666667
7407.716,4.136,0.341,0.8817166666666666
7408.724,4.136,0.341,0.8818
7409.717,4.136,0.342,0.881875
7410.725,4.136,0.342,0.8819583333333333
7411.733,4.14,0.344,0.8820333333333333
7412.725,4.136,0.343,0.8821166666666667
7413.736,4.136,0.342,0.8821916666666667
7414.725,4.136,0.343,0.882275
7415.734,4.136,0.341,0.88235
7416.741,4.14,0.341,0.8824333333333334
7417.747,4.14,0.341,0.8825083333333333
7418.739,4.136,0.342,0.8825916666666666
7419.746,4.14,0.342,0.882675
7420.746,4.136,0.34,0.8827499999999999
7421.746,4.14,0.342,0.8828250000000001
7422.747,4.14,0.339,0.8829083333333333
7423.748,4.14,0.342,0.8829833333333332
7424.749,4.136,0.341,0.8830666666666667
7425.756,4.14,0.34,0.8831416666666666
7426.748,4.136,0.342,0.8832249999999999
7427.757,4.14,0.342,0.8833000000000001
7428.764,4.14,0.342,0.8833833333333333
7429.757,4.136,0.339,0.8834583333333335
7430.761,4.136,0.341,0.8835416666666667
7431.769,4.136,0.339,0.8836166666666666
7432.775,4.14,0.341,0.8837
7433.764,4.14,0.34,0.883775
7434.77,4.14,0.341,0.8838583333333334
7435.776,4.14,0.341,0.8839333333333333
7436.779,4.14,0.342,0.8840166666666666
7437.784,4.136,0.34,0.8840916666666667
7438.779,4.14,0.34,0.884175
7439.782,4.136,0.339,0.8842499999999999
7440.791,4.136,0.338,0.8843333333333334
7441.784,4.14,0.34,0.8844083333333334
7442.789,4.14,0.338,0.8844833333333334
7443.796,4.136,0.338,0.8845666666666667
7444.785,4.136,0.339,0.8846416666666667
7445.794,4.136,0.34,0.8847250000000001
7446.8,4.136,0.339,0.8848
7447.793,4.14,0.339,0.8848833333333332
7448.802,4.136,0.338,0.8849583333333334
7449.807,4.136,0.338,0.8850333333333333
7450.801,4.14,0.338,0.8851166666666668
7451.809,4.14,0.336,0.8851916666666667
7452.816,4.136,0.34,0.8852749999999999
7453.804,4.14,0.341,0.8853500000000001
7454.814,4.14,0.338,0.885425
7455.813,4.14,0.338,0.8855083333333332
7456.818,4.14,0.338,0.8855833333333334
7457.825,4.14,0.338,0.8856666666666666
7458.814,4.14,0.338,0.8857416666666668
7459.822,4.14,0.339,0.885825
7460.826,4.14,0.336,0.8858999999999999
7461.833,4.136,0.339,0.8859750000000001
7462.823,4.14,0.339,0.8860583333333333
7463.828,4.14,0.336,0.8861333333333332
7464.831,4.136,0.337,0.8862083333333334
7465.833,4.14,0.338,0.8862916666666666
7466.84,4.136,0.335,0.8863666666666667
7467.843,4.14,0.337,0.88645
7468.833,4.14,0.338,0.8865249999999999
7469.837,4.136,0.337,0.8866
7470.839,4.14,0.339,0.8866833333333333
7471.84,4.14,0.337,0.8867583333333332
7472.846,4.136,0.338,0.8868416666666668
7473.85,4.14,0.338,0.8869166666666666
7474.856,4.14,0.337,0.8869916666666667
7475.852,4.14,0.336,0.8870750000000001
7476.858,4.136,0.337,0.88715
7477.865,4.14,0.338,0.8872333333333334
7478.854,4.14,0.335,0.8873083333333334
7479.861,4.136,0.335,0.8873833333333333
7480.867,4.14,0.336,0.8874666666666667
7481.861,4.14,0.337,0.8875416666666667
7482.869,4.144,0.336,0.8876166666666667
7483.876,4.14,0.336,0.8877
7484.869,4.14,0.335,0.887775
7485.879,4.136,0.336,0.88785
7486.872,4.14,0.337,0.8879333333333334
7487.875,4.136,0.334,0.8880083333333333
7488.884,4.14,0.336,0.8880833333333333
7489.888,4.136,0.335,0.8881666666666667
7490.891,4.14,0.334,0.8882416666666667
7491.894,4.14,0.335,0.8883166666666666
7492.892,4.136,0.334,0.8884
7493.896,4.14,0.336,0.888475
7494.898,4.14,0.334,0.88855
7495.893,4.14,0.334,0.8886333333333333
7496.901,4.14,0.334,0.8887083333333333
7497.905,4.14,0.334,0.8887833333333333
7498.898,4.14,0.335,0.8888583333333334
7499.908,4.14,0.333,0.8889416666666666
7500.901,4.14,0.337,0.8890166666666666
7501.909,4.14,0.333,0.8890916666666667
7502.902,4.14,0.333,0.8891749999999999
7503.905,4.14,0.335,0.8892499999999999
7504.906,4.136,0.335,0.889325
7505.914,4.136,0.333,0.8894083333333334
7506.918,4.14,0.335,0.8894833333333334
7507.923,4.136,0.334,0.8895583333333333
7508.914,4.14,0.334,0.8896333333333333
7509.919,4.14,0.334,0.8897166666666667
7510.922,4.14,0.334,0.8897916666666666
7511.932,4.14,0.332,0.8898666666666666
7512.924,4.144,0.332,0.88995
7513.932,4.144,0.332,0.890025
7514.927,4.14,0.333,0.8900999999999999
7515.934,4.14,0.333,0.890175
7516.93,4.144,0.332,0.8902583333333333
7517.938,4.14,0.333,0.8903333333333334
7518.945,4.14,0.332,0.8904083333333334
7519.936,4.136,0.333,0.8904833333333333
7520.944,4.14,0.332,0.8905666666666667
7521.951,4.14,0.333,0.8906416666666667
7522.941,4.136,0.333,0.8907166666666666
7523.95,4.14,0.333,0.8907916666666668
7524.955,4.14,0.332,0.890875
7525.947,4.14,0.333,0.8909500000000001
7526.957,4.14,0.331,0.8910250000000001
7527.964,4.14,0.332,0.8910999999999999
7528.953,4.14,0.331,0.8911833333333334
7529.965,4.144,0.331,0.8912583333333334
7530.957,4.14,0.331,0.8913333333333333
7531.962,4.14,0.331,0.8914083333333334
7532.973,4.144,0.331,0.8914833333333333
7533.964,4.14,0.332,0.8915666666666667
7534.969,4.14,0.332,0.8916416666666667
7535.977,4.14,0.331,0.8917166666666666
7536.971,4.14,0.331,0.8917916666666668
7537.976,4.14,0.33,0.8918666666666667
7538.984,4.144,0.331,0.8919499999999999
7539.977,4.14,0.331,0.8920250000000001
7540.982,4.144,0.331,0.8921
7541.988,4.144,0.332,0.8921749999999999
7542.995,4.14,0.33,0.89225
7543.987,4.144,0.332,0.8923333333333333
7544.993,4.144,0.33,0.8924083333333335
7545.986,4.14,0.329,0.8924833333333333
7546.994,4.144,0.33,0.8925583333333332
7548.001,4.14,0.332,0.8926333333333334
7548.995,4.14,0.33,0.8927166666666667
7550.001,4.136,0.329,0.8927916666666665
7550.996,4.14,0.328,0.8928666666666667
7552.0,4.14,0.33,0.8929416666666666
7553.012,4.14,0.33,0.8930166666666666
7554.002,4.14,0.331,0.8931
7555.011,4.14,0.329,0.8931749999999999
7556.02,4.14,0.327,0.8932500000000001
7557.008,4.14,0.329,0.893325
7558.015,4.144,0.329,0.8934
7559.014,4.14,0.329,0.893475
7560.019,4.144,0.328,0.89355
7561.019,4.144,0.329,0.8936333333333333
7562.021,4.14,0.329,0.8937083333333333
7563.02,4.144,0.33,0.8937833333333333
7564.023,4.14,0.328,0.8938583333333334
7565.032,4.144,0.33,0.8939333333333334
7566.037,4.14,0.328,0.8940083333333333
7567.03,4.14,0.33,0.8940916666666667
7568.039,4.14,0.329,0.8941666666666667
7569.046,4.14,0.327,0.8942416666666666
7570.036,4.14,0.327,0.8943166666666668
7571.038,4.14,0.329,0.8943916666666667
7572.047,4.14,0.326,0.8944666666666666
7573.051,4.14,0.327,0.8945416666666667
7574.046,4.14,0.327,0.8946166666666666
7575.051,4.14,0.326,0.8946916666666668
7576.059,4.144,0.325,0.8947666666666667
7577.053,4.14,0.325,0.8948416666666666
7578.06,4.14,0.328,0.8949250000000001
7579.051,4.144,0.326,0.895
7580.056,4.14,0.326,0.895075
7581.066,4.14,0.327,0.89515
7582.071,4.14,0.327,0.8952249999999999
7583.066,4.14,0.327,0.8952999999999999
7584.072,4.144,0.327,0.895375
7585.079,4.14,0.327,0.89545
7586.072,4.14,0.328,0.8955250000000001
7587.079,4.14,0.326,0.8956000000000001
7588.07,4.148,0.327,0.8956833333333333
7589.076,4.14,0.326,0.8957583333333334
7590.086,4.144,0.325,0.8958333333333334
7591.077,4.14,0.325,0.8959083333333333
7592.086,4.136,0.326,0.8959833333333334
7593.094,4.14,0.325,0.8960583333333333
7594.084,4.14,0.325,0.8961333333333332
7595.093,4.14,0.326,0.8962083333333334
7596.098,4.14,0.328,0.8962833333333333
7597.092,4.144,0.326,0.8963583333333335
7598.097,4.144,0.327,0.8964333333333333
7599.106,4.144,0.328,0.8965083333333332
7600.096,4.14,0.325,0.8965833333333334
7601.104,4.14,0.326,0.8966666666666666
7602.097,4.14,0.326,0.8967416666666665
7603.107,4.144,0.325,0.8968166666666667
7604.114,4.144,0.327,0.8968916666666666
7605.104,4.14,0.325,0.8969666666666666
7606.112,4.14,0.326,0.8970416666666667
7607.119,4.144,0.327,0.8971166666666667
7608.112,4.144,0.327,0.8971916666666667
7609.118,4.144,0.326,0.8972666666666667
7610.124,4.14,0.325,0.8973416666666666
7611.117,4.14,0.324,0.8974166666666668
7612.123,4.14,0.326,0.8974916666666667
7613.132,4.144,0.325,0.8975666666666666
7614.122,4.144,0.325,0.8976416666666668
7615.131,4.144,0.325,0.8977166666666666
7616.138,4.14,0.323,0.8977916666666665
7617.131,4.144,0.324,0.8978666666666667
7618.138,4.144,0.323,0.8979416666666666
7619.144,4.144,0.325,0.8980166666666666
7620.135,4.14,0.323,0.8980916666666667
7621.142,4.14,0.324,0.8981666666666667
7622.152,4.14,0.324,0.8982416666666667
7623.143,4.144,0.323,0.8983166666666667
7624.148,4.14,0.323,0.8983916666666666
7625.146,4.144,0.321,0.8984666666666667
7626.146,4.144,0.322,0.8985416666666667
7627.147,4.14,0.323,0.8986166666666666
7628.162,4.14,0.323,0.8986916666666667
7629.163,4.144,0.321,0.8987666666666666
7630.164,4.144,0.322,0.8988416666666665
7631.168,4.14,0.324,0.8989166666666667
7632.172,4.14,0.324,0.8989916666666666
7633.174,4.14,0.324,0.8990666666666668
7634.169,4.144,0.323,0.8991416666666667
7635.172,4.144,0.323,0.8992166666666667
7636.18,4.144,0.323,0.8992916666666667
7637.173,4.144,0.324,0.8993666666666666
7638.184,4.14,0.321,0.8994416666666666
7639.171,4.144,0.324,0.8995166666666667
7640.179,4.14,0.321,0.8995916666666667
7641.186,4.14,0.322,0.8996666666666666
7642.191,4.14,0.323,0.8997416666666667
7643.183,4.14,0.322,0.8998166666666666
7644.19,4.144,0.322,0.8998916666666665
7645.196,4.144,0.32,0.8999666666666667
7646.187,4.144,0.322,0.9000416666666666
7647.197,4.144,0.323,0.9001166666666668
7648.202,4.144,0.322,0.9001916666666667
7649.192,4.14,0.322,0.9002666666666667
7650.199,4.144,0.319,0.9003416666666667
7651.204,4.144,0.321,0.9004166666666666
7652.199,4.14,0.322,0.9004833333333333
7653.203,4.144,0.32,0.9005583333333333
7654.213,4.144,0.319,0.9006333333333333
7655.215,4.144,0.321,0.9007083333333332
7656.208,4.144,0.319,0.9007833333333334
7657.217,4.14,0.321,0.9008583333333333
7658.224,4.144,0.32,0.9009333333333333
7659.219,4.14,0.318,0.9010083333333334
7660.213,4.148,0.32,0.9010833333333333
7661.22,4.14,0.32,0.9011583333333334
7662.226,4.144,0.317,0.901225
7663.233,4.144,0.319,0.9013
7664.222,4.144,0.319,0.901375
7665.232,4.148,0.319,0.90145
7666.224,4.144,0.32,0.9015249999999999
7667.232,4.144,0.319,0.9016000000000001
7668.243,4.14,0.318,0.901675
7669.231,4.144,0.318,0.9017499999999999
7670.242,4.14,0.318,0.9018166666666667
7671.246,4.14,0.32,0.9018916666666666
7672.238,4.144,0.318,0.9019666666666666
7673.245,4.144,0.319,0.9020416666666667
7674.253,4.14,0.318,0.9021166666666667
7675.244,4.144,0.317,0.9021916666666667
7676.252,4.144,0.316,0.9022666666666667
7677.258,4.144,0.318,0.9023333333333333
7678.263,4.144,0.317,0.9024083333333334
7679.257,4.14,0.32,0.9024833333333333
7680.261,4.144,0.317,0.9025583333333332
7681.269,4.144,0.317,0.9026333333333334
7682.262,4.144,0.316,0.9027083333333333
7683.266,4.144,0.316,0.902775
7684.274,4.144,0.317,0.90285
7685.263,4.144,0.317,0.902925
7686.273,4.144,0.316,0.9029999999999999
7687.276,4.144,0.316,0.9030750000000001
7688.27,4.144,0.318,0.9031416666666666
7689.276,4.14,0.316,0.9032166666666666
7690.282,4.14,0.317,0.9032916666666667
7691.289,4.148,0.317,0.9033666666666667
7692.277,4.144,0.318,0.9034416666666668
7693.288,4.144,0.315,0.9035166666666666
7694.288,4.14,0.315,0.9035833333333333
7695.291,4.144,0.316,0.9036583333333335
7696.289,4.144,0.315,0.9037333333333334
7697.29,4.144,0.318,0.9038083333333333
7698.29,4.144,0.317,0.9038833333333334
7699.294,4.144,0.317,0.90395
7700.303,4.14,0.317,0.904025
7701.307,4.144,0.317,0.9041
7702.296,4.144,0.317,0.904175
7703.301,4.14,0.317,0.9042499999999999
7704.311,4.14,0.315,0.9043166666666668
7705.316,4.144,0.315,0.9043916666666667
7706.31,4.144,0.315,0.9044666666666665
7707.32,4.144,0.315,0.9045416666666667
7708.308,4.144,0.317,0.9046166666666666
7709.313,4.14,0.315,0.9046833333333333
7710.32,4.144,0.315,0.9047583333333333
7711.33,4.144,0.315,0.9048333333333333
7712.332,4.148,0.313,0.9049083333333334
7713.322,4.14,0.314,0.904975
7714.328,4.148,0.313,0.9050499999999999
7715.337,4.144,0.314,0.9051250000000001
7716.331,4.144,0.315,0.9052
7717.34,4.144,0.315,0.9052666666666667
7718.33,4.144,0.313,0.9053416666666667
7719.336,4.144,0.315,0.9054166666666666
7720.345,4.144,0.313,0.9054833333333333
7721.334,4.144,0.313,0.9055583333333334
7722.341,4.144,0.316,0.9056333333333333
7723.348,4.144,0.314,0.9057083333333332
7724.354,4.144,0.315,0.9057833333333334
7725.344,4.144,0.316,0.9058499999999999
7726.349,4.144,0.312,0.9059249999999999
7727.355,4.144,0.313,0.906
7728.348,4.144,0.313,0.9060666666666667
7729.356,4.148,0.315,0.9061416666666666
7730.363,4.144,0.315,0.9062166666666667
7731.355,4.144,0.313,0.9062916666666666
7732.364,4.144,0.313,0.9063583333333334
7733.369,4.144,0.313,0.9064333333333333
7734.375,4.144,0.313,0.9065083333333332
7735.365,4.144,0.314,0.9065833333333334
7736.373,4.144,0.313,0.9066500000000001
7737.377,4.148,0.312,0.9067249999999999
7738.384,4.144,0.313,0.9068
7739.378,4.144,0.314,0.9068666666666667
7740.385,4.148,0.312,0.9069416666666666
7741.377,4.148,0.312,0.9070166666666667
7742.382,4.144,0.312,0.9070833333333334
7743.39,4.144,0.314,0.9071583333333333
7744.392,4.144,0.312,0.9072333333333333
7745.397,4.144,0.312,0.9073083333333333
7746.398,4.144,0.312,0.9073749999999999
7747.398,4.144,0.311,0.9074500000000001
7748.401,4.144,0.312,0.907525
7749.39,4.14,0.311,0.9075916666666666
7750.407,4.144,0.312,0.9076666666666667
7751.409,4.14,0.311,0.9077416666666667
7752.41,4.144,0.31,0.9078083333333332
7753.413,4.144,0.31,0.9078833333333334
7754.401,4.144,0.311,0.9079499999999999
7755.404,4.144,0.311,0.9080250000000001
7756.407,4.148,0.313,0.9081
7757.408,4.144,0.312,0.9081666666666667
7758.411,4.148,0.311,0.9082416666666667
7759.414,4.148,0.311,0.9083166666666667
7760.416,4.148,0.31,0.9083833333333333
7761.416,4.144,0.31,0.9084583333333334
7762.429,4.144,0.308,0.9085333333333333
7763.428,4.144,0.31,0.9086
7764.428,4.148,0.309,0.9086750000000001
7765.429,4.144,0.31,0.9087416666666667
7766.437,4.148,0.31,0.9088166666666666
7767.439,4.144,0.308,0.9088916666666668
7768.439,4.148,0.309,0.9089583333333333
7769.443,4.144,0.308,0.9090333333333332
7770.445,4.148,0.309,0.9091
7771.448,4.148,0.308,0.909175
7772.438,4.144,0.309,0.9092499999999999
7773.443,4.144,0.308,0.9093166666666668
7774.442,4.144,0.309,0.9093916666666666
7775.445,4.144,0.307,0.9094583333333333
7776.446,4.148,0.307,0.9095333333333334
7777.448,4.144,0.307,0.9096
7778.454,4.148,0.308,0.9096749999999999
7779.454,4.144,0.307,0.9097500000000001
7780.461,4.144,0.308,0.9098166666666666
7781.458,4.148,0.308,0.9098916666666665
7782.467,4.148,0.306,0.9099583333333334
7783.459,4.144,0.306,0.9100333333333332
7784.464,4.148,0.308,0.9100999999999999
7785.472,4.148,0.308,0.9101750000000001
7786.476,4.148,0.308,0.9102416666666666
7787.476,4.148,0.309,0.9103166666666668
7788.483,4.144,0.308,0.9103916666666667
7789.485,4.148,0.307,0.9104583333333333
7790.485,4.148,0.308,0.9105333333333334
7791.478,4.144,0.308,0.9106000000000001
7792.481,4.144,0.307,0.9106749999999999
7793.483,4.144,0.307,0.9107416666666668
7794.485,4.144,0.306,0.9108166666666667
7795.488,4.148,0.307,0.9108833333333333
7796.493,4.148,0.309,0.9109583333333334
7797.498,4.144,0.308,0.9110333333333334
7798.49,4.148,0.306,0.9110999999999999
7799.498,4.144,0.306,0.9111750000000001
7800.504,4.148,0.307,0.9112416666666667
7801.499,4.148,0.306,0.9113166666666666
7802.507,4.144,0.307,0.9113833333333334
7803.512,4.144,0.306,0.9114583333333334
7804.511,4.148,0.307,0.9115249999999999
7805.509,4.148,0.307,0.9116000000000001
7806.506,4.148,0.307,0.9116666666666666
7807.511,4.148,0.306,0.9117416666666666
7808.516,4.148,0.305,0.9118083333333334
7809.517,4.144,0.307,0.9118833333333334
7810.521,4.144,0.305,0.9119499999999999
7811.526,4.144,0.304,0.9120250000000001
7812.515,4.144,0.304,0.9120916666666666
7813.529,4.144,0.305,0.9121666666666666
7814.531,4.148,0.305,0.9122333333333333
7815.537,4.144,0.307,0.9123083333333333
7816.526,4.148,0.305,0.9123749999999999
7817.532,4.144,0.303,0.9124500000000001
7818.536,4.148,0.305,0.9125166666666666
7819.541,4.148,0.305,0.9125916666666666
7820.545,4.144,0.305,0.9126583333333333
7821.548,4.148,0.304,0.9127333333333333
7822.55,4.144,0.304,0.9128
7823.538,4.144,0.305,0.912875
7824.54,4.148,0.304,0.9129416666666667
7825.556,4.148,0.305,0.9130083333333332
7826.558,4.144,0.303,0.9130833333333334
7827.56,4.148,0.304,0.91315
7828.557,4.144,0.305,0.913225
7829.558,4.148,0.304,0.9132916666666667
7830.56,4.148,0.302,0.9133666666666667
7831.563,4.148,0.305,0.9134333333333332
7832.566,4.148,0.303,0.9135083333333334
7833.57,4.14,0.303,0.9135749999999999
7834.571,4.148,0.303,0.9136500000000001
7835.573,4.148,0.303,0.9137166666666667
7836.565,4.148,0.304,0.9137833333333333
7837.574,4.144,0.304,0.9138583333333334
7838.577,4.148,0.305,0.913925
7839.571,4.148,0.303,0.9139999999999999
7840.584,4.148,0.304,0.9140666666666668
7841.577,4.144,0.306,0.9141416666666667
7842.584,4.144,0.3,0.9142083333333333
7843.588,4.148,0.301,0.9142750000000001
7844.583,4.148,0.305,0.91435
7845.593,4.148,0.301,0.9144166666666667
7846.584,4.148,0.301,0.9144916666666667
7847.595,4.144,0.302,0.9145583333333334
7848.599,4.148,0.302,0.9146333333333333
7849.595,4.148,0.301,0.9147000000000001
7850.604,4.148,0.302,0.9147666666666667
7851.595,4.148,0.301,0.9148416666666667
7852.603,4.144,0.3,0.9149083333333334
7853.612,4.144,0.303,0.914975
7854.614,4.148,0.301,0.9150499999999999
7855.604,4.144,0.301,0.9151166666666668
7856.615,4.148,0.301,0.9151916666666667
7857.619,4.148,0.302,0.9152583333333333
7858.613,4.144,0.301,0.915325
7859.616,4.148,0.302,0.9154
7860.624,4.148,0.301,0.9154666666666667
7861.618,4.144,0.298,0.9155333333333334
7862.623,4.148,0.301,0.9156083333333334
7863.628,4.152,0.3,0.9156749999999999
7864.629,4.148,0.3,0.9157500000000001
7865.631,4.148,0.3,0.9158166666666667
7866.635,4.152,0.299,0.9158833333333333
7867.625,4.148,0.3,0.9159583333333334
7868.632,4.152,0.3,0.916025
7869.641,4.148,0.298,0.9160916666666666
7870.645,4.148,0.299,0.9161666666666668
7871.635,4.144,0.3,0.9162333333333333
7872.641,4.148,0.299,0.9163
7873.648,4.148,0.299,0.916375
7874.641,4.148,0.297,0.9164416666666667
7875.65,4.148,0.3,0.9165083333333333
7876.658,4.148,0.298,0.916575
7877.651,4.148,0.298,0.91665
7878.659,4.148,0.3,0.9167166666666666
7879.651,4.144,0.297,0.9167833333333334
7880.658,4.148,0.296,0.9168583333333333
7881.668,4.144,0.298,0.916925
7882.668,4.148,0.295,0.9169916666666668
7883.662,4.148,0.297,0.9170583333333333
7884.663,4.148,0.296,0.9171333333333332
7885.672,4.148,0.297,0.9172000000000001
7886.663,4.152,0.296,0.9172666666666667
7887.669,4.144,0.296,0.9173333333333333
7888.681,4.148,0.294,0.9174000000000001
7889.669,4.148,0.297,0.917475
7890.679,4.148,0.296,0.9175416666666666
7891.683,4.144,0.294,0.9176083333333335
7892.682,4.148,0.296,0.917675
7893.68,4.148,0.296,0.91775
7894.68,4.148,0.296,0.9178166666666667
7895.681,4.144,0.296,0.9178833333333334
7896.685,4.148,0.295,0.9179499999999999
7897.695,4.148,0.294,0.9180250000000001
7898.697,4.144,0.297,0.9180916666666668
7899.691,4.152,0.294,0.9181583333333333
7900.691,4.148,0.293,0.918225
7901.706,4.148,0.296,0.9182916666666667
7902.695,4.148,0.295,0.9183666666666667
7903.701,4.148,0.296,0.9184333333333332
7904.71,4.148,0.294,0.9185
7905.701,4.148,0.294,0.9185666666666666
7906.709,4.148,0.292,0.9186333333333333
7907.716,4.148,0.294,0.9187083333333333
7908.722,4.148,0.295,0.918775
7909.716,4.148,0.292,0.9188416666666666
7910.72,4.148,0.295,0.9189083333333333
7911.726,4.148,0.294,0.918975
7912.717,4.148,0.292,0.9190416666666666
7913.727,4.148,0.295,0.9191166666666667
7914.719,4.148,0.296,0.9191833333333334
7915.731,4.148,0.295,0.9192499999999999
7916.723,4.148,0.295,0.9193166666666667
7917.73,4.148,0.295,0.9193833333333333
7918.739,4.148,0.292,0.9194583333333333
7919.728,4.148,0.294,0.919525
7920.737,4.148,0.295,0.9195916666666667
7921.745,4.148,0.294,0.9196583333333332
7922.739,4.148,0.293,0.919725
7923.744,4.148,0.292,0.9197916666666667
7924.746,4.148,0.294,0.9198666666666666
7925.75,4.148,0.293,0.9199333333333334
7926.744,4.148,0.293,0.92
7927.752,4.152,0.292,0.9200666666666666
7928.745,4.148,0.293,0.9201333333333334
7929.755,4.148,0.292,0.9202
7930.758,4.148,0.289,0.9202666666666666
7931.767,4.148,0.291,0.9203333333333334
7932.756,4.148,0.29,0.9204083333333334
7933.764,4.152,0.291,0.9204749999999999
7934.772,4.152,0.289,0.9205416666666667
7935.763,4.148,0.291,0.9206083333333334
7936.767,4.148,0.29,0.9206749999999999
7937.775,4.148,0.29,0.9207416666666668
7938.77,4.148,0.291,0.9208083333333333
7939.775,4.152,0.291,0.920875
7940.78,4.152,0.289,0.9209416666666668
7941.773,4.148,0.289,0.9210083333333333
7942.78,4.152,0.288,0.921075
7943.786,4.148,0.288,0.9211416666666665
7944.788,4.148,0.293,0.9212083333333334
7945.79,4.152,0.292,0.9212833333333333
7946.791,4.148,0.292,0.9213499999999999
7947.794,4.148,0.289,0.9214166666666667
7948.797,4.148,0.292,0.9214833333333333
7949.802,4.152,0.289,0.9215499999999999
7950.793,4.148,0.29,0.9216166666666668
7951.795,4.148,0.29,0.9216833333333333
7952.797,4.148,0.289,0.92175
7953.801,4.148,0.29,0.9218166666666667
7954.81,4.148,0.288,0.9218833333333333
7955.815,4.148,0.29,0.9219499999999999
7956.808,4.148,0.289,0.9220166666666667
7957.817,4.148,0.289,0.9220833333333334
7958.808,4.152,0.289,0.9221499999999999
7959.811,4.148,0.289,0.9222166666666667
7960.813,4.148,0.288,0.9222833333333333
7961.815,4.148,0.288,0.9223499999999999
7962.818,4.148,0.287,0.9224166666666668
7963.82,4.148,0.285,0.9224833333333333
7964.822,4.152,0.29,0.92255
7965.83,4.152,0.288,0.922625
7966.824,4.152,0.288,0.9226916666666667
7967.83,4.152,0.288,0.9227583333333332
7968.838,4.148,0.287,0.9228250000000001
7969.827,4.152,0.288,0.9228916666666667
7970.832,4.152,0.289,0.9229583333333333
7971.84,4.152,0.289,0.9230250000000001
7972.848,4.152,0.289,0.9230916666666666
7973.839,4.152,0.289,0.9231583333333333
7974.844,4.148,0.287,0.923225
7975.854,4.148,0.288,0.9232916666666667
7976.855,4.148,0.286,0.9233583333333333
7977.846,4.148,0.288,0.9234249999999999
7978.852,4.152,0.288,0.9234916666666667
7979.86,4.152,0.287,0.9235583333333334
7980.864,4.148,0.288,0.9236249999999999
7981.858,4.148,0.286,0.9236916666666667
7982.868,4.148,0.287,0.9237583333333333
7983.867,4.148,0.285,0.9238249999999999
7984.868,4.148,0.286,0.9238833333333334
7985.869,4.152,0.286,0.92395
7986.872,4.148,0.288,0.9240166666666666
7987.871,4.148,0.285,0.9240833333333334
7988.87,4.152,0.286,0.92415
7989.873,4.148,0.286,0.9242166666666666
7990.874,4.152,0.286,0.9242833333333335
7991.877,4.148,0.286,0.92435
7992.88,4.152,0.286,0.9244166666666667
7993.883,4.148,0.286,0.9244833333333334
7994.885,4.148,0.286,0.92455
7995.887,4.148,0.284,0.9246166666666666
7996.889,4.152,0.285,0.9246833333333332
7997.893,4.152,0.287,0.9247500000000001
7998.898,4.152,0.285,0.9248166666666666
7999.903,4.148,0.284,0.9248833333333333
8000.895,4.148,0.286,0.92495
8001.904,4.152,0.285,0.9250166666666666
8002.897,4.152,0.283,0.9250833333333333
8003.905,4.152,0.286,0.9251416666666668
8004.912,4.148,0.284,0.9252083333333333
8005.901,4.152,0.285,0.925275
8006.904,4.152,0.281,0.9253416666666667
8007.911,4.152,0.285,0.9254083333333334
8008.917,4.152,0.285,0.9254749999999999
8009.909,4.152,0.285,0.9255416666666667
8010.913,4.152,0.284,0.9256083333333334
8011.922,4.148,0.285,0.9256749999999999
8012.927,4.152,0.282,0.9257416666666668
8013.929,4.152,0.284,0.9258083333333333
8014.923,4.152,0.283,0.9258666666666666
8015.932,4.148,0.285,0.9259333333333333
8016.925,4.152,0.283,0.926
8017.933,4.148,0.285,0.9260666666666666
8018.94,4.152,0.284,0.9261333333333333
8019.93,4.148,0.285,0.9262
8020.937,4.152,0.283,0.9262666666666667
8021.942,4.152,0.285,0.9263333333333332
8022.947,4.152,0.282,0.9264
8023.942,4.148,0.281,0.9264583333333334
8024.948,4.152,0.285,0.9265249999999999
8025.941,4.148,0.283,0.9265916666666667
8026.949,4.152,0.282,0.9266583333333334
8027.957,4.152,0.282,0.9267249999999999
8028.947,4.152,0.282,0.9267916666666668
8029.947,4.152,0.282,0.9268583333333333
8030.965,4.148,0.284,0.926925
8031.961,4.152,0.283,0.9269833333333334
8032.962,4.152,0.282,0.92705
8033.959,4.152,0.282,0.9271166666666666
8034.964,4.156,0.283,0.9271833333333332
8035.971,4.152,0.281,0.92725
8036.977,4.152,0.282,0.9273166666666667
8037.966,4.152,0.282,0.9273833333333332
8038.972,4.152,0.283,0.9274416666666667
8039.98,4.152,0.281,0.9275083333333334
8040.984,4.156,0.283,0.9275749999999999
8041.975,4.152,0.282,0.9276416666666667
8042.984,4.152,0.281,0.9277083333333334
8043.977,4.152,0.281,0.9277749999999999
8044.981,4.156,0.281,0.9278333333333334
8045.988,4.152,0.282,0.9279000000000001
8046.981,4.148,0.279,0.9279666666666666
8047.988,4.152,0.28,0.9280333333333334
8048.995,4.152,0.278,0.9281
8050.002,4.152,0.281,0.9281583333333333
8050.991,4.152,0.281,0.9282249999999999
8051.998,4.152,0.281,0.9282916666666667
8053.002,4.152,0.28,0.9283583333333333
8054.009,4.152,0.279,0.928425
8054.998,4.152,0.28,0.9284833333333334
8056.014,4.152,0.281,0.92855
8057.015,4.152,0.278,0.9286166666666666
8058.019,4.152,0.28,0.9286833333333334
8059.006,4.152,0.278,0.9287416666666667
8060.01,4.152,0.279,0.9288083333333332
8061.01,4.152,0.28,0.9288750000000001
8062.011,4.156,0.279,0.9289416666666667
8063.016,4.152,0.28,0.9290083333333333
8064.019,4.152,0.279,0.9290666666666667
8065.022,4.152,0.278,0.9291333333333334
8066.026,4.156,0.277,0.9291999999999999
8067.025,4.152,0.276,0.9292583333333333
8068.025,4.152,0.278,0.9293250000000001
8069.026,4.152,0.278,0.9293916666666666
8070.029,4.152,0.278,0.9294583333333333
8071.034,4.152,0.277,0.9295166666666668
8072.041,4.148,0.277,0.9295833333333333
8073.043,4.152,0.277,0.92965
8074.047,4.152,0.278,0.9297166666666667
8075.051,4.152,0.276,0.929775
8076.053,4.152,0.278,0.9298416666666666
8077.041,4.152,0.277,0.9299083333333334
8078.043,4.152,0.277,0.9299666666666667
8079.059,4.152,0.276,0.9300333333333333
8080.061,4.152,0.278,0.9300999999999999
8081.064,4.152,0.276,0.9301583333333334
8082.065,4.156,0.278,0.930225
8083.055,4.156,0.276,0.9302916666666666
8084.066,4.152,0.277,0.9303583333333334
8085.072,4.152,0.277,0.9304166666666667
8086.061,4.156,0.277,0.9304833333333332
8087.067,4.152,0.277,0.9305500000000001
8088.074,4.152,0.275,0.9306083333333334
8089.079,4.152,0.277,0.9306749999999999
8090.072,4.152,0.277,0.9307416666666668
8091.081,4.148,0.276,0.9308000000000001
8092.074,4.152,0.277,0.9308666666666666
8093.081,4.152,0.278,0.9309333333333333
8094.075,4.148,0.277,0.931
8095.083,4.152,0.276,0.9310583333333333
8096.088,4.152,0.276,0.9311249999999999
8097.082,4.152,0.275,0.9311916666666668
8098.084,4.152,0.276,0.93125
8099.084,4.156,0.274,0.9313166666666666
8100.09,4.152,0.273,0.9313833333333335
8101.09,4.152,0.274,0.9314416666666667
8102.092,4.156,0.274,0.9315083333333333
8103.094,4.156,0.275,0.9315666666666668
8104.098,4.152,0.273,0.9316333333333333
8105.11,4.152,0.273,0.9317
8106.112,4.152,0.274,0.9317583333333332
8107.114,4.152,0.274,0.931825
8108.115,4.156,0.272,0.9318833333333333
8109.119,4.156,0.274,0.93195
8110.121,4.156,0.275,0.9320166666666667
8111.108,4.156,0.273,0.932075
8112.124,4.152,0.274,0.9321416666666666
8113.113,4.156,0.275,0.9322083333333334
8114.116,4.156,0.274,0.9322666666666667
8115.118,4.148,0.273,0.9323333333333333
8116.119,4.152,0.272,0.9323916666666666
8117.122,4.152,0.272,0.9324583333333334
8118.125,4.156,0.275,0.9325249999999999
8119.125,4.152,0.274,0.9325833333333332
8120.126,4.152,0.273,0.9326500000000001
8121.128,4.152,0.273,0.9327083333333334
8122.13,4.152,0.271,0.9327749999999999
8123.134,4.152,0.271,0.9328416666666667
8124.138,4.152,0.271,0.9329000000000001
8125.14,4.156,0.271,0.9329666666666666
8126.151,4.152,0.272,0.9330250000000001
8127.156,4.152,0.27,0.9330916666666667
8128.157,4.156,0.273,0.9331499999999999
8129.159,4.152,0.271,0.9332166666666666
8130.147,4.152,0.271,0.9332750000000001
8131.149,4.152,0.273,0.9333416666666666
8132.155,4.156,0.272,0.9334083333333333
8133.158,4.156,0.27,0.9334666666666668
8134.163,4.152,0.272,0.9335333333333333
8135.168,4.16,0.269,0.9335916666666666
8136.172,4.156,0.271,0.9336583333333334
8137.163,4.156,0.272,0.9337166666666668
8138.166,4.156,0.272,0.9337833333333333
8139.174,4.156,0.272,0.9338416666666666
8140.177,4.156,0.271,0.9339083333333333
8141.17,4.152,0.272,0.933975
8142.174,4.156,0.271,0.9340333333333333
8143.18,4.152,0.269,0.9341
8144.189,4.156,0.269,0.9341583333333333
8145.181,4.156,0.269,0.934225
8146.189,4.156,0.271,0.9342833333333335
8147.182,4.152,0.268,0.93435
8148.19,4.152,0.27,0.9344083333333333
8149.193,4.156,0.269,0.934475
8150.198,4.156,0.269,0.9345333333333333
8151.194,4.156,0.27,0.9346
8152.193,4.156,0.268,0.9346583333333333
8153.204,4.152,0.269,0.9347166666666668
8154.194,4.156,0.268,0.9347833333333333
8155.203,4.152,0.267,0.9348416666666666
8156.21,4.152,0.267,0.9349083333333335
8157.201,4.156,0.269,0.9349666666666667
8158.209,4.156,0.27,0.9350333333333333
8159.213,4.152,0.269,0.9350916666666665
8160.221,4.156,0.27,0.9351583333333334
8161.21,4.152,0.267,0.9352166666666667
8162.219,4.156,0.267,0.9352833333333332
8163.223,4.156,0.266,0.9353416666666667
8164.215,4.156,0.266,0.9354
8165.217,4.156,0.267,0.9354666666666667
8166.223,4.156,0.266,0.935525
8167.223,4.156,0.266,0.9355916666666667
8168.236,4.156,0.265,0.93565
8169.223,4.152,0.265,0.9357083333333333
8170.24,4.156,0.267,0.935775
8171.228,4.152,0.265,0.9358333333333333
8172.233,4.156,0.265,0.9359
8173.244,4.156,0.264,0.9359583333333334
8174.237,4.152,0.265,0.9360166666666667
8175.245,4.152,0.265,0.9360833333333333
8176.239,4.156,0.265,0.9361416666666665
8177.241,4.152,0.266,0.9362083333333334
8178.254,4.156,0.266,0.9362666666666667
8179.252,4.16,0.265,0.936325
8180.252,4.152,0.265,0.9363916666666667
8181.254,4.156,0.265,0.93645
8182.258,4.156,0.264,0.9365083333333333
8183.262,4.156,0.265,0.936575
8184.266,4.156,0.267,0.9366333333333333
8185.271,4.156,0.265,0.9367
8186.268,4.156,0.264,0.9367583333333332
8187.271,4.152,0.264,0.9368166666666667
8188.273,4.156,0.264,0.9368833333333333
8189.278,4.152,0.263,0.9369416666666666
8190.266,4.152,0.264,0.937
8191.279,4.156,0.263,0.9370666666666667
8192.271,4.152,0.263,0.937125
8193.273,4.152,0.263,0.9371833333333333
8194.279,4.156,0.263,0.93725
8195.28,4.152,0.264,0.9373083333333333
8196.288,4.156,0.263,0.9373666666666666
8197.281,4.152,0.267,0.9374333333333333
8198.286,4.152,0.262,0.9374916666666667
8199.287,4.156,0.263,0.93755
8200.29,4.152,0.262,0.9376166666666668
8201.295,4.156,0.263,0.937675
8202.296,4.16,0.261,0.9377333333333333
8203.296,4.156,0.261,0.9377916666666666
8204.302,4.156,0.263,0.9378583333333333
8205.299,4.156,0.26,0.9379166666666666
8206.297,4.156,0.26,0.9379749999999999
8207.314,4.156,0.26,0.9380333333333334
8208.302,4.156,0.262,0.9381
8209.318,4.156,0.263,0.9381583333333333
8210.317,4.152,0.262,0.9382166666666666
8211.318,4.156,0.261,0.9382833333333334
8212.314,4.16,0.261,0.9383416666666666
8213.314,4.156,0.262,0.9383999999999999
8214.326,4.156,0.26,0.9384583333333334
8215.326,4.152,0.26,0.938525
8216.324,4.156,0.261,0.9385833333333333
8217.325,4.156,0.26,0.9386416666666666
8218.327,4.152,0.261,0.9387000000000001
8219.324,4.16,0.261,0.9387666666666666
8220.326,4.156,0.26,0.9388249999999999
8221.341,4.156,0.26,0.9388833333333334
8222.343,4.156,0.261,0.9389416666666667
8223.342,4.152,0.26,0.9390083333333333
8224.343,4.156,0.26,0.9390666666666667
8225.344,4.156,0.262,0.939125
8226.34,4.152,0.262,0.9391833333333334
8227.341,4.156,0.262,0.9392499999999999
8228.355,4.156,0.261,0.9393083333333334
8229.357,4.16,0.26,0.9393666666666667
8230.358,4.156,0.258,0.939425
8231.352,4.152,0.26,0.9394916666666667
8232.364,4.156,0.26,0.93955
8233.364,4.156,0.259,0.9396083333333333
8234.364,4.152,0.259,0.9396666666666665
8235.36,4.156,0.26,0.9397333333333334
8236.357,4.156,0.259,0.9397916666666667
8237.373,4.156,0.259,0.93985
8238.374,4.16,0.258,0.9399083333333335
8239.377,4.156,0.258,0.9399666666666667
8240.375,4.152,0.257,0.940025
8241.375,4.156,0.258,0.9400916666666665
8242.382,4.156,0.258,0.94015
8243.383,4.16,0.257,0.9402083333333333
8244.381,4.156,0.257,0.9402666666666666
8245.377,4.156,0.257,0.9403250000000001
8246.379,4.156,0.257,0.9403833333333333
8247.38,4.16,0.257,0.94045
8248.383,4.156,0.255,0.9405083333333333
8249.388,4.156,0.257,0.9405666666666668
8250.399,4.156,0.257,0.940625
8251.402,4.156,0.256,0.9406833333333333
8252.4,4.156,0.256,0.9407416666666667
8253.403,4.156,0.257,0.9408000000000001
8254.4,4.156,0.254,0.9408666666666666
8255.399,4.16,0.256,0.9409249999999999
8256.404,4.16,0.254,0.9409833333333334
8257.405,4.156,0.256,0.9410416666666667
8258.41,4.156,0.255,0.9410999999999999
8259.409,4.156,0.256,0.9411583333333334
8260.41,4.156,0.256,0.9412166666666667
8261.412,4.16,0.255,0.941275
8262.414,4.152,0.254,0.9413333333333332
8263.414,4.156,0.255,0.9413916666666667
8264.413,4.156,0.254,0.94145
8265.43,4.16,0.256,0.9415166666666667
8266.417,4.16,0.253,0.941575
8267.434,4.16,0.255,0.9416333333333333
8268.435,4.16,0.252,0.9416916666666666
8269.435,4.16,0.253,0.94175
8270.434,4.156,0.254,0.9418083333333334
8271.433,4.16,0.253,0.9418666666666666
8272.434,4.16,0.252,0.9419249999999999
8273.433,4.16,0.253,0.9419833333333334
8274.448,4.156,0.255,0.9420416666666667
8275.436,4.152,0.253,0.9420999999999999
8276.438,4.152,0.253,0.9421583333333333
8277.453,4.16,0.253,0.9422166666666667
8278.456,4.152,0.252,0.942275
8279.452,4.16,0.252,0.9423333333333332
8280.451,4.16,0.252,0.9423916666666666
8281.45,4.156,0.251,0.94245
8282.454,4.156,0.253,0.9425083333333333
8283.458,4.16,0.253,0.9425666666666666
8284.46,4.152,0.251,0.942625
8285.46,4.156,0.249,0.9426833333333333
8286.46,4.156,0.25,0.9427416666666666
8287.464,4.16,0.251,0.9428
8288.466,4.156,0.252,0.9428583333333334
8289.472,4.16,0.252,0.9429166666666666
8290.474,4.156,0.25,0.9429749999999999
8291.477,4.16,0.25,0.9430333333333334
8292.483,4.156,0.252,0.9430916666666667
8293.484,4.156,0.252,0.9431499999999999
8294.487,4.16,0.25,0.9432083333333332
8295.476,4.156,0.251,0.9432666666666667
8296.49,4.156,0.251,0.943325
8297.489,4.156,0.25,0.9433833333333332
8298.488,4.16,0.25,0.9434416666666667
8299.491,4.156,0.251,0.9435
8300.49,4.156,0.252,0.9435583333333333
8301.493,4.16,0.25,0.9436166666666665
8302.492,4.156,0.248,0.943675
8303.497,4.16,0.252,0.9437333333333333
8304.502,4.156,0.249,0.9437916666666666
8305.501,4.156,0.249,0.9438499999999999
8306.502,4.156,0.251,0.9439083333333333
8307.505,4.16,0.248,0.9439666666666666
8308.507,4.16,0.248,0.9440249999999999
8309.507,4.156,0.248,0.9440750000000001
8310.512,4.16,0.25,0.9441333333333334
8311.516,4.156,0.249,0.9441916666666667
8312.517,4.16,0.249,0.9442499999999999
8313.517,4.164,0.25,0.9443083333333334
8314.516,4.16,0.249,0.9443666666666667
8315.52,4.156,0.248,0.944425
8316.522,4.16,0.25,0.9444833333333335
8317.527,4.16,0.249,0.9445416666666667
8318.53,4.16,0.248,0.9446
8319.532,4.16,0.248,0.9446583333333333
8320.536,4.16,0.248,0.9447166666666668
8321.54,4.16,0.249,0.944775
8322.544,4.16,0.248,0.9448249999999999
8323.533,4.156,0.246,0.9448833333333333
8324.538,4.156,0.247,0.9449416666666667
8325.542,4.16,0.248,0.945
8326.546,4.16,0.247,0.9450583333333333
8327.551,4.156,0.245,0.9451166666666667
8328.555,4.16,0.248,0.945175
8329.543,4.16,0.248,0.9452333333333333
8330.559,4.156,0.247,0.9452833333333333
8331.547,4.16,0.248,0.9453416666666667
8332.55,4.156,0.247,0.9454
8333.565,4.16,0.248,0.9454583333333333
8334.566,4.16,0.245,0.9455166666666666
8335.57,4.16,0.246,0.945575
8336.558,4.16,0.244,0.9456333333333333
8337.572,4.156,0.248,0.9456833333333333
8338.561,4.156,0.245,0.9457416666666667
8339.565,4.16,0.245,0.9458000000000001
8340.566,4.16,0.244,0.9458583333333334
8341.571,4.16,0.244,0.9459166666666666
8342.573,4.16,0.247,0.945975
8343.576,4.16,0.245,0.946025
8344.577,4.16,0.244,0.9460833333333333
8345.576,4.16,0.244,0.9461416666666665
8346.579,4.156,0.244,0.9462
8347.58,4.16,0.245,0.9462583333333333
8348.582,4.16,0.243,0.9463083333333333
8349.583,4.16,0.243,0.9463666666666668
8350.597,4.16,0.244,0.9464250000000001
8351.599,4.16,0.243,0.9464833333333333
8352.604,4.16,0.243,0.9465416666666666
8353.604,4.164,0.244,0.9465916666666667
8354.606,4.16,0.243,0.94665
8355.603,4.16,0.241,0.9467083333333333
8356.603,4.156,0.241,0.9467583333333333
8357.607,4.16,0.243,0.9468166666666668
8358.612,4.16,0.243,0.946875
8359.618,4.16,0.243,0.9469333333333333
8360.617,4.16,0.242,0.9469916666666668
8361.618,4.16,0.243,0.9470416666666667
8362.618,4.16,0.242,0.9470999999999999
8363.619,4.16,0.241,0.9471583333333332
8364.62,4.16,0.241,0.9472083333333334
8365.615,4.16,0.241,0.9472666666666667
8366.619,4.164,0.244,0.947325
8367.62,4.164,0.241,0.9473833333333332
8368.622,4.16,0.243,0.9474333333333333
8369.624,4.16,0.241,0.9474916666666666
8370.626,4.16,0.241,0.94755
8371.63,4.164,0.241,0.9476083333333334
8372.632,4.164,0.242,0.9476583333333334
8373.637,4.164,0.24,0.9477166666666667
8374.642,4.16,0.242,0.9477749999999999
8375.647,4.16,0.242,0.947825
8376.646,4.16,0.242,0.9478833333333334
8377.652,4.16,0.241,0.9479416666666667
8378.655,4.16,0.243,0.948
8379.658,4.16,0.241,0.9480500000000001
8380.646,4.16,0.241,0.9481083333333333
8381.646,4.156,0.239,0.9481666666666666
8382.649,4.16,0.241,0.9482166666666666
8383.651,4.16,0.24,0.9482750000000001
8384.653,4.16,0.239,0.9483333333333334
8385.656,4.16,0.24,0.9483833333333332
8386.67,4.164,0.241,0.9484416666666667
8387.658,4.16,0.24,0.9485
8388.66,4.16,0.24,0.94855
8389.665,4.16,0.241,0.9486083333333333
8390.669,4.16,0.241,0.9486666666666668
8391.671,4.156,0.24,0.948725
8392.672,4.16,0.239,0.9487749999999999
8393.674,4.16,0.24,0.9488333333333333
8394.687,4.156,0.24,0.9488916666666667
8395.685,4.16,0.239,0.9489416666666667
8396.689,4.16,0.24,0.949
8397.69,4.16,0.239,0.94905
8398.693,4.16,0.24,0.9491083333333333
8399.696,4.16,0.238,0.9491666666666667
8400.696,4.156,0.241,0.9492166666666666
8401.697,4.16,0.238,0.9492750000000001
8402.7,4.16,0.239,0.9493333333333334
8403.704,4.164,0.238,0.9493833333333334
8404.705,4.156,0.236,0.9494416666666666
8405.706,4.164,0.237,0.9495000000000001
8406.709,4.16,0.236,0.94955
8407.697,4.16,0.239,0.9496083333333333
8408.701,4.16,0.237,0.9496583333333333
8409.703,4.156,0.235,0.9497166666666668
8410.706,4.16,0.235,0.9497666666666666
8411.709,4.164,0.235,0.9498249999999999
8412.715,4.16,0.238,0.9498833333333333
8413.717,4.16,0.236,0.9499333333333334
8414.723,4.16,0.236,0.9499916666666667
8415.714,4.16,0.235,0.9500416666666667
8416.728,4.16,0.235,0.9501
8417.731,4.164,0.235,0.95015
8418.734,4.16,0.235,0.9502083333333333
8419.725,4.16,0.234,0.9502583333333333
8420.726,4.16,0.235,0.9503166666666668
8421.731,4.16,0.236,0.9503750000000001
8422.738,4.16,0.235,0.950425
8423.74,4.164,0.236,0.9504833333333332
8424.744,4.164,0.235,0.9505333333333335
8425.743,4.16,0.235,0.9505916666666667
8426.745,4.164,0.234,0.9506416666666666
8427.747,4.16,0.235,0.9506999999999999
8428.749,4.164,0.234,0.9507500000000001
8429.75,4.16,0.234,0.9508083333333334
8430.748,4.156,0.235,0.9508583333333334
8431.751,4.164,0.234,0.9509166666666666
8432.752,4.16,0.233,0.9509666666666667
8433.753,4.16,0.233,0.951025
8434.755,4.164,0.233,0.951075
8435.765,4.16,0.234,0.9511333333333333
8436.757,4.156,0.231,0.9511833333333334
8437.764,4.164,0.232,0.9512416666666667
8438.772,4.16,0.231,0.9512916666666666
8439.763,4.16,0.232,0.9513499999999999
8440.772,4.16,0.231,0.9514
8441.78,4.16,0.232,0.95145
8442.769,4.16,0.232,0.9515083333333333
8443.775,4.164,0.233,0.9515583333333333
8444.783,4.164,0.232,0.9516166666666667
8445.776,4.16,0.233,0.9516666666666667
8446.783,4.16,0.231,0.9517249999999999
8447.779,4.16,0.232,0.951775
8448.786,4.16,0.231,0.9518333333333334
8449.781,4.16,0.232,0.9518833333333333
8450.789,4.16,0.232,0.9519416666666666
8451.8,4.16,0.231,0.9519916666666668
8452.792,4.156,0.231,0.9520416666666667
8453.797,4.164,0.232,0.9521
8454.791,4.164,0.229,0.9521499999999999
8455.798,4.16,0.229,0.9522083333333334
8456.807,4.16,0.231,0.9522583333333333
8457.799,4.164,0.228,0.9523083333333333
8458.805,4.164,0.229,0.9523666666666666
8459.814,4.16,0.228,0.9524166666666667
8460.809,4.164,0.23,0.9524750000000001
8461.814,4.164,0.23,0.952525
8462.818,4.164,0.228,0.952575
8463.817,4.164,0.228,0.9526333333333334
8464.814,4.164,0.229,0.9526833333333333
8465.82,4.168,0.228,0.9527333333333333
8466.822,4.164,0.228,0.9527916666666666
8467.825,4.164,0.227,0.9528416666666667
8468.828,4.16,0.227,0.9528916666666667
8469.831,4.164,0.228,0.95295
8470.83,4.164,0.227,0.953
8471.829,4.164,0.228,0.9530500000000001
8472.833,4.164,0.228,0.9531083333333333
8473.834,4.164,0.229,0.9531583333333333
8474.835,4.164,0.227,0.9532083333333332
8475.838,4.164,0.227,0.9532666666666667
8476.839,4.164,0.228,0.9533166666666667
8477.842,4.164,0.228,0.9533666666666666
8478.844,4.16,0.229,0.953425
8479.849,4.16,0.227,0.9534750000000001
8480.848,4.16,0.226,0.9535250000000001
8481.85,4.164,0.229,0.9535833333333333
8482.852,4.16,0.228,0.9536333333333332
8483.854,4.164,0.226,0.9536833333333334
8484.856,4.164,0.227,0.9537416666666667
8485.859,4.168,0.226,0.9537916666666666
8486.863,4.168,0.228,0.9538416666666666
8487.863,4.16,0.227,0.9539000000000001
8488.866,4.16,0.227,0.95395
8489.868,4.16,0.226,0.954
8490.873,4.16,0.224,0.9540583333333332
8491.876,4.16,0.226,0.9541083333333333
8492.876,4.168,0.226,0.9541583333333333
8493.873,4.164,0.226,0.9542083333333333
8494.874,4.16,0.225,0.9542666666666666
8495.888,4.164,0.227,0.9543166666666667
8496.889,4.164,0.224,0.9543666666666667
8497.879,4.164,0.226,0.954425
8498.882,4.16,0.225,0.954475
8499.882,4.16,0.226,0.9545250000000001
8500.887,4.16,0.227,0.9545750000000001
8501.889,4.168,0.225,0.9546333333333333
8502.891,4.164,0.225,0.9546833333333332
8503.89,4.168,0.226,0.9547333333333334
8504.896,4.16,0.224,0.9547833333333333
8505.9,4.164,0.224,0.9548416666666666
8506.904,4.164,0.224,0.9548916666666666
8507.91,4.164,0.224,0.9549416666666667
8508.908,4.164,0.223,0.9549916666666667
8509.912,4.164,0.224,0.95505
8510.916,4.164,0.224,0.9551
8511.919,4.164,0.223,0.95515
8512.906,4.168,0.223,0.9552
8513.923,4.164,0.222,0.9552499999999999
8514.912,4.164,0.223,0.9553083333333332
8515.913,4.164,0.223,0.9553583333333334
8516.914,4.164,0.222,0.9554083333333333
8517.918,4.164,0.224,0.9554583333333333
8518.92,4.164,0.222,0.9555083333333333
8519.925,4.164,0.222,0.9555666666666667
8520.931,4.164,0.222,0.9556166666666667
8521.933,4.164,0.221,0.9556666666666667
8522.933,4.16,0.222,0.9557166666666665
8523.934,4.164,0.221,0.9557666666666668
8524.936,4.16,0.222,0.9558166666666666
8525.938,4.164,0.222,0.9558749999999999
8526.942,4.168,0.221,0.9559249999999999
8527.946,4.164,0.222,0.955975
8528.95,4.164,0.22,0.956025
8529.955,4.168,0.22,0.956075
8530.957,4.164,0.219,0.9561249999999999
8531.959,4.164,0.221,0.9561750000000001
8532.962,4.164,0.219,0.956225
8533.951,4.168,0.219,0.9562833333333333
8534.955,4.164,0.22,0.9563333333333333
8535.955,4.164,0.22,0.9563833333333334
8536.96,4.164,0.22,0.9564333333333334
8537.963,4.164,0.22,0.9564833333333334
8538.964,4.164,0.218,0.9565333333333332
8539.969,4.164,0.218,0.9565833333333335
8540.971,4.164,0.218,0.9566333333333333
8541.974,4.164,0.218,0.9566833333333333
8542.978,4.168,0.219,0.9567333333333333
8543.979,4.164,0.219,0.9567833333333334
8544.982,4.168,0.219,0.9568416666666667
8545.983,4.164,0.217,0.9568916666666667
8546.987,4.164,0.218,0.9569416666666666
8547.988,4.168,0.218,0.9569916666666668
8548.991,4.168,0.217,0.9570416666666667
8549.994,4.164,0.219,0.9570916666666667
8550.997,4.156,0.218,0.9571416666666667
8551.984,4.164,0.217,0.9571916666666668
8553.001,4.164,0.216,0.9572416666666667
8553.99,4.164,0.218,0.9572916666666667
8554.992,4.168,0.217,0.9573416666666666
8556.0,4.164,0.217,0.9573916666666665
8557.001,4.168,0.216,0.9574416666666667
8557.999,4.164,0.216,0.9574916666666666
8559.001,4.168,0.217,0.9575416666666666
8560.012,4.164,0.215,0.9575916666666666
8561.013,4.164,0.217,0.9576416666666667
8562.014,4.168,0.218,0.9576916666666667
8563.017,4.168,0.217,0.9577416666666666
8564.018,4.168,0.217,0.9577916666666666
8565.02,4.168,0.217,0.9578416666666667
8566.025,4.164,0.218,0.9578916666666667
8567.014,4.168,0.215,0.9579416666666667
8568.018,4.164,0.215,0.9579916666666666
8569.022,4.168,0.215,0.9580416666666668
8570.024,4.164,0.215,0.9580916666666667
8571.026,4.164,0.212,0.9581416666666667
8572.034,4.168,0.216,0.9581916666666666
8573.038,4.168,0.216,0.9582416666666668
8574.029,4.168,0.214,0.9582916666666667
8575.034,4.164,0.214,0.9583416666666666
8576.035,4.168,0.215,0.9583916666666666
8577.041,4.168,0.215,0.9584416666666667
8578.039,4.164,0.213,0.9584916666666667
8579.042,4.164,0.213,0.9585416666666666
8580.044,4.168,0.214,0.9585916666666666
8581.047,4.164,0.212,0.9586416666666666
8582.052,4.168,0.214,0.9586916666666667
8583.055,4.168,0.211,0.9587416666666667
8584.057,4.164,0.215,0.9587916666666666
8585.057,4.164,0.215,0.9588416666666666
8586.061,4.168,0.215,0.9588916666666667
8587.06,4.168,0.214,0.9589416666666667
8588.064,4.172,0.212,0.9589916666666667
8589.07,4.168,0.213,0.9590416666666666
8590.073,4.168,0.212,0.9590833333333334
8591.075,4.168,0.212,0.9591333333333334
8592.075,4.164,0.21,0.9591833333333333
8593.081,4.168,0.212,0.9592333333333333
8594.07,4.168,0.21,0.9592833333333334
8595.072,4.164,0.212,0.9593333333333334
8596.077,4.168,0.212,0.9593833333333334
8597.081,4.164,0.212,0.9594333333333332
8598.082,4.164,0.21,0.9594749999999999
8599.083,4.164,0.213,0.9595250000000001
8600.087,4.168,0.211,0.959575
8601.093,4.164,0.211,0.959625
8602.088,4.168,0.211,0.959675
8603.09,4.168,0.21,0.959725
8604.094,4.168,0.21,0.959775
8605.097,4.172,0.212,0.9598249999999999
8606.098,4.164,0.21,0.9598666666666666
8607.101,4.168,0.21,0.9599166666666668
8608.1,4.164,0.21,0.9599666666666667
8609.105,4.172,0.209,0.9600166666666666
8610.104,4.168,0.209,0.9600666666666666
8611.107,4.168,0.21,0.9601166666666667
8612.11,4.164,0.21,0.9601583333333333
8613.113,4.164,0.209,0.9602083333333333
8614.113,4.164,0.209,0.9602583333333333
8615.116,4.168,0.211,0.9603083333333332
8616.113,4.168,0.211,0.9603583333333334
8617.116,4.164,0.21,0.9604083333333333
8618.12,4.168,0.21,0.9604583333333333
8619.123,4.172,0.208,0.9604999999999999
8620.124,4.164,0.208,0.96055
8621.127,4.168,0.21,0.9606
8622.128,4.164,0.209,0.96065
8623.13,4.168,0.208,0.9606999999999999
8624.127,4.168,0.207,0.9607416666666667
8625.142,4.168,0.208,0.9607916666666667
8626.144,4.168,0.21,0.9608416666666667
8627.143,4.168,0.207,0.9608916666666666
8628.146,4.168,0.208,0.9609416666666668
8629.149,4.168,0.206,0.9609833333333334
8630.153,4.172,0.207,0.9610333333333333
8631.153,4.164,0.208,0.9610833333333333
8632.158,4.168,0.206,0.9611333333333333
8633.145,4.164,0.207,0.9611750000000001
8634.147,4.168,0.205,0.961225
8635.162,4.164,0.207,0.961275
8636.164,4.168,0.205,0.9613166666666666
8637.167,4.168,0.204,0.9613666666666667
8638.17,4.164,0.205,0.9614166666666667
8639.159,4.168,0.205,0.9614666666666667
8640.174,4.168,0.207,0.9615083333333333
8641.176,4.172,0.204,0.9615583333333333
8642.165,4.172,0.204,0.9616083333333334
8643.167,4.168,0.205,0.96165
8644.17,4.168,0.206,0.9617
8645.173,4.168,0.204,0.9617499999999999
8646.176,4.168,0.203,0.9617916666666667
8647.178,4.164,0.205,0.9618416666666667
8648.18,4.168,0.204,0.9618916666666667
8649.181,4.164,0.205,0.9619333333333333
8650.18,4.172,0.204,0.9619833333333334
8651.184,4.168,0.203,0.9620333333333334
8652.185,4.168,0.204,0.962075
8653.187,4.168,0.204,0.962125
8654.189,4.168,0.204,0.9621749999999999
8655.194,4.168,0.202,0.9622166666666667
8656.197,4.168,0.203,0.9622666666666667
8657.201,4.168,0.202,0.9623166666666666
8658.206,4.168,0.203,0.9623583333333333
8659.205,4.168,0.203,0.9624083333333334
8660.213,4.168,0.204,0.9624583333333334
8661.216,4.168,0.204,0.9625
8662.217,4.168,0.202,0.9625499999999999
8663.207,4.168,0.202,0.9625999999999999
8664.208,4.172,0.203,0.9626416666666667
8665.214,4.172,0.204,0.9626916666666667
8666.215,4.168,0.201,0.9627333333333333
8667.22,4.168,0.202,0.9627833333333332
8668.222,4.172,0.202,0.9628333333333334
8669.229,4.176,0.203,0.962875
8670.23,4.172,0.201,0.962925
8671.235,4.168,0.201,0.9629749999999999
8672.226,4.168,0.203,0.9630166666666665
8673.228,4.172,0.203,0.9630666666666667
8674.232,4.168,0.203,0.9631166666666666
8675.236,4.168,0.202,0.9631583333333333
8676.239,4.168,0.201,0.9632083333333332
8677.238,4.168,0.2,0.96325
8678.239,4.168,0.203,0.9633
8679.244,4.172,0.202,0.96335
8680.25,4.164,0.201,0.9633916666666666
8681.253,4.168,0.201,0.9634416666666668
8682.258,4.168,0.199,0.9634833333333334
8683.244,4.172,0.2,0.9635333333333334
8684.248,4.168,0.2,0.963575
8685.254,4.168,0.201,0.963625
8686.257,4.168,0.2,0.9636750000000001
8687.259,4.172,0.199,0.9637166666666667
8688.26,4.168,0.199,0.9637666666666667
8689.261,4.168,0.199,0.9638083333333333
8690.263,4.168,0.198,0.9638583333333334
8691.262,4.168,0.2,0.9639000000000001
8692.278,4.168,0.2,0.96395
8693.267,4.172,0.198,0.9639916666666667
8694.267,4.168,0.198,0.9640416666666666
8695.27,4.168,0.2,0.9640833333333334
8696.273,4.168,0.2,0.9641333333333334
8697.278,4.172,0.197,0.964175
8698.282,4.168,0.197,0.964225
8699.291,4.168,0.197,0.9642666666666666
8700.293,4.168,0.196,0.9643166666666667
8701.285,4.172,0.198,0.9643583333333333
8702.296,4.168,0.197,0.9644083333333333
8703.284,4.168,0.195,0.9644499999999999
8704.301,4.168,0.196,0.9645
8705.303,4.172,0.199,0.9645416666666667
8706.304,4.172,0.197,0.9645916666666666
8707.293,4.172,0.198,0.9646333333333333
8708.297,4.164,0.196,0.9646833333333332
8709.299,4.172,0.198,0.964725
8710.302,4.168,0.198,0.964775
8711.302,4.168,0.196,0.9648166666666667
8712.303,4.168,0.197,0.9648666666666667
8713.306,4.172,0.195,0.9649083333333334
8714.311,4.176,0.196,0.9649583333333334
8715.316,4.172,0.198,0.965
8716.321,4.168,0.196,0.96505
8717.324,4.168,0.196,0.9650916666666666
8718.326,4.168,0.195,0.9651333333333334
8719.326,4.168,0.196,0.9651833333333334
8720.331,4.168,0.194,0.965225
8721.334,4.168,0.196,0.965275
8722.322,4.168,0.196,0.9653166666666667
8723.327,4.172,0.196,0.9653666666666667
8724.33,4.168,0.196,0.9654083333333333
8725.334,4.172,0.195,0.9654583333333333
8726.339,4.172,0.194,0.9654999999999999
8727.345,4.172,0.194,0.9655416666666667
8728.347,4.168,0.194,0.9655916666666667
8729.336,4.172,0.196,0.9656333333333333
8730.353,4.168,0.193,0.9656833333333332
8731.355,4.168,0.193,0.965725
8732.343,4.172,0.193,0.9657666666666668
8733.35,4.168,0.193,0.9658166666666667
8734.354,4.172,0.193,0.9658583333333333
8735.356,4.168,0.195,0.9659
8736.363,4.172,0.194,0.9659500000000001
8737.366,4.172,0.193,0.9659916666666667
8738.368,4.176,0.194,0.9660416666666667
8739.37,4.172,0.193,0.9660833333333333
8740.36,4.172,0.193,0.9661249999999999
8741.367,4.168,0.193,0.9661750000000001
8742.374,4.168,0.191,0.9662166666666667
8743.368,4.168,0.194,0.9662583333333333
8744.372,4.172,0.194,0.9663083333333333
8745.382,4.168,0.192,0.9663499999999999
8746.375,4.172,0.194,0.9664
8747.38,4.168,0.19,0.9664416666666666
8748.374,4.168,0.193,0.9664833333333334
8749.381,4.168,0.193,0.9665333333333332
8750.391,4.172,0.19,0.9665750000000001
8751.381,4.168,0.194,0.9666166666666667
8752.392,4.172,0.192,0.9666666666666667
8753.399,4.168,0.191,0.9667083333333333
8754.393,4.168,0.191,0.9667499999999999
8755.395,4.172,0.19,0.9668000000000001
8756.394,4.168,0.19,0.9668416666666667
8757.395,4.172,0.192,0.9668833333333333
8758.408,4.172,0.191,0.9669333333333333
8759.41,4.168,0.19,0.9669749999999999
8760.411,4.168,0.188,0.9670166666666667
8761.4,4.168,0.189,0.9670583333333334
8762.408,4.172,0.191,0.9671083333333333
8763.411,4.168,0.189,0.96715
8764.414,4.176,0.19,0.9671916666666668
8765.411,4.172,0.19,0.9672416666666667
8766.413,4.172,0.189,0.9672833333333334
8767.416,4.168,0.191,0.967325
8768.421,4.172,0.189,0.9673666666666666
8769.423,4.172,0.188,0.9674166666666667
8770.422,4.176,0.187,0.9674583333333334
8771.428,4.172,0.191,0.9675
8772.427,4.172,0.189,0.9675416666666666
8773.428,4.172,0.188,0.9675916666666666
8774.43,4.172,0.19,0.9676333333333335
8775.432,4.172,0.188,0.9676750000000001
8776.436,4.172,0.186,0.9677166666666667
8777.438,4.172,0.188,0.9677666666666667
8778.44,4.176,0.187,0.9678083333333333
8779.446,4.168,0.188,0.9678500000000001
8780.449,4.176,0.186,0.9678916666666667
8781.451,4.172,0.186,0.9679333333333333
8782.454,4.172,0.186,0.9679833333333333
8783.455,4.172,0.187,0.9680250000000001
8784.46,4.172,0.187,0.9680666666666667
8785.448,4.172,0.188,0.9681083333333333
8786.45,4.176,0.188,0.9681583333333333
8787.456,4.168,0.187,0.9682
8788.454,4.172,0.186,0.9682416666666668
8789.459,4.168,0.186,0.9682833333333334
8790.461,4.176,0.185,0.968325
8791.465,4.172,0.186,0.9683666666666666
8792.469,4.172,0.186,0.9684166666666666
8793.472,4.172,0.185,0.9684583333333334
8794.474,4.172,0.184,0.9685
8795.48,4.168,0.185,0.9685416666666666
8796.474,4.172,0.185,0.9685833333333332
8797.479,4.172,0.183,0.968625
8798.487,4.176,0.186,0.9686666666666668
8799.48,4.172,0.184,0.9687166666666667
8800.486,4.172,0.184,0.9687583333333333
8801.494,4.172,0.183,0.9688
8802.484,4.172,0.186,0.9688416666666666
8803.494,4.172,0.182,0.9688833333333334
8804.5,4.168,0.184,0.968925
8805.492,4.172,0.184,0.9689666666666666
8806.496,4.168,0.182,0.9690083333333332
8807.505,4.172,0.183,0.96905
8808.497,4.172,0.182,0.9690916666666667
8809.507,4.172,0.186,0.9691416666666667
8810.499,4.176,0.184,0.9691833333333333
8811.501,4.172,0.182,0.9692249999999999
8812.512,4.176,0.182,0.9692666666666666
8813.519,4.172,0.181,0.9693083333333334
8814.509,4.172,0.183,0.96935
8815.516,4.172,0.183,0.9693916666666667
8816.511,4.176,0.184,0.9694333333333333
8817.52,4.172,0.183,0.9694749999999999
8818.529,4.172,0.182,0.9695166666666667
8819.521,4.172,0.182,0.9695583333333334
8820.525,4.176,0.182,0.9696083333333333
8821.522,4.172,0.182,0.9696499999999999
8822.527,4.172,0.182,0.9696916666666667
8823.529,4.172,0.182,0.9697333333333333
8824.527,4.176,0.182,0.969775
8825.54,4.176,0.182,0.9698166666666667
8826.542,4.172,0.182,0.9698583333333333
8827.542,4.172,0.181,0.9699000000000001
8828.543,4.172,0.18,0.9699416666666667
8829.546,4.172,0.181,0.9699833333333333
8830.552,4.172,0.182,0.970025
8831.554,4.172,0.179,0.9700666666666666
8832.556,4.176,0.18,0.9701083333333335
8833.543,4.172,0.179,0.9701500000000001
8834.547,4.176,0.18,0.9701916666666667
8835.552,4.172,0.18,0.9702333333333333
8836.55,4.172,0.18,0.9702749999999999
8837.562,4.172,0.179,0.9703166666666667
8838.564,4.172,0.18,0.9703583333333334
8839.568,4.172,0.179,0.9704
8840.57,4.172,0.179,0.9704416666666666
8841.569,4.176,0.179,0.9704833333333333
8842.573,4.176,0.18,0.9705250000000001
8843.573,4.168,0.179,0.9705666666666667
8844.58,4.172,0.179,0.9706083333333333
8845.571,4.172,0.18,0.97065
8846.577,4.172,0.179,0.9706916666666666
8847.583,4.176,0.178,0.9707333333333334
8848.587,4.172,0.18,0.970775
8849.58,4.168,0.178,0.9708166666666667
8850.584,4.176,0.179,0.9708583333333333
8851.589,4.176,0.178,0.9709
8852.59,4.176,0.178,0.9709416666666667
8853.594,4.172,0.177,0.9709833333333334
8854.596,4.172,0.177,0.971025
8855.601,4.172,0.18,0.9710666666666666
8856.593,4.176,0.178,0.9711083333333332
8857.602,4.172,0.177,0.9711500000000001
8858.597,4.172,0.177,0.9711833333333334
8859.603,4.172,0.176,0.971225
8860.597,4.172,0.177,0.9712666666666666
8861.604,4.176,0.176,0.9713083333333333
8862.611,4.176,0.178,0.9713499999999999
8863.603,4.172,0.175,0.9713916666666668
8864.61,4.172,0.174,0.9714333333333334
8865.618,4.176,0.175,0.971475
8866.608,4.172,0.176,0.9715166666666666
8867.619,4.176,0.174,0.9715499999999999
8868.626,4.172,0.176,0.9715916666666667
8869.619,4.18,0.173,0.9716333333333333
8870.626,4.18,0.175,0.971675
8871.635,4.172,0.176,0.9717166666666667
8872.628,4.176,0.175,0.9717583333333333
8873.634,4.172,0.177,0.9718000000000001
8874.625,4.176,0.174,0.9718416666666667
8875.63,4.172,0.176,0.971875
8876.64,4.176,0.175,0.9719166666666667
8877.644,4.168,0.174,0.9719583333333333
8878.639,4.172,0.174,0.9720000000000001
8879.645,4.176,0.172,0.9720416666666667
8880.652,4.176,0.175,0.9720833333333333
8881.644,4.176,0.174,0.9721166666666666
8882.651,4.172,0.173,0.9721583333333332
8883.643,4.176,0.177,0.9722000000000001
8884.646,4.176,0.171,0.9722416666666667
8885.65,4.176,0.175,0.9722833333333334
8886.663,4.176,0.174,0.972325
8887.665,4.176,0.175,0.9723666666666666
8888.667,4.172,0.172,0.9724
8889.659,4.172,0.172,0.9724416666666668
8890.67,4.172,0.175,0.9724833333333334
8891.669,4.176,0.173,0.972525
8892.674,4.176,0.172,0.9725666666666666
8893.677,4.172,0.174,0.9725999999999999
8894.667,4.18,0.173,0.9726416666666667
8895.672,4.176,0.174,0.9726833333333333
8896.672,4.172,0.173,0.972725
8897.675,4.176,0.172,0.9727666666666667
8898.679,4.176,0.173,0.9728083333333333
8899.688,4.172,0.173,0.9728416666666667
8900.692,4.172,0.171,0.9728833333333333
8901.683,4.176,0.17,0.972925
8902.691,4.18,0.17,0.9729666666666666
8903.698,4.176,0.171,0.973
8904.692,4.172,0.17,0.9730416666666667
8905.698,4.176,0.172,0.9730833333333334
8906.691,4.176,0.172,0.973125
8907.693,4.172,0.171,0.9731583333333333
8908.703,4.18,0.171,0.9732
8909.709,4.176,0.171,0.9732416666666668
8910.701,4.176,0.169,0.9732833333333334
8911.71,4.172,0.169,0.9733166666666667
8912.716,4.172,0.17,0.9733583333333333
8913.707,4.176,0.17,0.9733999999999999
8914.712,4.176,0.17,0.9734333333333333
8915.718,4.176,0.169,0.9734750000000001
8916.71,4.176,0.17,0.9735166666666667
8917.718,4.176,0.17,0.9735583333333333
8918.723,4.176,0.17,0.9735916666666666
8919.716,4.176,0.17,0.9736333333333332
8920.728,4.176,0.169,0.9736750000000001
8921.719,4.176,0.17,0.9737166666666667
8922.725,4.18,0.169,0.97375
8923.733,4.18,0.169,0.9737916666666666
8924.727,4.18,0.169,0.9738333333333332
8925.73,4.172,0.168,0.9738666666666668
8926.74,4.168,0.169,0.9739083333333334
8927.733,4.176,0.168,0.97395
8928.74,4.176,0.168,0.9739833333333333
8929.748,4.18,0.166,0.9740249999999999
8930.739,4.176,0.166,0.9740666666666667
8931.747,4.18,0.167,0.9741000000000001
8932.754,4.176,0.167,0.9741416666666667
8933.749,4.176,0.167,0.9741833333333333
8934.755,4.176,0.168,0.9742166666666666
8935.747,4.172,0.168,0.9742583333333332
8936.753,4.18,0.167,0.9743
8937.756,4.172,0.168,0.9743333333333334
8938.759,4.176,0.167,0.974375
8939.76,4.172,0.167,0.9744166666666666
8940.761,4.18,0.167,0.9744499999999999
8941.761,4.176,0.166,0.9744916666666668
8942.763,4.176,0.166,0.9745250000000001
8943.766,4.176,0.166,0.9745666666666667
8944.767,4.176,0.165,0.9746083333333333
8945.77,4.18,0.165,0.9746416666666666
8946.776,4.18,0.164,0.9746833333333332
8947.782,4.176,0.165,0.9747166666666668
8948.784,4.176,0.166,0.9747583333333334
8949.774,4.176,0.164,0.9748
8950.776,4.176,0.165,0.9748333333333333
8951.791,4.176,0.165,0.9748749999999999
8952.791,4.172,0.165,0.9749083333333334
8953.792,4.18,0.165,0.9749500000000001
8954.794,4.172,0.163,0.9749916666666667
8955.793,4.176,0.164,0.975025
8956.797,4.176,0.164,0.9750666666666666
8957.798,4.172,0.165,0.9750999999999999
8958.801,4.176,0.164,0.9751416666666667
8959.806,4.176,0.163,0.975175
8960.807,4.176,0.163,0.9752166666666666
8961.811,4.176,0.164,0.97525
8962.809,4.176,0.163,0.9752916666666666
8963.813,4.176,0.163,0.9753333333333334
8964.815,4.176,0.163,0.9753666666666667
8965.817,4.176,0.163,0.9754083333333333
8966.82,4.176,0.161,0.9754416666666667
8967.824,4.18,0.161,0.9754833333333333
8968.828,4.176,0.161,0.9755166666666666
8969.815,4.18,0.16,0.9755583333333334
8970.819,4.176,0.162,0.9755916666666667
8971.822,4.176,0.164,0.9756333333333334
8972.826,4.18,0.163,0.9756666666666667
8973.829,4.18,0.162,0.9757083333333333
8974.83,4.176,0.162,0.9757416666666667
8975.836,4.176,0.162,0.9757833333333333
8976.843,4.18,0.162,0.9758166666666667
8977.835,4.176,0.162,0.9758583333333333
8978.842,4.176,0.162,0.9758916666666666
8979.846,4.18,0.16,0.9759333333333332
8980.851,4.18,0.161,0.9759666666666668
8981.845,4.18,0.162,0.9760083333333334
8982.852,4.176,0.162,0.9760416666666667
8983.843,4.18,0.16,0.9760833333333333
8984.85,4.176,0.161,0.9761166666666666
8985.858,4.176,0.16,0.9761500000000001
8986.852,4.18,0.161,0.9761916666666667
8987.86,4.176,0.161,0.976225
8988.865,4.18,0.16,0.9762666666666666
8989.858,4.176,0.16,0.9763
8990.865,4.176,0.161,0.9763416666666666
8991.869,4.18,0.16,0.9763750000000001
8992.859,4.176,0.16,0.9764166666666667
8993.87,4.18,0.161,0.97645
8994.879,4.176,0.159,0.9764916666666666
8995.873,4.18,0.16,0.976525
8996.883,4.176,0.159,0.9765583333333332
8997.875,4.176,0.16,0.9766
8998.883,4.18,0.159,0.9766333333333334
8999.876,4.176,0.159,0.976675
9000.886,4.176,0.158,0.9767083333333333
9001.891,4.18,0.158,0.9767499999999999
9002.885,4.18,0.158,0.9767833333333334
9003.89,4.18,0.158,0.9768166666666667
9004.892,4.18,0.158,0.9768583333333334
9005.892,4.18,0.158,0.9768916666666666
9006.897,4.176,0.158,0.9769333333333333
9007.904,4.176,0.157,0.9769666666666665
9008.906,4.18,0.159,0.9770000000000001
9009.897,4.18,0.158,0.9770416666666667
9010.898,4.18,0.158,0.977075
9011.9,4.176,0.158,0.9771166666666666
9012.905,4.176,0.158,0.97715
9013.907,4.18,0.158,0.9771833333333333
9014.914,4.18,0.157,0.977225
9015.916,4.18,0.158,0.9772583333333333
9016.921,4.176,0.155,0.9772916666666667
9017.923,4.18,0.155,0.9773333333333333
9018.926,4.18,0.156,0.9773666666666666
9019.926,4.18,0.155,0.9774
9020.926,4.176,0.155,0.9774416666666668
9021.932,4.18,0.158,0.977475
9022.92,4.18,0.156,0.9775083333333333
9023.924,4.176,0.154,0.9775499999999999
9024.927,4.18,0.154,0.9775833333333332
9025.93,4.18,0.155,0.9776166666666668
9026.929,4.184,0.155,0.9776583333333334
9027.931,4.176,0.155,0.9776916666666667
9028.933,4.18,0.155,0.977725
9029.936,4.18,0.154,0.9777666666666666
9030.942,4.176,0.154,0.9777999999999999
9031.942,4.176,0.153,0.9778333333333334
9032.948,4.18,0.153,0.9778666666666667
9033.954,4.18,0.155,0.9779083333333334
9034.943,4.18,0.154,0.9779416666666666
9035.948,4.18,0.155,0.9779749999999999
9036.95,4.18,0.154,0.9780166666666665
9037.959,4.18,0.154,0.9780500000000001
9038.964,4.18,0.154,0.9780833333333334
9039.957,4.18,0.153,0.9781166666666666
9040.963,4.18,0.153,0.9781583333333334
9041.972,4.18,0.155,0.9781916666666666
9042.964,4.18,0.152,0.9782249999999999
9043.975,4.18,0.153,0.9782666666666667
9044.968,4.18,0.154,0.9783000000000001
9045.975,4.18,0.154,0.9783333333333334
9046.969,4.18,0.151,0.9783666666666666
9047.978,4.18,0.153,0.9784083333333332
9048.986,4.18,0.153,0.9784416666666668
9049.975,4.18,0.154,0.9784750000000001
9050.984,4.18,0.152,0.9785083333333333
9051.99,4.18,0.151,0.97855
9052.983,4.184,0.152,0.9785833333333332
9053.991,4.18,0.152,0.9786166666666666
9054.983,4.172,0.152,0.9786500000000001
9055.991,4.18,0.152,0.9786833333333333
9056.996,4.18,0.153,0.9787250000000001
9057.991,4.184,0.151,0.9787583333333333
9058.995,4.18,0.153,0.9787916666666666
9060.001,4.18,0.151,0.978825
9060.997,4.18,0.15,0.9788666666666668
9062.003,4.176,0.151,0.9789000000000001
9063.013,4.184,0.152,0.9789333333333333
9064.013,4.176,0.151,0.9789666666666667
9065.012,4.176,0.151,0.979
9066.011,4.184,0.148,0.9790416666666666
9067.016,4.176,0.151,0.979075
9068.017,4.18,0.148,0.9791083333333334
9069.021,4.18,0.149,0.9791416666666667
9070.028,4.18,0.149,0.979175
9071.017,4.184,0.149,0.9792083333333333
9072.025,4.18,0.148,0.9792416666666666
9073.026,4.18,0.147,0.9792833333333334
9074.032,4.18,0.147,0.9793166666666667
9075.035,4.18,0.148,0.97935
9076.028,4.184,0.147,0.9793833333333333
9077.031,4.176,0.148,0.9794166666666666
9078.034,4.18,0.148,0.9794499999999999
9079.039,4.18,0.148,0.9794833333333334
9080.042,4.18,0.148,0.9795166666666667
9081.048,4.184,0.148,0.97955
9082.048,4.176,0.147,0.9795833333333334
9083.047,4.176,0.147,0.979625
9084.046,4.18,0.146,0.9796583333333333
9085.045,4.184,0.146,0.9796916666666667
9086.059,4.18,0.148,0.9797250000000001
9087.061,4.184,0.147,0.9797583333333334
9088.054,4.184,0.146,0.9797916666666666
9089.059,4.176,0.146,0.979825
9090.053,4.18,0.145,0.9798583333333333
9091.061,4.18,0.146,0.9798916666666666
9092.066,4.176,0.147,0.979925
9093.069,4.176,0.146,0.9799583333333334
9094.072,4.18,0.147,0.9799916666666667
9095.076,4.18,0.147,0.9800333333333333
9096.068,4.18,0.147,0.9800666666666666
9097.074,4.18,0.147,0.9800999999999999
9098.08,4.18,0.144,0.9801333333333334
9099.073,4.176,0.145,0.9801666666666667
9100.082,4.18,0.146,0.9802
9101.09,4.18,0.145,0.9802333333333333
9102.082,4.18,0.146,0.9802666666666666
9103.084,4.184,0.145,0.9803
9104.092,4.184,0.146,0.9803333333333334
9105.083,4.184,0.143,0.9803666666666667
9106.09,4.18,0.143,0.9804
9107.101,4.18,0.144,0.9804333333333333
9108.095,4.184,0.146,0.9804666666666666
9109.102,4.184,0.144,0.9804999999999999
9110.095,4.18,0.145,0.9805333333333334
9111.107,4.18,0.145,0.9805666666666667
9112.096,4.18,0.144,0.9806
9113.107,4.18,0.143,0.9806333333333334
9114.111,4.188,0.143,0.9806666666666666
9115.103,4.184,0.143,0.9806999999999999
9116.109,4.176,0.142,0.9807333333333335
9117.118,4.184,0.145,0.9807666666666667
9118.124,4.18,0.144,0.9808
9119.112,4.184,0.144,0.9808333333333333
9120.122,4.18,0.142,0.9808666666666667
9121.116,4.18,0.144,0.9809
9122.122,4.18,0.141,0.9809333333333332
9123.129,4.18,0.144,0.9809666666666668
9124.131,4.184,0.142,0.981
9125.134,4.184,0.143,0.9810333333333333
9126.14,4.18,0.142,0.9810666666666666
9127.127,4.18,0.142,0.9811
9128.133,4.184,0.141,0.9811333333333333
9129.141,4.184,0.141,0.9811666666666667
9130.14,4.176,0.141,0.9812000000000001
9131.141,4.18,0.141,0.9812333333333334
9132.143,4.176,0.142,0.9812583333333333
9133.147,4.18,0.142,0.9812916666666667
9134.152,4.18,0.141,0.9813249999999999
9135.156,4.184,0.143,0.9813583333333334
9136.151,4.184,0.142,0.9813916666666668
9137.153,4.18,0.141,0.981425
9138.154,4.18,0.143,0.9814583333333333
9139.155,4.18,0.139,0.9814916666666667
9140.155,4.176,0.142,0.981525
9141.157,4.184,0.14,0.9815583333333332
9142.158,4.18,0.14,0.9815916666666668
9143.163,4.18,0.14,0.9816250000000001
9144.165,4.18,0.139,0.9816583333333333
9145.172,4.184,0.14,0.9816833333333334
9146.178,4.18,0.139,0.9817166666666666
9147.178,4.172,0.139,0.9817499999999999
9148.181,4.184,0.141,0.9817833333333335
9149.18,4.176,0.14,0.9818166666666667
9150.182,4.184,0.138,0.98185
9151.181,4.184,0.14,0.9818833333333333
9152.181,4.18,0.139,0.9819166666666667
9153.181,4.18,0.139,0.9819416666666666
9154.18,4.184,0.137,0.9819749999999999
9155.185,4.184,0.138,0.9820083333333334
9156.194,4.184,0.14,0.9820416666666667
9157.202,4.184,0.14,0.982075
9158.193,4.18,0.139,0.9821083333333334
9159.2,4.18,0.139,0.9821416666666666
9160.206,4.18,0.138,0.9821666666666666
9161.2,4.184,0.136,0.9822000000000001
9162.207,4.18,0.138,0.9822333333333334
9163.213,4.184,0.14,0.9822666666666667
9164.207,4.18,0.137,0.9823
9165.215,4.18,0.137,0.9823333333333333
9166.209,4.184,0.137,0.9823583333333332
9167.214,4.18,0.137,0.9823916666666666
9168.223,4.184,0.138,0.9824250000000001
9169.212,4.184,0.137,0.9824583333333333
9170.221,4.184,0.136,0.9824916666666667
9171.228,4.18,0.138,0.9825166666666667
9172.23,4.176,0.138,0.9825499999999999
9173.22,4.18,0.135,0.9825833333333333
9174.227,4.184,0.135,0.9826166666666668
9175.237,4.184,0.136,0.98265
9176.229,4.184,0.135,0.9826750000000001
9177.238,4.18,0.134,0.9827083333333333
9178.23,4.18,0.135,0.9827416666666666
9179.236,4.18,0.133,0.982775
9180.247,4.184,0.136,0.9827999999999999
9181.235,4.18,0.137,0.9828333333333334
9182.243,4.18,0.137,0.9828666666666667
9183.251,4.184,0.137,0.9829
9184.253,4.176,0.136,0.9829333333333333
9185.255,4.176,0.135,0.9829583333333333
9186.246,4.188,0.135,0.9829916666666666
9187.249,4.18,0.133,0.983025
9188.252,4.184,0.135,0.9830583333333334
9189.26,4.18,0.134,0.9830833333333334
9190.264,4.18,0.135,0.9831166666666666
9191.269,4.18,0.135,0.98315
9192.259,4.184,0.135,0.9831833333333333
9193.263,4.184,0.134,0.9832083333333332
9194.266,4.184,0.133,0.9832416666666668
9195.272,4.184,0.134,0.983275
9196.263,4.18,0.134,0.9833000000000001
9197.28,4.18,0.133,0.9833333333333333
9198.282,4.188,0.135,0.9833666666666666
9199.283,4.184,0.133,0.9833999999999999
9200.286,4.188,0.134,0.9834249999999999
9201.286,4.188,0.132,0.9834583333333334
9202.289,4.184,0.135,0.9834916666666668
9203.281,4.184,0.131,0.9835166666666667
9204.282,4.184,0.132,0.98355
9205.286,4.184,0.132,0.9835833333333333
9206.286,4.184,0.131,0.9836083333333333
9207.288,4.18,0.132,0.9836416666666665
9208.296,4.188,0.132,0.9836750000000001
9209.301,4.18,0.13,0.9837
9210.303,4.184,0.132,0.9837333333333333
9211.296,4.184,0.13,0.9837666666666667
9212.3,4.18,0.131,0.9837916666666666
9213.3,4.176,0.131,0.983825
9214.313,4.188,0.129,0.9838583333333334
9215.311,4.184,0.13,0.9838833333333334
9216.31,4.184,0.13,0.9839166666666667
9217.312,4.184,0.129,0.9839416666666667
9218.316,4.176,0.131,0.9839749999999999
9219.309,4.184,0.131,0.9840083333333333
9220.314,4.184,0.129,0.9840333333333333
9221.322,4.184,0.131,0.9840666666666668
9222.326,4.184,0.129,0.9841000000000001
9223.332,4.184,0.13,0.984125
9224.323,4.184,0.131,0.9841583333333334
9225.325,4.184,0.13,0.9841833333333333
9226.329,4.184,0.131,0.9842166666666666
9227.331,4.18,0.128,0.98425
9228.332,4.188,0.13,0.9842750000000001
9229.335,4.184,0.13,0.9843083333333333
9230.34,4.184,0.131,0.9843333333333334
9231.342,4.184,0.13,0.9843666666666667
9232.344,4.18,0.128,0.9843999999999999
9233.352,4.176,0.128,0.984425
9234.341,4.184,0.129,0.9844583333333332
9235.344,4.184,0.128,0.9844833333333334
9236.348,4.184,0.129,0.9845166666666667
9237.354,4.18,0.127,0.98455
9238.357,4.184,0.127,0.984575
9239.362,4.18,0.128,0.9846083333333333
9240.352,4.176,0.127,0.9846333333333332
9241.354,4.184,0.127,0.9846666666666666
9242.358,4.188,0.128,0.9846916666666667
9243.363,4.18,0.126,0.9847250000000001
9244.36,4.184,0.127,0.98475
9245.362,4.18,0.127,0.9847833333333333
9246.367,4.184,0.127,0.9848083333333333
9247.371,4.184,0.126,0.9848416666666666
9248.376,4.184,0.128,0.9848666666666666
9249.379,4.184,0.126,0.9849000000000001
9250.382,4.192,0.127,0.984925
9251.388,4.18,0.124,0.9849583333333334
9252.375,4.188,0.126,0.9849833333333333
9253.378,4.176,0.125,0.9850166666666667
9254.38,4.18,0.126,0.9850416666666666
9255.381,4.184,0.126,0.9850749999999999
9256.385,4.18,0.123,0.9850999999999999
9257.388,4.184,0.125,0.9851333333333334
9258.392,4.184,0.128,0.9851583333333334
9259.394,4.184,0.124,0.9851916666666667
9260.4,4.188,0.125,0.9852166666666666
9261.402,4.184,0.125,0.98525
9262.405,4.184,0.127,0.9852749999999999
9263.409,4.184,0.124,0.9853083333333332
9264.411,4.176,0.126,0.9853333333333334
9265.411,4.184,0.126,0.9853666666666667
9266.411,4.184,0.126,0.9853916666666667
9267.418,4.184,0.125,0.985425
9268.407,4.184,0.123,0.9854499999999999
9269.413,4.184,0.124,0.9854833333333333
9270.415,4.188,0.125,0.9855083333333332
9271.418,4.188,0.125,0.9855416666666668
9272.422,4.184,0.123,0.9855666666666667
9273.421,4.184,0.123,0.9855916666666666
9274.423,4.184,0.125,0.985625
9275.422,4.184,0.126,0.98565
9276.428,4.18,0.127,0.9856833333333332
9277.428,4.184,0.124,0.9857083333333333
9278.43,4.184,0.126,0.9857416666666667
9279.43,4.18,0.125,0.9857666666666667
9280.431,4.188,0.123,0.9858
9281.434,4.188,0.124,0.9858250000000001
9282.436,4.184,0.124,0.9858583333333333
9283.438,4.184,0.123,0.9858833333333333
9284.442,4.184,0.123,0.9859166666666666
9285.447,4.184,0.124,0.9859416666666667
9286.454,4.184,0.124,0.985975
9287.446,4.176,0.123,0.986
9288.455,4.184,0.124,0.986025
9289.459,4.184,0.123,0.9860583333333334
9290.451,4.188,0.122,0.9860833333333333
9291.459,4.184,0.124,0.9861166666666666
9292.468,4.18,0.122,0.9861416666666666
9293.457,4.188,0.123,0.9861666666666667
9294.462,4.184,0.122,0.9862000000000001
9295.468,4.18,0.122,0.986225
9296.47,4.184,0.123,0.9862583333333333
9297.48,4.184,0.122,0.9862833333333333
9298.47,4.188,0.12,0.9863083333333332
9299.478,4.184,0.119,0.9863416666666666
9300.483,4.184,0.122,0.9863666666666667
9301.478,4.184,0.123,0.9863916666666668
9302.481,4.184,0.121,0.986425
9303.484,4.184,0.121,0.98645
9304.488,4.184,0.12,0.9864833333333333
9305.486,4.184,0.12,0.9865083333333333
9306.489,4.188,0.12,0.9865333333333333
9307.493,4.184,0.122,0.9865666666666667
9308.498,4.184,0.12,0.9865916666666668
9309.502,4.184,0.12,0.9866166666666667
9310.503,4.188,0.12,0.98665
9311.493,4.184,0.122,0.986675
9312.495,4.184,0.119,0.9867
9313.496,4.184,0.12,0.9867333333333332
9314.512,4.184,0.12,0.9867583333333333
9315.5,4.18,0.119,0.9867833333333335
9316.505,4.188,0.12,0.9868166666666667
9317.507,4.188,0.12,0.9868416666666667
9318.508,4.188,0.121,0.9868666666666667
9319.513,4.184,0.119,0.9869
9320.519,4.188,0.117,0.9869249999999999
9321.519,4.18,0.119,0.9869499999999999
9322.523,4.184,0.119,0.9869833333333334
9323.527,4.184,0.117,0.9870083333333334
9324.52,4.188,0.119,0.9870333333333334
9325.524,4.188,0.119,0.9870583333333334
9326.527,4.188,0.12,0.9870916666666667
9327.535,4.184,0.119,0.9871166666666666
9328.536,4.18,0.119,0.9871416666666666
9329.539,4.184,0.116,0.9871749999999999
9330.541,4.188,0.118,0.9872000000000001
9331.545,4.188,0.118,0.987225
9332.549,4.184,0.118,0.9872583333333333
9333.55,4.188,0.117,0.9872833333333333
9334.552,4.184,0.12,0.9873083333333333
9335.54,4.188,0.117,0.9873333333333333
9336.548,4.184,0.117,0.9873666666666666
9337.556,4.188,0.119,0.9873916666666666
9338.547,4.188,0.116,0.9874166666666667
9339.549,4.188,0.119,0.9874416666666668
9340.55,4.192,0.116,0.987475
9341.554,4.18,0.117,0.9875
9342.555,4.188,0.117,0.987525
9343.572,4.188,0.116,0.9875499999999999
9344.57,4.188,0.114,0.9875833333333333
9345.568,4.184,0.115,0.9876083333333334
9346.572,4.192,0.116,0.9876333333333334
9347.572,4.184,0.115,0.9876583333333334
9348.578,4.188,0.118,0.9876916666666666
9349.579,4.184,0.115,0.9877166666666667
9350.585,4.184,0.116,0.9877416666666666
9351.574,4.184,0.114,0.9877666666666666
9352.583,4.188,0.115,0.9877916666666666
9353.586,4.184,0.115,0.9878250000000001
9354.592,4.184,0.115,0.98785
9355.581,4.188,0.115,0.9878750000000001
9356.587,4.188,0.113,0.9879
9357.594,4.184,0.114,0.9879249999999999
9358.596,4.188,0.115,0.98795
9359.601,4.188,0.115,0.9879833333333333
9360.605,4.188,0.115,0.9880083333333333
9361.597,4.188,0.114,0.9880333333333334
9362.603,4.188,0.115,0.9880583333333334
9363.609,4.188,0.114,0.9880833333333334
9364.6,4.188,0.114,0.9881166666666666
9365.601,4.184,0.112,0.9881416666666667
9366.606,4.184,0.114,0.9881666666666666
9367.609,4.188,0.113,0.9881916666666666
9368.616,4.188,0.115,0.9882166666666666
9369.622,4.184,0.115,0.9882416666666668
9370.624,4.192,0.113,0.988275
9371.627,4.188,0.113,0.9883000000000001
9372.616,4.188,0.112,0.988325
9373.621,4.192,0.113,0.98835
9374.623,4.188,0.113,0.988375
9375.626,4.188,0.115,0.9884
9376.631,4.188,0.115,0.9884249999999999
9377.633,4.184,0.111,0.9884583333333334
9378.637,4.188,0.113,0.9884833333333334
9379.639,4.18,0.112,0.9885083333333333
9380.641,4.192,0.113,0.9885333333333334
9381.647,4.188,0.111,0.9885583333333333
9382.634,4.184,0.111,0.9885833333333333
9383.64,4.188,0.112,0.9886083333333333
9384.639,4.188,0.112,0.9886333333333333
9385.64,4.188,0.112,0.9886583333333334
9386.642,4.188,0.112,0.9886916666666667
9387.646,4.188,0.113,0.9887166666666667
9388.651,4.188,0.111,0.9887416666666666
9389.654,4.184,0.113,0.9887666666666667
9390.658,4.184,0.111,0.9887916666666666
9391.658,4.192,0.113,0.9888166666666666
9392.66,4.184,0.111,0.9888416666666666
9393.669,4.188,0.11,0.9888666666666668
9394.66,4.184,0.111,0.9888916666666667
9395.667,4.184,0.11,0.988925
9396.676,4.188,0.111,0.98895
9397.665,4.192,0.11,0.9889749999999999
9398.676,4.188,0.111,0.989
9399.682,4.188,0.111,0.9890249999999999
9400.673,4.192,0.112,0.9890499999999999
9401.681,4.188,0.111,0.989075
9402.675,4.188,0.109,0.9891000000000001
9403.683,4.188,0.109,0.989125
9404.689,4.188,0.11,0.98915
9405.683,4.188,0.11,0.989175
9406.695,4.188,0.109,0.9892
9407.685,4.188,0.108,0.9892249999999999
9408.691,4.188,0.11,0.98925
9409.692,4.184,0.108,0.9892750000000001
9410.693,4.188,0.111,0.9893000000000001
9411.693,4.184,0.108,0.989325
9412.694,4.188,0.11,0.9893500000000001
9413.697,4.188,0.108,0.9893833333333333
9414.708,4.192,0.111,0.9894083333333333
9415.713,4.188,0.11,0.9894333333333333
9416.705,4.188,0.109,0.9894583333333332
9417.711,4.184,0.109,0.9894833333333334
9418.72,4.184,0.107,0.9895083333333334
9419.712,4.188,0.108,0.9895333333333334
9420.72,4.188,0.11,0.9895583333333333
9421.712,4.192,0.108,0.9895833333333334
9422.714,4.188,0.107,0.9896083333333333
9423.716,4.188,0.106,0.9896333333333333
9424.721,4.188,0.108,0.9896583333333333
9425.722,4.188,0.109,0.9896833333333332
9426.727,4.184,0.106,0.9897083333333334
9427.73,4.188,0.107,0.9897333333333334
9428.737,4.188,0.107,0.9897583333333334
9429.739,4.188,0.109,0.9897833333333333
9430.742,4.192,0.109,0.9898083333333333
9431.745,4.188,0.108,0.9898333333333333
9432.747,4.184,0.106,0.9898583333333333
9433.747,4.188,0.107,0.9898833333333332
9434.75,4.188,0.107,0.9899083333333334
9435.74,4.192,0.106,0.9899333333333334
9436.743,4.192,0.106,0.9899583333333334
9437.752,4.184,0.107,0.9899833333333333
9438.755,4.188,0.107,0.9900083333333334
9439.757,4.188,0.106,0.9900249999999999
9440.763,4.18,0.106,0.99005
9441.766,4.188,0.106,0.9900749999999999
9442.753,4.188,0.106,0.9900999999999999
9443.756,4.184,0.107,0.990125
9444.762,4.188,0.105,0.9901500000000001
9445.764,4.192,0.105,0.990175
9446.769,4.188,0.105,0.9902
9447.771,4.188,0.106,0.990225
9448.772,4.192,0.107,0.99025
9449.774,4.188,0.105,0.9902749999999999
9450.777,4.188,0.105,0.9903
9451.78,4.192,0.106,0.9903250000000001
9452.785,4.192,0.107,0.9903500000000001
9453.788,4.188,0.107,0.990375
9454.792,4.188,0.104,0.9904000000000001
9455.782,4.192,0.106,0.990425
9456.788,4.192,0.105,0.9904499999999999
9457.792,4.192,0.106,0.9904666666666666
9458.788,4.196,0.106,0.9904916666666665
9459.791,4.184,0.106,0.9905166666666666
9460.801,4.188,0.105,0.9905416666666668
9461.792,4.184,0.105,0.9905666666666667
9462.802,4.188,0.105,0.9905916666666666
9463.809,4.192,0.104,0.9906166666666667
9464.801,4.192,0.105,0.9906416666666666
9465.812,4.184,0.106,0.9906666666666666
9466.804,4.184,0.106,0.9906916666666666
9467.812,4.188,0.106,0.9907166666666666
9468.819,4.192,0.106,0.9907416666666667
9469.813,4.192,0.105,0.9907666666666667
9470.819,4.188,0.105,0.9907916666666667
9471.811,4.192,0.105,0.9908083333333334
9472.82,4.188,0.105,0.9908333333333333
9473.828,4.192,0.104,0.9908583333333333
9474.822,4.192,0.105,0.9908833333333333
9475.822,4.192,0.104,0.9909083333333333
9476.822,4.188,0.104,0.9909333333333332
9477.835,4.188,0.105,0.9909583333333334
9478.838,4.188,0.104,0.9909833333333334
9479.841,4.188,0.103,0.9910083333333334
9480.833,4.192,0.105,0.9910333333333333
9481.84,4.192,0.102,0.99105
9482.845,4.188,0.104,0.9910749999999999
9483.848,4.188,0.104,0.9911
9484.851,4.184,0.102,0.9911249999999999
9485.852,4.192,0.1,0.9911500000000001
9486.852,4.188,0.102,0.991175
9487.844,4.184,0.104,0.9912000000000001
9488.849,4.192,0.103,0.9912166666666667
9489.85,4.188,0.103,0.9912416666666667
9490.853,4.188,0.1,0.9912666666666666
9491.858,4.192,0.102,0.9912916666666667
9492.859,4.192,0.101,0.9913166666666666
9493.862,4.192,0.103,0.9913416666666666
9494.868,4.192,0.101,0.9913583333333335
9495.872,4.192,0.1,0.9913833333333334
9496.861,4.188,0.101,0.9914083333333333
9497.863,4.188,0.102,0.9914333333333334
9498.879,4.192,0.1,0.9914583333333333
9499.87,4.196,0.099,0.991475
9500.872,4.188,0.101,0.9914999999999999
9501.873,4.192,0.099,0.991525
9502.875,4.192,0.1,0.9915499999999999
9503.882,4.188,0.099,0.9915666666666667
9504.885,4.188,0.099,0.9915916666666668
9505.889,4.192,0.099,0.9916166666666667
9506.892,4.184,0.1,0.9916416666666666
9507.89,4.188,0.1,0.9916666666666667
9508.893,4.188,0.1,0.9916833333333334
9509.895,4.188,0.1,0.9917083333333333
9510.899,4.192,0.098,0.9917333333333332
9511.898,4.192,0.098,0.9917583333333333
9512.901,4.188,0.098,0.9917750000000001
9513.906,4.188,0.099,0.9918
9514.908,4.184,0.098,0.9918250000000001
9515.913,4.192,0.096,0.9918416666666667
9516.903,4.192,0.101,0.9918666666666667
9517.911,4.188,0.1,0.9918916666666666
9518.918,4.188,0.099,0.9919166666666667
9519.912,4.192,0.098,0.9919416666666666
9520.922,4.196,0.1,0.9919583333333333
9521.914,4.188,0.098,0.9919833333333334
9522.924,4.188,0.097,0.9920083333333334
9523.916,4.188,0.098,0.992025
9524.924,4.188,0.099,0.99205
9525.929,4.192,0.098,0.992075
9526.923,4.196,0.098,0.9921
9527.928,4.188,0.097,0.9921166666666666
9528.938,4.192,0.1,0.9921416666666666
9529.929,4.192,0.098,0.9921666666666666
9530.935,4.188,0.097,0.9921916666666668
9531.942,4.192,0.098,0.9922083333333334
9532.934,4.192,0.097,0.9922333333333334
9533.94,4.188,0.097,0.9922583333333334
9534.95,4.188,0.099,0.992275
9535.941,4.192,0.096,0.9923
9536.943,4.188,0.096,0.992325
9537.956,4.188,0.1,0.99235
9538.96,4.192,0.098,0.9923666666666666
9539.947,4.192,0.097,0.9923916666666666
9540.948,4.188,0.098,0.9924166666666667
9541.961,4.192,0.096,0.9924333333333334
9542.962,4.192,0.095,0.9924583333333333
9543.964,4.192,0.095,0.9924833333333334
9544.961,4.192,0.095,0.9925
9545.965,4.188,0.096,0.992525
9546.966,4.184,0.097,0.9925499999999999
9547.967,4.192,0.096,0.9925666666666666
9548.972,4.192,0.097,0.9925916666666665
9549.973,4.188,0.095,0.9926166666666667
9550.973,4.196,0.096,0.9926333333333334
9551.976,4.188,0.096,0.9926583333333334
9552.982,4.188,0.096,0.9926833333333334
9553.984,4.184,0.095,0.9927
9554.989,4.192,0.096,0.992725
9555.979,4.188,0.094,0.9927499999999999
9556.982,4.192,0.095,0.9927666666666666
9557.986,4.196,0.095,0.9927916666666666
9558.99,4.188,0.095,0.9928166666666668
9559.993,4.196,0.094,0.9928333333333335
9560.998,4.184,0.095,0.9928583333333334
9562.006,4.192,0.094,0.9928750000000001
9563.008,4.192,0.092,0.9929
9563.998,4.188,0.095,0.992925
9565.001,4.192,0.096,0.9929416666666666
9566.003,4.188,0.094,0.9929666666666667
9567.006,4.196,0.092,0.9929916666666666
9568.006,4.196,0.093,0.9930083333333333
9569.006,4.192,0.092,0.9930333333333334
9570.007,4.196,0.093,0.9930500000000001
9571.012,4.196,0.092,0.993075
9572.015,4.196,0.092,0.9930916666666667
9573.017,4.192,0.094,0.9931166666666666
9574.019,4.192,0.093,0.9931416666666667
9575.027,4.192,0.092,0.9931583333333333
9576.032,4.196,0.093,0.9931833333333333
9577.033,4.192,0.093,0.9932
9578.035,4.188,0.094,0.9932249999999999
9579.038,4.192,0.094,0.9932500000000001
9580.041,4.192,0.093,0.9932666666666667
9581.031,4.196,0.091,0.9932916666666667
9582.036,4.192,0.091,0.9933083333333333
9583.042,4.192,0.093,0.9933333333333333
9584.041,4.196,0.093,0.99335
9585.044,4.188,0.092,0.993375
9586.043,4.188,0.092,0.9933916666666666
9587.044,4.192,0.09,0.9934166666666666
9588.047,4.196,0.093,0.9934416666666668
9589.05,4.192,0.092,0.9934583333333334
9590.053,4.192,0.091,0.9934833333333334
9591.052,4.188,0.092,0.9935
9592.057,4.192,0.092,0.993525
9593.059,4.192,0.091,0.9935416666666667
9594.063,4.192,0.09,0.9935666666666666
9595.064,4.188,0.089,0.9935833333333333
9596.07,4.192,0.091,0.9936083333333333
9597.06,4.188,0.092,0.9936249999999999
9598.065,4.192,0.09,0.9936500000000001
9599.076,4.196,0.091,0.9936666666666667
9600.069,4.196,0.091,0.9936916666666668
9601.077,4.192,0.09,0.9937166666666667
9602.082,4.188,0.089,0.9937333333333334
9603.075,4.192,0.091,0.9937583333333333
9604.074,4.192,0.09,0.993775
9605.091,4.196,0.088,0.9937916666666666
9606.092,4.188,0.088,0.9938166666666666
9607.091,4.192,0.089,0.9938333333333332
9608.088,4.192,0.087,0.9938583333333334
9609.086,4.192,0.089,0.9938750000000001
9610.086,4.192,0.089,0.9939
9611.101,4.192,0.088,0.9939166666666667
9612.103,4.196,0.089,0.9939416666666667
9613.106,4.188,0.09,0.9939583333333334
9614.108,4.188,0.089,0.9939833333333333
9615.095,4.192,0.091,0.994
9616.113,4.188,0.088,0.9940249999999999
9617.111,4.192,0.088,0.9940416666666666
9618.112,4.188,0.089,0.9940666666666668
9619.117,4.192,0.088,0.9940833333333334
9620.12,4.192,0.088,0.9941000000000001
9621.122,4.192,0.087,0.994125
9622.124,4.196,0.089,0.9941416666666667
9623.113,4.188,0.089,0.9941666666666666
9624.119,4.192,0.088,0.9941833333333333
9625.12,4.196,0.088,0.9942083333333332
9626.125,4.192,0.088,0.9942249999999999
9627.128,4.188,0.087,0.99425
9628.13,4.192,0.087,0.9942666666666665
9629.131,4.188,0.088,0.9942916666666668
9630.13,4.192,0.088,0.9943083333333333
9631.133,4.192,0.087,0.994325
9632.132,4.196,0.086,0.9943500000000001
9633.135,4.192,0.088,0.9943666666666666
9634.137,4.184,0.09,0.9943916666666667
9635.142,4.188,0.088,0.9944083333333333
9636.145,4.188,0.09,0.9944333333333333
9637.146,4.196,0.086,0.99445
9638.152,4.196,0.088,0.9944749999999999
9639.154,4.192,0.087,0.9944916666666668
9640.158,4.184,0.086,0.9945083333333334
9641.158,4.192,0.088,0.9945333333333334
9642.164,4.188,0.086,0.99455
9643.156,4.196,0.086,0.994575
9644.163,4.192,0.085,0.9945916666666667
9645.169,4.188,0.086,0.9946083333333333
9646.161,4.192,0.086,0.9946333333333333
9647.169,4.192,0.085,0.9946499999999999
9648.177,4.192,0.088,0.9946749999999999
9649.168,4.188,0.085,0.9946916666666668
9650.18,4.188,0.085,0.9947083333333334
9651.171,4.196,0.088,0.9947333333333334
9652.179,4.192,0.085,0.99475
9653.172,4.196,0.084,0.9947666666666667
9654.181,4.188,0.086,0.9947916666666666
9655.184,4.188,0.086,0.9948083333333333
9656.179,4.192,0.083,0.9948333333333333
9657.181,4.192,0.084,0.9948499999999999
9658.19,4.192,0.084,0.9948666666666666
9659.197,4.192,0.084,0.9948916666666666
9660.189,4.196,0.083,0.9949083333333334
9661.196,4.188,0.085,0.9949250000000001
9662.203,4.192,0.084,0.99495
9663.193,4.192,0.085,0.9949666666666667
9664.195,4.196,0.085,0.9949833333333333
9665.21,4.196,0.085,0.9950083333333333
9666.203,4.196,0.085,0.9950249999999999
9667.208,4.192,0.083,0.9950416666666666
9668.216,4.192,0.085,0.9950666666666667
9669.206,4.2,0.085,0.9950833333333332
9670.212,4.192,0.083,0.9950999999999999
9671.219,4.192,0.085,0.995125
9672.211,4.192,0.083,0.9951416666666667
9673.214,4.192,0.082,0.9951583333333334
9674.216,4.192,0.083,0.9951833333333333
9675.217,4.192,0.085,0.9952
9676.217,4.192,0.084,0.9952166666666666
9677.231,4.192,0.083,0.9952416666666667
9678.223,4.192,0.084,0.9952583333333332
9679.231,4.196,0.083,0.9952749999999999
9680.237,4.192,0.084,0.9953
9681.23,4.192,0.081,0.9953166666666667
9682.236,4.188,0.083,0.9953333333333334
9683.243,4.192,0.082,0.9953583333333333
9684.236,4.192,0.082,0.995375
9685.241,4.192,0.082,0.9953916666666667
9686.249,4.192,0.082,0.9954083333333333
9687.24,4.192,0.081,0.9954333333333333
9688.249,4.188,0.082,0.99545
9689.255,4.192,0.08,0.9954666666666666
9690.248,4.192,0.081,0.9954833333333333
9691.257,4.196,0.082,0.9955083333333332
9692.263,4.192,0.083,0.9955250000000001
9693.257,4.196,0.081,0.9955416666666668
9694.263,4.188,0.083,0.9955666666666667
9695.255,4.192,0.081,0.9955833333333334
9696.26,4.192,0.082,0.9956
9697.273,4.2,0.082,0.9956166666666667
9698.276,4.192,0.082,0.9956416666666666
9699.264,4.192,0.081,0.9956583333333333
9700.273,4.192,0.082,0.995675
9701.279,4.192,0.079,0.9956916666666666
9702.271,4.192,0.081,0.9957166666666666
9703.281,4.196,0.079,0.9957333333333335
9704.275,4.192,0.08,0.99575
9705.283,4.188,0.082,0.9957666666666667
9706.291,4.192,0.083,0.9957916666666667
9707.286,4.196,0.08,0.9958083333333334
9708.291,4.188,0.082,0.995825
9709.286,4.196,0.081,0.9958416666666666
9710.293,4.2,0.083,0.9958666666666667
9711.288,4.196,0.081,0.9958833333333333
9712.294,4.192,0.079,0.9958999999999999
9713.304,4.188,0.081,0.9959166666666666
9714.296,4.192,0.081,0.9959416666666667
9715.305,4.192,0.082,0.9959583333333334
9716.297,4.196,0.083,0.995975
9717.306,4.196,0.082,0.996
9718.314,4.196,0.082,0.9960166666666667
9719.307,4.192,0.08,0.9960333333333333
9720.316,4.196,0.08,0.99605
9721.307,4.192,0.08,0.9960749999999999
9722.315,4.192,0.079,0.9960916666666666
9723.324,4.196,0.079,0.9961083333333333
9724.326,4.196,0.08,0.9961249999999999
9725.329,4.196,0.078,0.9961416666666666
9726.318,4.188,0.079,0.9961666666666668
9727.327,4.192,0.08,0.9961833333333334
9728.333,4.2,0.08,0.9962000000000001
9729.326,4.192,0.079,0.9962166666666668
9730.331,4.196,0.078,0.9962333333333333
9731.338,4.196,0.078,0.9962583333333334
9732.332,4.196,0.079,0.996275
9733.337,4.196,0.08,0.9962916666666666
9734.346,4.188,0.079,0.9963083333333332
9735.338,4.196,0.08,0.9963249999999999
9736.349,4.196,0.08,0.99635
9737.351,4.192,0.08,0.9963666666666667
9738.355,4.196,0.08,0.9963833333333334
9739.357,4.196,0.08,0.9964000000000001
9740.358,4.192,0.078,0.9964166666666667
9741.361,4.196,0.078,0.9964416666666667
9742.36,4.192,0.076,0.9964583333333333
9743.362,4.196,0.08,0.996475
9744.355,4.196,0.079,0.9964916666666667
9745.368,4.192,0.078,0.9965083333333333
9746.36,4.192,0.079,0.9965333333333333
9747.37,4.192,0.079,0.9965499999999999
9748.364,4.196,0.08,0.9965666666666667
9749.365,4.192,0.077,0.9965833333333334
9750.37,4.192,0.077,0.9966
9751.381,4.196,0.076,0.9966166666666667
9752.375,4.196,0.076,0.9966333333333334
9753.382,4.196,0.077,0.9966583333333333
9754.376,4.196,0.078,0.996675
9755.384,4.196,0.076,0.9966916666666666
9756.378,4.196,0.077,0.9967083333333333
9757.387,4.196,0.078,0.996725
9758.395,4.196,0.076,0.9967416666666666
9759.385,4.192,0.078,0.9967583333333333
9760.39,4.188,0.077,0.9967833333333335
9761.4,4.196,0.076,0.9968
9762.393,4.196,0.078,0.9968166666666667
9763.401,4.196,0.077,0.9968333333333333
9764.395,4.196,0.076,0.99685
9765.4,4.192,0.078,0.9968666666666667
9766.406,4.192,0.076,0.9968833333333333
9767.4,4.192,0.075,0.9969083333333333
9768.407,4.192,0.075,0.996925
9769.414,4.196,0.075,0.9969416666666666
9770.409,4.2,0.075,0.9969583333333333
9771.417,4.192,0.075,0.996975
9772.408,4.196,0.076,0.9969916666666667
9773.416,4.192,0.074,0.9970083333333334
9774.421,4.2,0.077,0.997025
9775.415,4.196,0.078,0.9970416666666667
9776.423,4.192,0.075,0.9970583333333334
9777.431,4.196,0.075,0.9970833333333333
9778.421,4.196,0.073,0.9971
9779.429,4.192,0.075,0.9971166666666667
9780.437,4.192,0.075,0.9971333333333333
9781.428,4.2,0.075,0.99715
9782.436,4.2,0.074,0.9971666666666666
9783.439,4.196,0.074,0.9971833333333332
9784.439,4.192,0.075,0.9972000000000001
9785.438,4.192,0.0,0.9972000000000001
9786.442,4.184,0.0,0.9972000000000001
9787.444,4.188,-0.0,0.9972000000000001
9788.45,4.184,-0.0,0.9972000000000001
9789.442,4.184,-0.0,0.9972000000000001
9790.444,4.184,-0.0,0.9972000000000001
9791.449,4.184,-0.0,0.9972000000000001
9792.454,4.184,0.0,0.9972000000000001
9793.462,4.192,-0.0,0.9972000000000001
9794.466,4.184,-0.0,0.9972000000000001
9795.47,4.18,-0.0,0.9972000000000001
9796.46,4.184,0.0,0.9972000000000001
9797.462,4.184,0.0,0.9972000000000001
9798.468,4.18,-0.0,0.9972000000000001
9799.471,4.18,-0.0,0.9972000000000001
9800.478,4.184,0.0,0.9972000000000001
9801.467,4.184,-0.0,0.9972000000000001
9802.471,4.184,-0.0,0.9972000000000001
9803.475,4.18,0.0,0.9972000000000001
9804.473,4.18,-0.0,0.9972000000000001
9805.476,4.18,-0.0,0.9972000000000001
9806.489,4.188,-0.0,0.9972000000000001
9807.49,4.18,0.0,0.9972000000000001
9808.49,4.184,0.0,0.9972000000000001
9809.492,4.184,-0.0,0.9972000000000001
9810.486,4.184,-0.0,0.9972000000000001
9811.486,4.176,-0.0,0.9972000000000001
9812.49,4.176,0.0,0.9972000000000001
9813.498,4.188,-0.0,0.9972000000000001
9814.498,4.176,-0.0,0.9972000000000001
9815.504,4.18,-0.0,0.9972000000000001
9816.511,4.192,-0.0,0.9972000000000001
9817.505,4.184,-0.0,0.9972000000000001
9818.512,4.176,0.0,0.9972000000000001
9819.516,4.18,0.0,0.9972000000000001
9820.506,4.176,0.0,0.9972000000000001
9821.515,4.18,-0.0,0.9972000000000001
9822.517,4.18,-0.0,0.9972000000000001
9823.526,4.18,0.0,0.9972000000000001
9824.515,4.184,-0.0,0.9972000000000001
9825.52,4.184,-0.0,0.9972000000000001
9826.527,4.176,-0.0,0.9972000000000001
9827.521,4.176,0.0,0.9972000000000001
9828.528,4.172,0.0,0.9972000000000001
9829.536,4.18,-0.0,0.9972000000000001
9830.527,4.172,-0.0,0.9972000000000001
9831.537,4.184,-0.0,0.9972000000000001
9832.53,4.18,-0.0,0.9972000000000001
9833.537,4.172,-0.0,0.9972000000000001
9834.543,4.176,-0.0,0.9972000000000001
9835.536,4.18,0.0,0.9972000000000001
9836.542,4.176,-0.0,0.9972000000000001
9837.545,4.176,-0.0,0.9972000000000001
9838.549,4.176,-0.0,0.9972000000000001
9839.553,4.176,-0.0,0.9972000000000001
9840.556,4.176,-0.0,0.9972000000000001
9841.56,4.18,-0.0,0.9972000000000001
9842.55,4.176,-0.0,0.9972000000000001
9843.553,4.172,0.0,0.9972000000000001
9844.563,4.18,0.0,0.9972000000000001
9845.565,4.18,-0.0,0.9972000000000001
9846.568,4.18,-0.0,0.9972000000000001
9847.569,4.176,-0.0,0.9972000000000001
9848.57,4.176,-0.0,0.9972000000000001
9849.573,4.172,-0.0,0.9972000000000001
9850.573,4.176,-0.0,0.9972000000000001
9851.575,4.176,0.0,0.9972000000000001
9852.579,4.18,0.0,0.9972000000000001
9853.584,4.176,-0.0,0.9972000000000001
9854.585,4.18,-0.0,0.9972000000000001
9855.588,4.18,-0.0,0.9972000000000001
9856.58,4.176,-0.0,0.9972000000000001
9857.579,4.176,0.0,0.9972000000000001
9858.582,4.184,-0.0,0.9972000000000001
9859.582,4.172,-0.0,0.9972000000000001
9860.586,4.18,-0.0,0.9972000000000001
9861.592,4.176,-0.0,0.9972000000000001
9862.598,4.172,-0.0,0.9972000000000001
9863.601,4.176,-0.0,0.9972000000000001
9864.605,4.176,-0.0,0.9972000000000001
9865.595,4.18,-0.0,0.9972000000000001
9866.607,4.176,-0.0,0.9972000000000001
9867.607,4.168,-0.0,0.9972000000000001
9868.608,4.172,-0.0,0.9972000000000001
9869.609,4.176,-0.0,0.9972000000000001
9870.607,4.18,-0.0,0.9972000000000001
9871.609,4.176,-0.0,0.9972000000000001
9872.61,4.184,-0.0,0.9972000000000001
9873.622,4.176,-0.0,0.9972000000000001
9874.623,4.176,0.0,0.9972000000000001
9875.624,4.176,-0.0,0.9972000000000001
9876.628,4.176,-0.0,0.9972000000000001
9877.631,4.176,-0.0,0.9972000000000001
9878.634,4.176,-0.0,0.9972000000000001
9879.622,4.172,-0.0,0.9972000000000001
9880.627,4.164,-0.0,0.9972000000000001
9881.632,4.172,-0.0,0.9972000000000001
9882.633,4.176,-0.0,0.9972000000000001
9883.636,4.18,-0.0,0.9972000000000001
9884.64,4.172,-0.0,0.9972000000000001
9885.644,4.16,-0.0,0.9972000000000001
9886.65,4.176,0.0,0.9972000000000001
9887.64,4.16,-0.0,0.9972000000000001
9888.642,4.172,0.0,0.9972000000000001
9889.645,4.172,-0.0,0.9972000000000001
9890.651,4.172,-0.0,0.9972000000000001
9891.655,4.18,-0.0,0.9972000000000001
9892.657,4.168,-0.0,0.9972000000000001
9893.661,4.172,-0.0,0.9972000000000001
9894.665,4.176,-0.0,0.9972000000000001
9895.668,4.172,-0.0,0.9972000000000001
9896.657,4.172,-0.0,0.9972000000000001
9897.663,4.168,-0.0,0.9972000000000001
9898.67,4.168,-0.0,0.9972000000000001
9899.663,4.172,-0.0,0.9972000000000001
9900.672,4.176,-0.0,0.9972000000000001
9901.68,4.172,-0.0,0.9972000000000001
9902.676,4.168,-0.0,0.9972000000000001
9903.677,4.18,-0.0,0.9972000000000001
9904.68,4.176,0.0,0.9972000000000001
9905.679,4.176,-0.001,0.9972000000000001
9906.682,4.176,-0.0,0.9972000000000001
9907.686,4.168,0.0,0.9972000000000001
9908.689,4.18,-0.0,0.9972000000000001
9909.693,4.172,-0.0,0.9972000000000001
9910.692,4.172,-0.0,0.9972000000000001
9911.696,4.176,0.0,0.9972000000000001
9912.699,4.168,-0.0,0.9972000000000001
9913.702,4.172,-0.0,0.9972000000000001
9914.705,4.164,-0.0,0.9972000000000001
9915.695,4.168,-0.0,0.9972000000000001
9916.701,4.172,-0.0,0.9972000000000001
9917.703,4.172,-0.0,0.9972000000000001
9918.705,4.172,-0.0,0.9972000000000001
9919.71,4.168,-0.0,0.9972000000000001
9920.712,4.176,-0.0,0.9972000000000001
9921.715,4.172,0.0,0.9972000000000001
9922.721,4.16,-0.0,0.9972000000000001
9923.709,4.172,-0.0,0.9972000000000001
9924.717,4.168,-0.0,0.9972000000000001
9925.721,4.168,-0.0,0.9972000000000001
9926.724,4.172,0.0,0.9972000000000001
9927.729,4.168,-0.0,0.9972000000000001
9928.734,4.164,-0.0,0.9972000000000001
9929.722,4.168,-0.0,0.9972000000000001
9930.725,4.168,0.0,0.9972000000000001
9931.731,4.172,0.0,0.9972000000000001
9932.736,4.168,0.0,0.9972000000000001
9933.738,4.164,-0.0,0.9972000000000001
9934.743,4.164,-0.0,0.9972000000000001
9935.743,4.168,-0.0,0.9972000000000001
9936.746,4.168,-0.0,0.9972000000000001
9937.747,4.164,-0.0,0.9972000000000001
9938.746,4.164,0.0,0.9972000000000001
9939.748,4.168,0.0,0.9972000000000001
9940.756,4.168,-0.0,0.9972000000000001
9941.749,4.172,-0.0,0.9972000000000001
9942.751,4.176,-0.0,0.9972000000000001
9943.757,4.168,-0.0,0.9972000000000001
9944.764,4.176,-0.0,0.9972000000000001
9945.755,4.164,0.0,0.9972000000000001
9946.76,4.164,0.0,0.9972000000000001
9947.77,4.172,-0.0,0.9972000000000001
9948.762,4.172,-0.0,0.9972000000000001
9949.768,4.168,0.0,0.9972000000000001
9950.778,4.172,0.0,0.9972000000000001
9951.771,4.172,-0.0,0.9972000000000001
9952.78,4.16,-0.0,0.9972000000000001
9953.768,4.172,-0.0,0.9972000000000001
9954.778,4.172,0.0,0.9972000000000001
9955.784,4.168,-0.0,0.9972000000000001
9956.776,4.176,-0.0,0.9972000000000001
9957.785,4.176,-0.0,0.9972000000000001
9958.791,4.168,-0.0,0.9972000000000001
9959.785,4.168,0.0,0.9972000000000001
9960.791,4.164,-0.0,0.9972000000000001
9961.799,4.164,-0.0,0.9972000000000001
9962.79,4.168,-0.0,0.9972000000000001
9963.795,4.164,0.0,0.9972000000000001
9964.795,4.168,-0.0,0.9972000000000001
9965.797,4.168,-0.0,0.9972000000000001
9966.804,4.168,-0.0,0.9972000000000001
9967.809,4.172,-0.0,0.9972000000000001
9968.798,4.168,-0.001,0.9972000000000001
9969.801,4.176,0.0,0.9972000000000001
9970.802,4.168,0.0,0.9972000000000001
9971.808,4.172,-0.0,0.9972000000000001
9972.815,4.176,-0.0,0.9972000000000001
9973.821,4.172,-0.0,0.9972000000000001
9974.81,4.16,-0.0,0.9972000000000001
9975.812,4.16,-0.0,0.9972000000000001
9976.816,4.168,-0.0,0.9972000000000001
9977.818,4.172,-0.0,0.9972000000000001
9978.822,4.172,0.0,0.9972000000000001
9979.826,4.16,0.0,0.9972000000000001
9980.827,4.168,0.0,0.9972000000000001
9981.83,4.168,-0.0,0.9972000000000001
9982.833,4.164,-0.0,0.9972000000000001
9983.832,4.168,0.0,0.9972000000000001
9984.832,4.168,-0.0,0.9972000000000001
9985.839,4.172,0.0,0.9972000000000001
9986.842,4.164,-0.0,0.9972000000000001
9987.845,4.172,-0.0,0.9972000000000001
9988.848,4.172,-0.0,0.9972000000000001
9989.852,4.16,-0.0,0.9972000000000001
9990.852,4.164,-0.001,0.9972000000000001
9991.855,4.164,0.0,0.9972000000000001
9992.858,4.168,-0.0,0.9972000000000001
9993.847,4.168,0.0,0.9972000000000001
9994.85,4.172,0.0,0.9972000000000001
9995.857,4.168,-0.0,0.9972000000000001
9996.862,4.164,-0.0,0.9972000000000001
9997.866,4.164,-0.0,0.9972000000000001
9998.871,4.172,-0.0,0.9972000000000001
9999.874,4.168,0.0,0.9972000000000001
10000.873,4.172,0.0,0.9972000000000001
10001.876,4.16,-0.0,0.9972000000000001
10002.875,4.164,-0.0,0.9972000000000001
10003.876,4.168,0.0,0.9972000000000001
10004.875,4.164,-0.0,0.9972000000000001
10005.875,4.16,-0.0,0.9972000000000001
10006.878,4.164,0.0,0.9972000000000001
10007.883,4.164,-0.0,0.9972000000000001
10008.882,4.164,0.0,0.9972000000000001
10009.884,4.164,0.0,0.9972000000000001
10010.889,4.168,-0.0,0.9972000000000001
10011.892,4.168,-0.0,0.9972000000000001
10012.897,4.16,0.0,0.9972000000000001
10013.899,4.172,-0.0,0.9972000000000001
10014.902,4.164,-0.0,0.9972000000000001
10015.906,4.168,0.0,0.9972000000000001
10016.894,4.172,-0.0,0.9972000000000001
10017.896,4.168,-0.0,0.9972000000000001
10018.912,4.168,-0.0,0.9972000000000001
10019.901,4.164,-0.0,0.9972000000000001
10020.903,4.168,-0.0,0.9972000000000001
10021.905,4.164,-0.0,0.9972000000000001
10022.906,4.16,-0.0,0.9972000000000001
10023.91,4.172,-0.0,0.9972000000000001
10024.913,4.168,-0.0,0.9972000000000001
10025.913,4.164,-0.0,0.9972000000000001
10026.917,4.16,-0.0,0.9972000000000001
10027.919,4.16,-0.0,0.9972000000000001
10028.924,4.168,-0.0,0.9972000000000001
10029.929,4.16,-0.0,0.9972000000000001
10030.93,4.16,-0.0,0.9972000000000001
10031.932,4.164,-0.0,0.9972000000000001
10032.935,4.16,-0.0,0.9972000000000001
10033.941,4.156,-0.0,0.9972000000000001
10034.942,4.168,-0.0,0.9972000000000001
10035.946,4.16,-0.0,0.9972000000000001
10036.933,4.172,0.0,0.9972000000000001
10037.94,4.164,0.0,0.9972000000000001
10038.943,4.168,-0.0,0.9972000000000001
10039.948,4.164,-0.0,0.9972000000000001
10040.955,4.168,-0.0,0.9972000000000001
10041.955,4.16,-0.0,0.9972000000000001
10042.96,4.16,0.0,0.9972000000000001
10043.962,4.168,-0.0,0.9972000000000001
10044.954,4.164,-0.0,0.9972000000000001
10045.957,4.168,-0.0,0.9972000000000001
10046.966,4.164,-0.0,0.9971916666666668
10047.967,4.164,-0.0,0.9971916666666668
10048.97,4.164,-0.0,0.9971916666666668
10049.974,4.172,0.0,0.9971916666666668
10050.962,4.168,-0.0,0.9971916666666668
10051.969,4.16,-0.0,0.9971916666666668
10052.975,4.16,-0.0,0.9971916666666668
10053.976,4.16,0.0,0.9971916666666668
10054.979,4.164,-0.0,0.9971916666666668
10055.983,4.16,-0.0,0.9971916666666668
10056.988,4.164,0.0,0.9971916666666668
10057.991,4.168,-0.0,0.9971916666666668
10058.978,4.152,-0.0,0.9971916666666668
10059.994,4.172,0.0,0.9971916666666668
10060.981,4.16,0.0,0.9971916666666668
10061.988,4.16,-0.0,0.9971916666666668
10062.993,4.168,-0.0,0.9971916666666668
10063.999,4.168,-0.0,0.9971916666666668
10065.003,4.168,-0.0,0.9971916666666668
10066.004,4.156,-0.0,0.9971916666666668
10067.001,4.168,0.0,0.9971916666666668
10068.002,4.164,-0.0,0.9971916666666668
10068.998,4.164,0.0,0.9971916666666668
10070.002,4.168,-0.0,0.9971916666666668
10071.011,4.168,-0.0,0.9971916666666668
10072.017,4.172,-0.0,0.9971916666666668
10073.009,4.164,-0.0,0.9971916666666668
10074.014,4.168,0.0,0.9971916666666668
10075.023,4.16,0.0,0.9971916666666668
10076.011,4.164,-0.0,0.9971916666666668
10077.02,4.16,-0.0,0.9971916666666668
10078.027,4.168,-0.0,0.9971916666666668
10079.019,4.164,-0.0,0.9971916666666668
10080.026,4.16,-0.0,0.9971916666666668
10081.032,4.168,0.0,0.9971916666666668
10082.023,4.164,-0.0,0.9971916666666668
10083.025,4.168,0.0,0.9971916666666668
10084.04,4.16,0.0,0.9971916666666668
10085.04,4.16,-0.0,0.9971916666666668
10086.042,4.164,-0.0,0.9971916666666668
10087.033,4.168,-0.0,0.9971916666666668
10088.035,4.168,0.0,0.9971916666666668
10089.052,4.16,-0.001,0.9971916666666668
10090.053,4.164,-0.0,0.9971916666666668
10091.052,4.164,-0.0,0.9971916666666668
10092.051,4.168,-0.0,0.9971916666666668
10093.057,4.168,0.0,0.9971916666666668
10094.06,4.164,0.0,0.9971916666666668
10095.061,4.156,-0.0,0.9971916666666668
10096.066,4.16,-0.0,0.9971916666666668
10097.055,4.164,-0.0,0.9971916666666668
10098.061,4.168,0.0,0.9971916666666668
10099.064,4.164,-0.0,0.9971916666666668
10100.067,4.164,-0.0,0.9971916666666668
10101.067,4.164,-0.0,0.9971916666666668
10102.071,4.16,-0.0,0.9971916666666668
10103.074,4.164,-0.0,0.9971916666666668
10104.076,4.156,-0.0,0.9971916666666668
10105.079,4.16,-0.0,0.9971916666666668
10106.082,4.164,0.0,0.9971916666666668
10107.088,4.16,-0.0,0.9971916666666668
10108.076,4.164,-0.0,0.9971916666666668
10109.08,4.164,-0.0,0.9971916666666668
10110.082,4.164,-0.0,0.9971916666666668
10111.084,4.164,0.0,0.9971916666666668
10112.091,4.164,-0.0,0.9971916666666668
10113.094,4.156,0.0,0.9971916666666668
10114.096,4.16,-0.001,0.9971916666666668
10115.097,4.164,-0.0,0.9971916666666668
10116.1,4.164,-0.0,0.9971916666666668
10117.105,4.16,-0.0,0.9971916666666668
10118.108,4.164,-0.0,0.9971916666666668
10119.112,4.168,-0.0,0.9971916666666668
10120.099,4.156,-0.0,0.9971916666666668
10121.103,4.16,0.0,0.9971916666666668
10122.105,4.156,-0.0,0.9971916666666668
10123.106,4.16,-0.0,0.9971916666666668
10124.111,4.172,-0.0,0.9971916666666668
10125.113,4.168,0.0,0.9971916666666668
10126.114,4.164,-0.0,0.9971916666666668
10127.115,4.164,0.0,0.9971916666666668
10128.121,4.156,-0.0,0.9971916666666668
10129.122,4.156,-0.0,0.9971916666666668
10130.126,4.16,-0.0,0.9971916666666668
10131.124,4.156,0.0,0.9971916666666668
10132.127,4.16,-0.0,0.9971916666666668
10133.129,4.156,0.0,0.9971916666666668
10134.141,4.156,-0.0,0.9971916666666668
10135.143,4.168,0.0,0.9971916666666668
10136.144,4.16,-0.0,0.9971916666666668
10137.144,4.152,0.0,0.9971916666666668
10138.146,4.168,-0.0,0.9971916666666668
10139.148,4.164,-0.0,0.9971916666666668
10140.149,4.16,0.0,0.9971916666666668
10141.149,4.16,0.0,0.9971916666666668
10142.152,4.16,0.0,0.9971916666666668
10143.153,4.156,-0.0,0.9971916666666668
10144.156,4.16,-0.0,0.9971916666666668
10145.157,4.164,-0.0,0.9971916666666668
10146.157,4.168,-0.0,0.9971916666666668
10147.157,4.16,-0.0,0.9971916666666668
10148.159,4.164,0.0,0.9971916666666668
10149.164,4.164,0.0,0.9971916666666668
10150.164,4.164,-0.0,0.9971916666666668
10151.162,4.16,0.0,0.9971916666666668
10152.165,4.16,0.0,0.9971916666666668
10153.166,4.164,0.0,0.9971916666666668
10154.168,4.16,-0.0,0.9971916666666668
10155.171,4.16,-0.0,0.9971916666666668
10156.175,4.156,-0.0,0.9971916666666668
10157.178,4.156,-0.0,0.9971916666666668
10158.185,4.16,-0.0,0.9971916666666668
10159.188,4.156,0.0,0.9971916666666668
10160.178,4.164,0.0,0.9971916666666668
10161.18,4.164,-0.0,0.9971916666666668
10162.184,4.16,-0.0,0.9971916666666668
10163.189,4.16,-0.0,0.9971916666666668
10164.193,4.152,-0.0,0.9971916666666668
10165.195,4.164,0.0,0.9971916666666668
10166.198,4.164,-0.0,0.9971916666666668
10167.2,4.164,-0.0,0.9971916666666668
10168.202,4.16,-0.0,0.9971916666666668
10169.202,4.164,-0.0,0.9971916666666668
10170.205,4.168,-0.0,0.9971916666666668
10171.205,4.164,-0.0,0.9971916666666668
10172.211,4.16,-0.0,0.9971916666666668
10173.215,4.164,-0.0,0.9971916666666668
10174.22,4.156,0.0,0.9971916666666668
10175.208,4.16,-0.0,0.9971916666666668
10176.212,4.16,-0.0,0.9971916666666668
10177.215,4.156,0.0,0.9971916666666668
10178.217,4.156,-0.0,0.9971916666666668
10179.216,4.16,-0.001,0.9971916666666668
10180.231,4.164,-0.0,0.9971916666666668
10181.233,4.16,-0.0,0.9971916666666668
10182.233,4.164,-0.0,0.9971916666666668
10183.239,4.16,-0.0,0.9971916666666668
10184.24,4.168,-0.0,0.9971916666666668
10185.23,4.16,-0.0,0.9971916666666668
10186.235,4.168,-0.0,0.9971916666666668
10187.238,4.164,-0.0,0.9971916666666668
10188.242,4.16,-0.0,0.9971916666666668
10189.248,4.156,-0.0,0.9971916666666668
10190.248,4.164,0.0,0.9971916666666668
10191.249,4.16,-0.0,0.9971916666666668
10192.252,4.16,0.0,0.9971916666666668
10193.258,4.16,0.0,0.9971916666666668
10194.258,4.156,-0.0,0.9971916666666668
10195.262,4.16,0.0,0.9971916666666668
10196.261,4.156,-0.0,0.9971916666666668
10197.261,4.16,0.0,0.9971916666666668
10198.26,4.156,-0.0,0.9971916666666668
10199.264,4.16,-0.0,0.9971916666666668
10200.267,4.168,0.0,0.9971916666666668
10201.271,4.16,0.0,0.9971916666666668
10202.274,4.164,-0.0,0.9971916666666668
10203.273,4.16,-0.0,0.9971916666666668
10204.274,4.16,0.0,0.9971916666666668
10205.271,4.164,0.0,0.9971916666666668
10206.276,4.16,-0.0,0.9971916666666668
10207.278,4.164,-0.0,0.9971916666666668
10208.28,4.156,-0.0,0.9971916666666668
10209.285,4.16,-0.0,0.9971916666666668
10210.287,4.156,0.0,0.9971916666666668
10211.288,4.156,-0.0,0.9971916666666668
10212.291,4.156,-0.0,0.9971916666666668
10213.295,4.156,0.0,0.9971916666666668
10214.298,4.16,-0.0,0.9971916666666668
10215.287,4.156,0.0,0.9971916666666668
10216.29,4.156,-0.0,0.9971916666666668
10217.295,4.16,-0.0,0.9971916666666668
10218.297,4.148,-0.0,0.9971916666666668
10219.301,4.164,0.0,0.9971916666666668
10220.305,4.16,-0.0,0.9971916666666668
10221.31,4.152,-0.0,0.9971916666666668
10222.316,4.156,-0.0,0.9971916666666668
10223.304,4.16,0.0,0.9971916666666668
10224.321,4.156,-0.0,0.9971916666666668
10225.308,4.156,-0.0,0.9971916666666668
10226.323,4.164,-0.0,0.9971916666666668
10227.325,4.156,-0.0,0.9971916666666668
10228.327,4.16,-0.0,0.9971916666666668
10229.328,4.164,-0.0,0.9971916666666668
10230.331,4.16,0.0,0.9971916666666668
10231.335,4.156,-0.0,0.9971916666666668
10232.333,4.16,0.0,0.9971916666666668
10233.336,4.16,-0.0,0.9971916666666668
10234.341,4.16,-0.0,0.9971916666666668
10235.34,4.152,-0.0,0.9971916666666668
10236.344,4.152,-0.0,0.9971916666666668
10237.343,4.164,0.0,0.9971916666666668
10238.341,4.164,0.0,0.9971916666666668
10239.344,4.16,0.0,0.9971916666666668
10240.346,4.16,-0.0,0.9971916666666668
10241.351,4.156,-0.0,0.9971916666666668
10242.353,4.152,-0.0,0.9971916666666668
10243.358,4.156,-0.0,0.9971916666666668
10244.36,4.156,-0.0,0.9971916666666668
10245.348,4.156,-0.0,0.9971916666666668
10246.353,4.156,-0.0,0.9971916666666668
10247.357,4.16,0.0,0.9971916666666668
10248.362,4.16,-0.001,0.9971916666666668
10249.362,4.164,-0.0,0.9971916666666668
10250.366,4.152,-0.0,0.9971916666666668
10251.367,4.164,-0.0,0.9971916666666668
10252.372,4.16,-0.0,0.9971916666666668
10253.378,4.16,-0.0,0.9971916666666668
10254.367,4.164,-0.0,0.9971916666666668
10255.371,4.156,0.0,0.9971916666666668
10256.376,4.156,-0.0,0.9971916666666668
10257.381,4.16,-0.0,0.9971916666666668
10258.385,4.164,-0.0,0.9971916666666668
10259.39,4.164,-0.0,0.9971916666666668
10260.377,4.156,0.0,0.9971916666666668
10261.391,4.164,0.0,0.9971916666666668
10262.393,4.156,-0.0,0.9971916666666668
10263.391,4.164,-0.0,0.9971916666666668
10264.39,4.16,-0.0,0.9971916666666668
10265.388,4.152,-0.0,0.9971916666666668
10266.389,4.16,-0.0,0.9971916666666668
10267.393,4.164,-0.0,0.9971916666666668
10268.398,4.164,-0.001,0.9971916666666668
10269.4,4.156,0.0,0.9971916666666668
10270.401,4.168,-0.0,0.9971916666666668
10271.401,4.16,-0.0,0.9971916666666668
10272.403,4.164,-0.0,0.9971916666666668
10273.405,4.164,-0.0,0.9971916666666668
10274.408,4.152,-0.0,0.9971916666666668
10275.413,4.156,-0.0,0.9971916666666668
10276.417,4.156,-0.0,0.9971916666666668
10277.418,4.16,-0.0,0.9971916666666668
10278.42,4.156,-0.0,0.9971916666666668
10279.421,4.156,-0.0,0.9971916666666668
10280.424,4.156,-0.0,0.9971916666666668
10281.429,4.16,-0.0,0.9971916666666668
10282.435,4.16,0.0,0.9971916666666668
10283.425,4.156,-0.0,0.9971916666666668
10284.427,4.156,-0.0,0.9971916666666668
10285.434,4.164,-0.0,0.9971916666666668
10286.436,4.156,-0.0,0.9971916666666668
10287.444,4.164,-0.0,0.9971916666666668
10288.447,4.152,0.0,0.9971916666666668
10289.448,4.16,-0.0,0.9971916666666668
10290.451,4.156,0.0,0.9971916666666668
10291.454,4.164,-0.0,0.9971916666666668
10292.442,4.156,-0.0,0.9971916666666668
10293.444,4.164,-0.0,0.9971916666666668
10294.448,4.156,-0.0,0.9971916666666668
10295.45,4.16,0.0,0.9971916666666668
10296.449,4.16,-0.0,0.9971916666666668
10297.455,4.156,-0.0,0.9971916666666668
10298.455,4.16,-0.0,0.9971916666666668
10299.459,4.156,-0.0,0.9971916666666668
10300.462,4.152,-0.0,0.9971916666666668
10301.468,4.152,0.0,0.9971916666666668
10302.465,4.164,0.0,0.9971916666666668
10303.467,4.156,-0.0,0.9971916666666668
10304.473,4.16,-0.0,0.9971916666666668
10305.477,4.16,-0.0,0.9971916666666668
10306.482,4.16,0.0,0.9971916666666668
10307.486,4.152,0.0,0.9971916666666668
10308.473,4.156,0.0,0.9971916666666668
10309.48,4.16,-0.0,0.9971916666666668
10310.486,4.156,-0.0,0.9971916666666668
10311.492,4.168,-0.0,0.9971916666666668
10312.495,4.16,-0.0,0.9971916666666668
10313.482,4.16,-0.0,0.9971916666666668
10314.499,4.152,0.0,0.9971916666666668
10315.499,4.16,0.0,0.9971916666666668
10316.5,4.164,-0.0,0.9971916666666668
10317.505,4.156,-0.0,0.9971916666666668
10318.505,4.16,-0.0,0.9971916666666668
10319.505,4.156,-0.0,0.9971916666666668
10320.504,4.156,-0.0,0.9971916666666668
10321.505,4.156,-0.0,0.9971916666666668
10322.509,4.156,0.0,0.9971916666666668
10323.512,4.156,0.0,0.9971916666666668
10324.514,4.156,-0.0,0.9971916666666668
10325.52,4.16,0.0,0.9971916666666668
10326.52,4.156,0.0,0.9971916666666668
10327.517,4.16,0.0,0.9971916666666668
10328.516,4.156,-0.0,0.9971916666666668
10329.517,4.16,0.0,0.9971916666666668
10330.529,4.152,-0.0,0.9971916666666668
10331.528,4.152,-0.001,0.9971916666666668
10332.531,4.152,0.0,0.9971916666666668
10333.534,4.156,-0.0,0.9971916666666668
10334.537,4.152,-0.0,0.9971916666666668
10335.539,4.152,-0.0,0.9971916666666668
10336.543,4.16,0.0,0.9971916666666668
10337.545,4.164,-0.0,0.9971916666666668
10338.532,4.16,-0.0,0.9971916666666668
10339.536,4.156,-0.0,0.9971916666666668
10340.549,4.16,-0.0,0.9971916666666668
10341.549,4.16,-0.0,0.9971916666666668
10342.548,4.152,-0.001,0.9971916666666668
10343.554,4.152,-0.0,0.9971916666666668
10344.555,4.16,-0.0,0.9971916666666668
10345.561,4.156,-0.0,0.9971916666666668
10346.561,4.156,-0.0,0.9971916666666668
10347.564,4.156,-0.0,0.9971916666666668
10348.552,4.152,-0.0,0.9971916666666668
10349.554,4.152,-0.0,0.9971916666666668
10350.558,4.152,-0.0,0.9971916666666668
10351.559,4.16,0.0,0.9971916666666668
10352.561,4.148,0.0,0.9971916666666668
10353.578,4.156,-0.0,0.9971916666666668
10354.564,4.16,-0.0,0.9971916666666668
10355.571,4.164,-0.0,0.9971916666666668
10356.569,4.156,-0.0,0.9971916666666668
10357.572,4.152,-0.0,0.9971916666666668
10358.588,4.16,-0.0,0.9971916666666668
10359.577,4.16,-0.0,0.9971916666666668
10360.58,4.156,0.0,0.9971916666666668
10361.583,4.16,-0.0,0.9971916666666668
10362.585,4.16,0.0,0.9971916666666668
10363.587,4.16,-0.0,0.9971916666666668
10364.587,4.16,0.0,0.9971916666666668
10365.588,4.156,-0.0,0.9971916666666668
10366.591,4.156,-0.0,0.9971916666666668
10367.592,4.164,-0.0,0.9971916666666668
10368.594,4.16,0.0,0.9971916666666668
10369.596,4.16,-0.0,0.9971916666666668
10370.596,4.156,-0.0,0.9971916666666668
10371.599,4.16,-0.0,0.9971916666666668
10372.6,4.156,-0.0,0.9971916666666668
10373.605,4.16,-0.0,0.9971916666666668
10374.606,4.16,-0.0,0.9971916666666668
10375.607,4.156,0.0,0.9971916666666668
10376.614,4.156,0.0,0.9971916666666668
10377.616,4.156,-0.0,0.9971916666666668
10378.617,4.152,-0.0,0.9971916666666668
10379.619,4.152,-0.0,0.9971916666666668
10380.624,4.152,0.0,0.9971916666666668
10381.624,4.152,-0.0,0.9971916666666668
10382.627,4.156,-0.0,0.9971916666666668
10383.629,4.156,-0.0,0.9971916666666668
10384.627,4.156,-0.0,0.9971916666666668
10385.626,4.16,-0.0,0.9971916666666668
10386.642,4.16,-0.0,0.9971916666666668
10387.63,4.156,0.0,0.9971916666666668
10388.646,4.152,0.0,0.9971916666666668
10389.649,4.156,-0.0,0.9971916666666668
10390.65,4.164,0.0,0.9971916666666668
10391.648,4.156,-0.001,0.9971833333333332
10392.651,4.156,-0.0,0.9971833333333332
10393.653,4.156,-0.0,0.9971833333333332
10394.654,4.156,-0.0,0.9971833333333332
10395.656,4.148,-0.0,0.9971833333333332
10396.657,4.152,0.0,0.9971833333333332
10397.658,4.152,0.0,0.9971833333333332
10398.662,4.164,0.0,0.9971916666666668
10399.666,4.16,0.0,0.9971916666666668
10400.67,4.152,0.0,0.9971916666666668
10401.67,4.16,-0.0,0.9971833333333332
10402.672,4.152,-0.0,0.9971833333333332
10403.676,4.152,-0.0,0.9971833333333332
10404.665,4.16,0.0,0.9971833333333332
10405.67,4.152,-0.0,0.9971833333333332
10406.673,4.16,-0.0,0.9971833333333332
10407.673,4.156,-0.0,0.9971833333333332
10408.678,4.152,-0.0,0.9971833333333332
10409.679,4.16,-0.0,0.9971833333333332
10410.681,4.156,-0.0,0.9971833333333332
10411.683,4.156,-0.0,0.9971833333333332
10412.685,4.156,-0.0,0.9971833333333332
10413.688,4.156,-0.0,0.9971833333333332
10414.694,4.152,-0.0,0.9971833333333332
10415.698,4.152,-0.0,0.9971833333333332
10416.7,4.156,0.0,0.9971833333333332
10417.704,4.152,-0.0,0.9971833333333332
10418.693,4.156,-0.0,0.9971833333333332
10419.694,4.156,-0.0,0.9971833333333332
10420.699,4.152,0.0,0.9971833333333332
10421.713,4.156,-0.0,0.9971833333333332
10422.701,4.156,-0.0,0.9971833333333332
10423.702,4.152,-0.001,0.9971833333333332
10424.704,4.156,-0.0,0.9971833333333332
10425.707,4.152,-0.0,0.9971833333333332
10426.722,4.156,-0.0,0.9971833333333332
10427.725,4.152,0.0,0.9971833333333332
10428.727,4.16,-0.0,0.9971833333333332
10429.727,4.156,-0.0,0.9971833333333332
10430.729,4.152,-0.0,0.9971833333333332
10431.718,4.156,-0.0,0.9971833333333332
10432.734,4.156,-0.0,0.9971833333333332
10433.722,4.16,0.0,0.9971833333333332
10434.725,4.156,0.0,0.9971833333333332
10435.741,4.156,-0.0,0.9971833333333332
10436.729,4.152,0.0,0.9971833333333332
10437.731,4.152,0.0,0.9971833333333332
10438.734,4.152,-0.0,0.9971833333333332
10439.738,4.16,-0.0,0.9971833333333332
10440.746,4.152,-0.0,0.9971833333333332
10441.75,4.16,-0.0,0.9971833333333332
10442.739,4.156,-0.0,0.9971833333333332
10443.742,4.16,-0.0,0.9971833333333332
10444.759,4.156,-0.0,0.9971833333333332
10445.76,4.156,-0.0,0.9971833333333332
10446.748,4.148,-0.0,0.9971833333333332
10447.752,4.152,-0.0,0.9971833333333332
10448.755,4.156,-0.0,0.9971833333333332
10449.759,4.156,-0.0,0.9971833333333332
10450.763,4.152,-0.0,0.9971833333333332
10451.766,4.156,-0.0,0.9971833333333332
10452.771,4.156,-0.0,0.9971833333333332
10453.773,4.156,-0.0,0.9971833333333332
10454.774,4.144,-0.0,0.9971833333333332
10455.775,4.156,0.0,0.9971833333333332
10456.771,4.152,-0.0,0.9971833333333332
10457.769,4.156,-0.0,0.9971833333333332
10458.786,4.156,0.0,0.9971833333333332
10459.787,4.152,-0.0,0.9971833333333332
10460.786,4.156,0.0,0.9971833333333332
10461.787,4.156,-0.0,0.9971833333333332
10462.793,4.152,-0.0,0.9971833333333332
10463.785,4.156,-0.0,0.9971833333333332
10464.789,4.156,-0.0,0.9971833333333332
10465.792,4.152,0.0,0.9971833333333332
10466.797,4.156,-0.0,0.9971833333333332
10467.8,4.156,-0.0,0.9971833333333332
10468.791,4.16,-0.0,0.9971833333333332
10469.797,4.156,-0.0,0.9971833333333332
10470.801,4.16,-0.0,0.9971833333333332
10471.806,4.16,0.0,0.9971833333333332
10472.808,4.156,-0.0,0.9971833333333332
10473.801,4.156,-0.0,0.9971833333333332
10474.804,4.152,-0.0,0.9971833333333332
10475.809,4.156,-0.0,0.9971833333333332
10476.81,4.152,-0.0,0.9971833333333332
10477.81,4.148,-0.0,0.9971833333333332
10478.818,4.16,-0.0,0.9971833333333332
10479.82,4.164,0.0,0.9971833333333332
10480.825,4.156,-0.0,0.9971833333333332
10481.829,4.148,-0.0,0.9971833333333332
10482.82,4.152,0.0,0.9971833333333332
10483.826,4.152,-0.0,0.9971833333333332
10484.831,4.16,-0.0,0.9971833333333332
10485.834,4.156,-0.0,0.9971833333333332
10486.838,4.152,-0.0,0.9971833333333332
10487.841,4.152,-0.0,0.9971833333333332
10488.842,4.148,-0.0,0.9971833333333332
10489.845,4.156,-0.0,0.9971833333333332
10490.849,4.152,-0.0,0.9971833333333332
10491.85,4.152,-0.0,0.9971833333333332
10492.851,4.156,-0.0,0.9971833333333332
10493.853,4.156,-0.001,0.9971833333333332
10494.857,4.152,-0.0,0.9971833333333332
10495.86,4.156,-0.0,0.9971833333333332
10496.849,4.156,-0.0,0.9971833333333332
10497.851,4.156,0.0,0.9971833333333332
10498.855,4.156,-0.0,0.9971833333333332
10499.86,4.148,-0.0,0.9971833333333332
10500.865,4.152,-0.0,0.9971833333333332
10501.87,4.152,-0.0,0.9971833333333332
10502.868,4.156,-0.0,0.9971833333333332
10503.87,4.152,-0.0,0.9971833333333332
10504.869,4.148,-0.0,0.9971833333333332
10505.871,4.156,-0.0,0.9971833333333332
10506.876,4.156,-0.0,0.9971833333333332
10507.878,4.148,-0.0,0.9971833333333332
10508.88,4.156,-0.0,0.9971833333333332
10509.887,4.152,-0.0,0.9971833333333332
10510.876,4.148,-0.0,0.9971833333333332
10511.879,4.164,-0.0,0.9971833333333332
10512.884,4.152,-0.0,0.9971833333333332
10513.888,4.152,-0.0,0.9971833333333332
10514.89,4.156,0.0,0.9971833333333332
10515.893,4.156,-0.0,0.9971833333333332
10516.897,4.152,0.0,0.9971833333333332
10517.901,4.156,-0.0,0.9971833333333332
10518.904,4.152,-0.0,0.9971833333333332
10519.896,4.156,-0.0,0.9971833333333332
10520.898,4.152,-0.0,0.9971833333333332
10521.899,4.152,-0.0,0.9971833333333332
10522.914,4.156,-0.0,0.9971833333333332
10523.91,4.148,-0.0,0.9971833333333332
10524.91,4.156,-0.0,0.9971833333333332
10525.908,4.152,0.0,0.9971833333333332
10526.911,4.152,-0.0,0.9971833333333332
10527.911,4.152,0.0,0.9971833333333332
10528.915,4.152,-0.0,0.9971833333333332
10529.913,4.152,-0.0,0.9971833333333332
10530.917,4.152,0.0,0.9971833333333332
10531.919,4.148,0.0,0.9971833333333332
10532.921,4.152,-0.0,0.9971833333333332
10533.922,4.156,-0.0,0.9971833333333332
10534.937,4.156,-0.0,0.9971833333333332
10535.926,4.148,-0.0,0.9971833333333332
10536.928,4.152,0.0,0.9971833333333332
10537.929,4.148,0.0,0.9971833333333332
10538.931,4.148,-0.0,0.9971833333333332
10539.934,4.148,0.0,0.9971833333333332
10540.949,4.16,-0.0,0.9971833333333332
10541.937,4.152,-0.0,0.9971833333333332
10542.946,4.16,-0.0,0.9971833333333332
10543.952,4.156,-0.0,0.9971833333333332
10544.943,4.152,-0.0,0.9971833333333332
10545.952,4.148,-0.0,0.9971833333333332
10546.958,4.156,-0.0,0.9971833333333332
10547.951,4.156,-0.0,0.9971833333333332
10548.959,4.152,-0.0,0.9971833333333332
10549.966,4.156,-0.0,0.9971833333333332
10550.955,4.16,-0.0,0.9971833333333332
10551.966,4.156,-0.0,0.9971833333333332
10552.971,4.156,-0.0,0.9971833333333332
10553.965,4.152,-0.0,0.9971833333333332
10554.975,4.156,0.0,0.9971833333333332
10555.966,4.156,-0.0,0.9971833333333332
10556.974,4.156,-0.0,0.9971833333333332
10557.978,4.156,0.0,0.9971833333333332
10558.972,4.152,-0.0,0.9971833333333332
10559.975,4.152,0.0,0.9971833333333332
10560.983,4.152,0.0,0.9971833333333332
10561.99,4.156,-0.0,0.9971833333333332
10562.982,4.148,-0.0,0.9971833333333332
10563.986,4.148,0.0,0.9971833333333332
10564.983,4.156,-0.0,0.9971833333333332
10565.997,4.156,-0.0,0.9971833333333332
10567.001,4.152,-0.0,0.9971833333333332
10567.993,4.148,0.0,0.9971833333333332
10569.001,4.152,-0.0,0.9971833333333332
10569.994,4.156,-0.0,0.9971833333333332
10570.997,4.156,0.0,0.9971833333333332
10572.001,4.16,-0.0,0.9971833333333332
10573.007,4.156,-0.0,0.9971833333333332
10574.015,4.152,0.0,0.9971833333333332
10575.007,4.152,-0.0,0.9971833333333332
10576.01,4.152,-0.0,0.9971833333333332
10577.02,4.156,0.0,0.9971833333333332
10578.013,4.152,-0.0,0.9971833333333332
10579.018,4.156,-0.0,0.9971833333333332
10580.012,4.152,-0.0,0.9971833333333332
10581.022,4.16,0.0,0.9971833333333332
10582.03,4.152,-0.0,0.9971833333333332
10583.021,4.152,-0.0,0.9971833333333332
10584.026,4.148,-0.0,0.9971833333333332
10585.032,4.152,-0.0,0.9971833333333332
10586.025,4.152,0.0,0.9971833333333332
10587.032,4.148,-0.0,0.9971833333333332
10588.037,4.148,0.0,0.9971833333333332
10589.045,4.156,-0.0,0.9971833333333332
10590.032,4.156,-0.0,0.9971833333333332
10591.048,4.148,-0.0,0.9971833333333332
10592.05,4.152,-0.0,0.9971833333333332
10593.051,4.152,-0.0,0.9971833333333332
10594.051,4.152,0.0,0.9971833333333332
10595.057,4.148,-0.0,0.9971833333333332
10596.05,4.152,0.0,0.9971833333333332
10597.055,4.156,-0.0,0.9971833333333332
10598.06,4.152,0.0,0.9971833333333332
10599.05,4.156,-0.0,0.9971833333333332
10600.062,4.152,0.0,0.9971833333333332
10601.067,4.156,0.0,0.9971833333333332
10602.06,4.156,-0.0,0.9971833333333332
10603.071,4.156,-0.0,0.9971833333333332
10604.062,4.148,0.0,0.9971833333333332
10605.073,4.156,0.0,0.9971833333333332
10606.078,4.152,-0.0,0.9971833333333332
10607.07,4.148,0.0,0.9971833333333332
10608.078,4.152,-0.0,0.9971833333333332
10609.07,4.156,-0.0,0.9971833333333332
10610.077,4.156,-0.0,0.9971833333333332
10611.085,4.152,-0.0,0.9971833333333332
10612.077,4.152,-0.0,0.9971833333333332
10613.082,4.152,-0.0,0.9971833333333332
10614.093,4.148,-0.0,0.9971833333333332
10615.086,4.152,0.0,0.9971833333333332
10616.093,4.152,0.0,0.9971833333333332
10617.096,4.144,-0.0,0.9971833333333332
10618.09,4.156,-0.0,0.9971833333333332
10619.1,4.152,-0.0,0.9971833333333332
10620.106,4.152,-0.0,0.9971833333333332
10621.099,4.156,-0.0,0.9971833333333332
10622.108,4.156,0.0,0.9971833333333332
10623.1,4.152,-0.0,0.9971833333333332
10624.101,4.152,-0.0,0.9971833333333332
10625.104,4.156,-0.0,0.9971833333333332
10626.105,4.156,-0.0,0.9971833333333332
10627.108,4.152,-0.0,0.9971833333333332
10628.109,4.156,-0.0,0.9971833333333332
10629.111,4.152,-0.0,0.9971833333333332
10630.119,4.148,-0.0,0.9971833333333332
10631.121,4.152,-0.0,0.9971833333333332
10632.123,4.152,-0.0,0.9971833333333332
10633.124,4.148,0.0,0.9971833333333332
10634.127,4.152,-0.0,0.9971833333333332
10635.132,4.152,0.0,0.9971833333333332
10636.134,4.152,-0.0,0.9971833333333332
10637.135,4.148,-0.0,0.9971833333333332
10638.139,4.152,-0.0,0.9971833333333332
10639.142,4.152,-0.0,0.9971833333333332
10640.145,4.152,-0.0,0.9971833333333332
10641.146,4.152,-0.0,0.9971833333333332
10642.146,4.148,-0.0,0.9971833333333332
10643.143,4.148,-0.0,0.9971833333333332
10644.149,4.156,-0.0,0.9971833333333332
10645.147,4.152,-0.0,0.9971833333333332
10646.151,4.152,-0.0,0.9971833333333332
10647.153,4.148,-0.0,0.9971833333333332
10648.155,4.152,-0.0,0.9971833333333332
10649.161,4.152,0.0,0.9971833333333332
10650.165,4.148,0.0,0.9971833333333332
10651.165,4.152,-0.0,0.9971833333333332
10652.169,4.148,-0.0,0.9971833333333332
10653.157,4.156,-0.0,0.9971833333333332
10654.173,4.144,-0.0,0.9971833333333332
10655.172,4.148,-0.0,0.9971833333333332
10656.172,4.152,0.0,0.9971833333333332
10657.173,4.148,-0.0,0.9971833333333332
10658.171,4.152,-0.0,0.9971833333333332
10659.172,4.152,-0.0,0.9971833333333332
10660.181,4.148,-0.0,0.9971833333333332
10661.187,4.16,-0.0,0.9971833333333332
10662.177,4.152,-0.0,0.9971833333333332
10663.185,4.152,0.0,0.9971833333333332
10664.192,4.156,-0.0,0.9971833333333332
10665.185,4.148,-0.0,0.9971833333333332
10666.187,4.152,-0.0,0.9971833333333332
10667.188,4.148,-0.0,0.9971833333333332
10668.191,4.144,-0.0,0.9971833333333332
10669.194,4.148,-0.0,0.9971833333333332
10670.194,4.148,-0.0,0.9971833333333332
10671.196,4.156,-0.0,0.9971833333333332
10672.202,4.152,-0.0,0.9971833333333332
10673.207,4.16,-0.0,0.9971833333333332
10674.207,4.156,0.0,0.9971833333333332
10675.208,4.156,0.0,0.9971833333333332
10676.212,4.152,-0.0,0.9971833333333332
10677.214,4.148,-0.0,0.9971833333333332
10678.213,4.152,-0.0,0.9971833333333332
10679.214,4.152,-0.0,0.9971833333333332
10680.217,4.152,-0.0,0.9971833333333332
10681.219,4.156,-0.0,0.9971833333333332
10682.222,4.156,0.0,0.9971833333333332
10683.222,4.152,0.0,0.9971833333333332
10684.227,4.156,-0.0,0.9971833333333332
10685.229,4.156,-0.0,0.9971833333333332
10686.23,4.156,0.0,0.9971833333333332
10687.23,4.156,0.0,0.9971833333333332
10688.233,4.144,0.0,0.9971833333333332
10689.235,4.152,0.0,0.9971833333333332
10690.237,4.152,-0.0,0.9971833333333332
10691.243,4.148,0.0,0.9971833333333332
10692.246,4.148,-0.0,0.9971833333333332
10693.247,4.156,-0.0,0.9971833333333332
10694.239,4.152,-0.0,0.9971833333333332
10695.256,4.152,-0.0,0.9971833333333332
10696.257,4.152,-0.0,0.9971833333333332
10697.246,4.152,-0.0,0.9971833333333332
10698.263,4.156,-0.0,0.9971833333333332
10699.251,4.152,-0.0,0.9971833333333332
10700.255,4.152,0.0,0.9971833333333332
10701.258,4.148,0.0,0.9971833333333332
10702.262,4.152,-0.0,0.9971833333333332
10703.264,4.152,-0.0,0.9971833333333332
10704.269,4.148,-0.0,0.9971833333333332
10705.272,4.152,-0.0,0.9971833333333332
10706.274,4.152,-0.001,0.9971833333333332
10707.278,4.152,0.0,0.9971833333333332
10708.28,4.152,-0.0,0.9971833333333332
10709.283,4.152,-0.0,0.9971833333333332
10710.271,4.156,-0.0,0.9971833333333332
10711.274,4.148,-0.0,0.9971833333333332
10712.278,4.148,0.0,0.9971833333333332
10713.283,4.156,-0.0,0.9971833333333332
10714.29,4.148,-0.0,0.9971833333333332
10715.282,4.152,-0.0,0.9971833333333332
10716.291,4.152,-0.0,0.9971833333333332
10717.285,4.156,-0.0,0.9971833333333332
10718.292,4.148,-0.0,0.9971833333333332
10719.3,4.156,-0.0,0.9971833333333332
10720.293,4.148,0.0,0.9971833333333332
10721.3,4.156,-0.0,0.9971833333333332
10722.296,4.152,0.0,0.9971833333333332
10723.304,4.152,-0.0,0.9971833333333332
10724.303,4.156,-0.0,0.9971833333333332
10725.306,4.156,0.0,0.9971833333333332
10726.309,4.148,-0.0,0.9971833333333332
10727.308,4.148,-0.0,0.9971833333333332
10728.321,4.152,-0.0,0.9971833333333332
10729.311,4.156,-0.0,0.9971833333333332
10730.316,4.144,-0.001,0.9971833333333332
10731.323,4.152,0.0,0.9971833333333332
10732.329,4.148,-0.0,0.9971833333333332
10733.32,4.156,-0.0,0.9971833333333332
10734.328,4.152,-0.0,0.9971833333333332
10735.329,4.156,-0.0,0.9971833333333332
10736.323,4.156,-0.0,0.9971833333333332
10737.325,4.156,-0.0,0.9971833333333332
10738.331,4.152,-0.0,0.9971833333333332
10739.333,4.152,-0.0,0.9971833333333332
10740.334,4.148,0.0,0.9971833333333332
10741.336,4.148,-0.0,0.9971833333333332
10742.339,4.152,-0.0,0.9971833333333332
10743.34,4.152,-0.0,0.9971833333333332
10744.341,4.152,-0.0,0.9971833333333332
10745.35,4.152,-0.0,0.9971833333333332
10746.353,4.148,-0.0,0.9971833333333332
10747.355,4.148,-0.0,0.9971833333333332
10748.36,4.148,0.0,0.9971833333333332
10749.348,4.204,-0.0,0.9971833333333332
10750.352,3.916,0.0,0.9971833333333332
10751.354,4.068,0.0,0.9971833333333332
10752.359,4.128,0.0,0.9971833333333332
10753.361,3.928,-0.0,0.9971833333333332
10754.367,4.164,0.0,0.9971833333333332
10755.37,3.736,-0.0,0.9971833333333332
10756.362,4.212,-0.0,0.9971833333333332
10757.367,3.908,-0.0,0.9971833333333332
10758.374,4.208,-0.0,0.9971833333333332
10759.378,4.076,0.0,0.9971833333333332
10760.374,3.924,-0.0,0.9971833333333332
